tipolista,dataimportazione,dataaggiornamento,nomefile,lunghezzafile,errore,md5file,aggiornamenti,numerosoggetti
au,2026-01-01 06:00:03.29+00,2025-12-17 23:00:00+00,au.xlsx,1278152,f,,N,-1
sdn,2026-01-01 06:00:32.293+00,2025-12-30 23:00:00+00,ofac_sdn.xml,27816825,f,,N,-1
ch,2026-01-01 06:00:47.874+00,2025-12-12 23:00:00+00,ch.xml,36625908,f,,N,-1
nsdn,2026-01-01 06:01:17.368+00,2025-12-17 23:00:00+00,ofac_non_sdn.xml,978402,f,,N,-1
aq,2026-01-01 06:01:20.032+00,2025-12-31 23:00:07.423+00,onu.xml,2025693,f,,N,-1
eu,2026-01-01 06:01:22.672+00,2025-12-18 23:00:00+00,euea.xml,24072444,f,,N,-1
uk,2026-01-01 06:01:29.874+00,2025-12-18 23:00:00+00,uk.xml,19515706,f,,N,-1
ca,2026-01-01 06:01:34.017+00,2026-01-01 06:01:37.686+00,ca.xml,1672024,f,,N,-1
au,2026-01-01 20:00:03.647+00,2025-12-17 23:00:00+00,au.xlsx,1278152,f,,N,-1
sdn,2026-01-01 20:00:18.639+00,2025-12-30 23:00:00+00,ofac_sdn.xml,27816825,f,,N,-1
ch,2026-01-01 20:00:32.904+00,2025-12-12 23:00:00+00,ch.xml,36625908,f,,N,-1
nsdn,2026-01-01 20:00:53.459+00,2025-12-17 23:00:00+00,ofac_non_sdn.xml,978402,f,,N,-1
aq,2026-01-01 20:00:56.006+00,2025-12-31 23:00:07.423+00,onu.xml,2025693,f,,N,-1
eu,2026-01-01 20:00:59.538+00,2025-12-18 23:00:00+00,euea.xml,24072444,f,,N,-1
uk,2026-01-01 20:01:09.181+00,2025-12-18 23:00:00+00,uk.xml,19515706,f,,N,-1
ca,2026-01-01 20:01:15.268+00,2026-01-01 20:01:18.893+00,ca.xml,1672024,f,,N,-1
au,2026-01-02 06:00:06.617+00,2025-12-17 23:00:00+00,au.xlsx,1278152,f,,N,-1
sdn,2026-01-02 06:00:24.037+00,2025-12-30 23:00:00+00,ofac_sdn.xml,27816825,f,,N,-1
ch,2026-01-02 06:00:49.524+00,2025-12-12 23:00:00+00,ch.xml,36625908,f,,N,-1
nsdn,2026-01-02 06:01:03.585+00,2025-12-17 23:00:00+00,ofac_non_sdn.xml,978402,f,,N,-1
aq,2026-01-02 06:01:06.433+00,2026-01-01 23:00:07.409+00,onu.xml,2025693,f,,N,-1
eu,2026-01-02 06:01:10.236+00,2025-12-18 23:00:00+00,euea.xml,24072444,f,,N,-1
uk,2026-01-02 06:01:25.027+00,2025-12-18 23:00:00+00,uk.xml,19515706,f,,N,-1
ca,2026-01-02 06:01:28.881+00,2026-01-02 06:01:32.507+00,ca.xml,1672024,f,,N,-1
au,2026-01-02 20:00:08.606+00,2025-12-17 23:00:00+00,au.xlsx,1278152,f,,N,-1
sdn,2026-01-02 20:00:28.751+00,2026-01-01 23:00:00+00,ofac_sdn.xml,27817004,f,,N,-1
ch,2026-01-02 20:00:49.203+00,2025-12-12 23:00:00+00,ch.xml,36625908,f,,N,-1
nsdn,2026-01-02 20:01:04.278+00,2025-12-17 23:00:00+00,ofac_non_sdn.xml,978402,f,,N,-1
aq,2026-01-02 20:01:07.058+00,2026-01-01 23:00:07.409+00,onu.xml,2025693,f,,N,-1
eu,2026-01-02 20:01:09.783+00,2025-12-18 23:00:00+00,euea.xml,24072444,f,,N,-1
uk,2026-01-02 20:01:20.139+00,2025-12-18 23:00:00+00,uk.xml,19515706,f,,N,-1
ca,2026-01-02 20:01:24.842+00,2026-01-02 20:01:28.584+00,ca.xml,1672024,f,,N,-1
au,2026-01-03 20:00:02.711+00,2025-12-17 23:00:00+00,au.xlsx,1278152,f,,N,-1
sdn,2026-01-03 20:00:21.991+00,2026-01-01 23:00:00+00,ofac_sdn.xml,27817004,f,,N,-1
ch,2026-01-03 20:00:36.565+00,2025-12-12 23:00:00+00,ch.xml,36625908,f,,N,-1
nsdn,2026-01-03 20:00:52.04+00,2025-12-17 23:00:00+00,ofac_non_sdn.xml,978402,f,,N,-1
aq,2026-01-03 20:00:54.453+00,2026-01-02 23:00:09.473+00,onu.xml,2025693,f,,N,-1
eu,2026-01-03 20:00:57.084+00,2025-12-18 23:00:00+00,euea.xml,24072444,f,,N,-1
uk,2026-01-03 20:01:04.492+00,2025-12-18 23:00:00+00,uk.xml,19515706,f,,N,-1
ca,2026-01-03 20:01:08.34+00,2026-01-03 20:01:13.228+00,ca.xml,1672024,f,,N,-1
au,2026-01-04 06:00:03.319+00,2025-12-17 23:00:00+00,au.xlsx,1278152,f,,N,-1
sdn,2026-01-04 06:00:24.161+00,2026-01-01 23:00:00+00,ofac_sdn.xml,27817004,f,,N,-1
ch,2026-01-04 06:00:40.124+00,2025-12-12 23:00:00+00,ch.xml,36625908,f,,N,-1
nsdn,2026-01-04 06:01:09.282+00,2025-12-17 23:00:00+00,ofac_non_sdn.xml,978402,f,,N,-1
aq,2026-01-04 06:01:11.822+00,2026-01-03 23:00:11.87+00,onu.xml,2025693,f,,N,-1
eu,2026-01-04 06:01:14.309+00,2025-12-18 23:00:00+00,euea.xml,24072444,f,,N,-1
uk,2026-01-04 06:01:21.906+00,2025-12-18 23:00:00+00,uk.xml,19515706,f,,N,-1
ca,2026-01-04 06:01:25.703+00,2026-01-04 06:01:29.342+00,ca.xml,1672024,f,,N,-1
au,2026-01-05 06:00:06.652+00,2025-12-17 23:00:00+00,au.xlsx,1278152,f,,N,-1
sdn,2026-01-05 06:00:24.454+00,2026-01-01 23:00:00+00,ofac_sdn.xml,27817004,f,,N,-1
ch,2026-01-05 06:00:39.124+00,2025-12-12 23:00:00+00,ch.xml,36625908,f,,N,-1
nsdn,2026-01-05 06:01:04.193+00,2025-12-17 23:00:00+00,ofac_non_sdn.xml,978402,f,,N,-1
aq,2026-01-05 06:01:06.82+00,2026-01-03 23:00:11.87+00,onu.xml,2025693,f,,N,-1
eu,2026-01-05 06:01:09.284+00,2025-12-18 23:00:00+00,euea.xml,24072444,f,,N,-1
uk,2026-01-05 06:01:18.28+00,2025-12-18 23:00:00+00,uk.xml,19515706,f,,N,-1
ca,2026-01-05 06:01:22.265+00,2026-01-05 06:01:26.025+00,ca.xml,1672024,f,,N,-1
au,2026-01-05 20:00:00.814+00,2025-12-17 23:00:00+00,au.xlsx,1278152,f,,N,-1
sdn,2026-01-05 20:00:22.972+00,2026-01-01 23:00:00+00,ofac_sdn.xml,27817004,f,,N,-1
ch,2026-01-05 20:00:46.646+00,2025-12-12 23:00:00+00,ch.xml,36625908,f,,N,-1
nsdn,2026-01-05 20:00:59.049+00,2025-12-17 23:00:00+00,ofac_non_sdn.xml,978402,f,,N,-1
aq,2026-01-05 20:01:01.725+00,2026-01-03 23:00:11.87+00,onu.xml,2025693,f,,N,-1
eu,2026-01-05 20:01:04.408+00,2025-12-18 23:00:00+00,euea.xml,24072444,f,,N,-1
uk,2026-01-05 20:01:14.003+00,2025-12-18 23:00:00+00,uk.xml,19515706,f,,N,-1
ca,2026-01-05 20:01:19.884+00,2026-01-05 20:01:23.666+00,ca.xml,1672024,f,,N,-1
au,2026-01-06 06:00:06.533+00,2025-12-17 23:00:00+00,au.xlsx,1278152,f,,N,-1
sdn,2026-01-06 06:00:34.359+00,2026-01-01 23:00:00+00,ofac_sdn.xml,27817004,f,,N,-1
ch,2026-01-06 06:00:48.433+00,2025-12-12 23:00:00+00,ch.xml,36625908,f,,N,-1
nsdn,2026-01-06 06:01:18.858+00,2025-12-17 23:00:00+00,ofac_non_sdn.xml,978402,f,,N,-1
aq,2026-01-06 06:01:21.486+00,2026-01-05 23:00:09.202+00,onu.xml,2025693,f,,N,-1
eu,2026-01-06 06:01:23.965+00,2025-12-18 23:00:00+00,euea.xml,24072444,f,,N,-1
uk,2026-01-06 06:01:33.458+00,2025-12-18 23:00:00+00,uk.xml,19515706,f,,N,-1
ca,2026-01-06 06:01:37.381+00,2026-01-06 06:01:41.097+00,ca.xml,1672024,f,,N,-1
au,2026-01-06 20:00:08.763+00,2025-12-17 23:00:00+00,au.xlsx,1278152,f,,N,-1
sdn,2026-01-06 20:00:26.083+00,2026-01-01 23:00:00+00,ofac_sdn.xml,27817004,f,,N,-1
ch,2026-01-06 20:00:41.03+00,2025-12-12 23:00:00+00,ch.xml,36625908,f,,N,-1
nsdn,2026-01-06 20:00:56.82+00,2025-12-17 23:00:00+00,ofac_non_sdn.xml,978402,f,,N,-1
aq,2026-01-06 20:00:59.454+00,2026-01-05 23:00:09.202+00,onu.xml,2025693,f,,N,-1
eu,2026-01-06 20:01:01.88+00,2025-12-18 23:00:00+00,euea.xml,24072444,f,,N,-1
uk,2026-01-06 20:01:09.108+00,2025-12-18 23:00:00+00,uk.xml,19515706,f,,N,-1
ca,2026-01-06 20:01:13.112+00,2026-01-06 20:01:16.847+00,ca.xml,1672024,f,,N,-1
au,2026-01-07 06:00:06.05+00,2025-12-17 23:00:00+00,au.xlsx,1278152,f,,N,-1
sdn,2026-01-07 06:00:20.404+00,2026-01-01 23:00:00+00,ofac_sdn.xml,27817004,f,,N,-1
ch,2026-01-07 06:00:35.396+00,2025-12-12 23:00:00+00,ch.xml,36625908,f,,N,-1
nsdn,2026-01-07 06:01:04.767+00,2025-12-17 23:00:00+00,ofac_non_sdn.xml,978402,f,,N,-1
aq,2026-01-07 06:01:07.344+00,2026-01-06 23:00:09.162+00,onu.xml,2025693,f,,N,-1
eu,2026-01-07 06:01:10.981+00,2025-12-18 23:00:00+00,euea.xml,24072444,f,,N,-1
uk,2026-01-07 06:01:19.237+00,2025-12-18 23:00:00+00,uk.xml,19515706,f,,N,-1
ca,2026-01-07 06:01:23.28+00,2026-01-07 06:01:26.927+00,ca.xml,1672024,f,,N,-1
au,2026-01-07 15:18:29.884+00,2025-12-17 23:00:00+00,au.xlsx,1278152,f,,N,-1
sdn,2026-01-07 15:18:46.98+00,2026-01-01 23:00:00+00,ofac_sdn.xml,27817004,f,,N,-1
ch,2026-01-07 15:19:00.956+00,2025-12-12 23:00:00+00,ch.xml,36625908,f,,N,-1
nsdn,2026-01-07 15:19:10.328+00,2025-12-17 23:00:00+00,ofac_non_sdn.xml,978402,f,,N,-1
aq,2026-01-07 15:19:12.779+00,2026-01-06 23:00:09.162+00,onu.xml,2025693,f,,N,-1
eu,2026-01-07 15:19:15.333+00,2025-12-18 23:00:00+00,euea.xml,24072444,f,,N,-1
uk,2026-01-07 15:19:24.141+00,2025-12-18 23:00:00+00,uk.xml,19515706,f,,N,-1
ca,2026-01-07 15:19:28.096+00,2026-01-07 15:19:31.865+00,ca.xml,1672024,f,,N,-1
au,2026-01-07 15:21:13.053+00,2025-12-17 23:00:00+00,au.xlsx,1278152,f,,N,-1
sdn,2026-01-07 15:21:29.678+00,2026-01-01 23:00:00+00,ofac_sdn.xml,27817004,f,,N,-1
ch,2026-01-07 15:21:44.974+00,2025-12-12 23:00:00+00,ch.xml,36625908,f,,N,-1
nsdn,2026-01-07 15:21:58.056+00,2025-12-17 23:00:00+00,ofac_non_sdn.xml,978402,f,,N,-1
aq,2026-01-07 15:22:00.571+00,2026-01-06 23:00:09.162+00,onu.xml,2025693,f,,N,-1
eu,2026-01-07 15:22:02.99+00,2025-12-18 23:00:00+00,euea.xml,24072444,f,,N,-1
uk,2026-01-07 15:22:13.355+00,2025-12-18 23:00:00+00,uk.xml,19515706,f,,N,-1
ca,2026-01-07 15:22:17.025+00,2026-01-07 15:22:20.343+00,ca.xml,1672024,f,,N,-1
us,2026-01-07 15:22:22.906+00,2026-01-07 15:22:22.906+00,cuba.xml,262316,f,,N,-1
au,2026-01-07 20:00:09.168+00,2025-12-17 23:00:00+00,au.xlsx,1278152,f,,N,-1
sdn,2026-01-07 20:00:27.294+00,2026-01-01 23:00:00+00,ofac_sdn.xml,27817004,f,,N,-1
ch,2026-01-07 20:01:21.942+00,2025-12-12 23:00:00+00,ch.xml,36625908,f,,N,-1
nsdn,2026-01-07 20:01:33.463+00,2025-12-17 23:00:00+00,ofac_non_sdn.xml,978402,f,,N,-1
aq,2026-01-07 20:01:36.35+00,2026-01-06 23:00:09.162+00,onu.xml,2025693,f,,N,-1
eu,2026-01-07 20:01:38.836+00,2025-12-18 23:00:00+00,euea.xml,24072444,f,,N,-1
uk,2026-01-07 20:01:47.257+00,2025-12-18 23:00:00+00,uk.xml,19515706,f,,N,-1
ca,2026-01-07 20:01:51.152+00,2026-01-07 20:01:54.886+00,ca.xml,1672024,f,,N,-1
us,2026-01-07 20:01:57.329+00,2026-01-07 20:01:57.33+00,cuba.xml,262316,f,,N,-1
au,2026-01-08 06:00:08.42+00,2025-12-17 23:00:00+00,au.xlsx,1278152,f,,N,-1
sdn,2026-01-08 06:00:32.656+00,2026-01-01 23:00:00+00,ofac_sdn.xml,27817004,f,,N,-1
ch,2026-01-08 06:00:46.337+00,2025-12-12 23:00:00+00,ch.xml,36625908,f,,N,-1
nsdn,2026-01-08 06:01:17.713+00,2025-12-17 23:00:00+00,ofac_non_sdn.xml,978402,f,,N,-1
aq,2026-01-08 06:01:20.58+00,2026-01-07 23:00:07.786+00,onu.xml,2025693,f,,N,-1
eu,2026-01-08 06:01:26.736+00,2025-12-18 23:00:00+00,euea.xml,24072444,f,,N,-1
uk,2026-01-08 06:01:36.308+00,2025-12-18 23:00:00+00,uk.xml,19515706,f,,N,-1
ca,2026-01-08 06:01:40.161+00,2026-01-08 06:01:43.914+00,ca.xml,1672024,f,,N,-1
us,2026-01-08 06:01:46.322+00,2026-01-08 06:01:46.323+00,cuba.xml,262316,f,,N,-1
au,2026-01-08 20:00:03.425+00,2025-12-17 23:00:00+00,au.xlsx,1278152,f,,N,-1
sdn,2026-01-08 20:00:19.088+00,2026-01-07 23:00:00+00,ofac_sdn.xml,27814473,f,,N,-1
ch,2026-01-08 20:00:37.356+00,2025-12-12 23:00:00+00,ch.xml,36625908,f,,N,-1
nsdn,2026-01-08 20:00:51.769+00,2026-01-07 23:00:00+00,ofac_non_sdn.xml,978210,f,,N,-1
aq,2026-01-08 20:00:54.473+00,2026-01-07 23:00:07.786+00,onu.xml,2025693,f,,N,-1
eu,2026-01-08 20:00:57.472+00,2025-12-18 23:00:00+00,euea.xml,24072444,f,,N,-1
uk,2026-01-08 20:01:06.818+00,2025-12-18 23:00:00+00,uk.xml,19515706,f,,N,-1
ca,2026-01-08 20:01:11.06+00,2026-01-08 20:01:14.902+00,ca.xml,1672024,f,,N,-1
us,2026-01-08 20:01:17.425+00,2026-01-08 20:01:17.426+00,cuba.xml,262316,f,,N,-1
au,2026-01-09 06:00:05.338+00,2025-12-17 23:00:00+00,au.xlsx,1278152,f,,N,-1
sdn,2026-01-09 06:00:20.766+00,2026-01-07 23:00:00+00,ofac_sdn.xml,27814473,f,,N,-1
ch,2026-01-09 06:00:35.604+00,2025-12-12 23:00:00+00,ch.xml,36625908,f,,N,-1
nsdn,2026-01-09 06:00:56.692+00,2026-01-07 23:00:00+00,ofac_non_sdn.xml,978210,f,,N,-1
aq,2026-01-09 06:00:59.274+00,2026-01-08 23:00:09.869+00,onu.xml,2025693,f,,N,-1
eu,2026-01-09 06:01:01.84+00,2025-12-18 23:00:00+00,euea.xml,24072444,f,,N,-1
uk,2026-01-09 06:01:12.486+00,2025-12-18 23:00:00+00,uk.xml,19515706,f,,N,-1
ca,2026-01-09 06:01:17.135+00,2026-01-09 06:01:21.155+00,ca.xml,1672024,f,,N,-1
us,2026-01-09 06:01:23.762+00,2026-01-09 06:01:23.763+00,cuba.xml,262316,f,,N,-1
au,2026-01-09 20:00:07.637+00,2025-12-17 23:00:00+00,au.xlsx,1278152,f,,N,-1
sdn,2026-01-09 20:00:28.365+00,2026-01-07 23:00:00+00,ofac_sdn.xml,27814473,f,,N,-1
ch,2026-01-09 20:00:46.51+00,2025-12-12 23:00:00+00,ch.xml,36625908,f,,N,-1
nsdn,2026-01-09 20:00:56.731+00,2026-01-07 23:00:00+00,ofac_non_sdn.xml,978210,f,,N,-1
aq,2026-01-09 20:00:59.092+00,2026-01-08 23:00:09.869+00,onu.xml,2025693,f,,N,-1
eu,2026-01-09 20:01:01.707+00,2025-12-18 23:00:00+00,euea.xml,24072444,f,,N,-1
uk,2026-01-09 20:01:10.43+00,2025-12-18 23:00:00+00,uk.xml,19515706,f,,N,-1
ca,2026-01-09 20:01:15.337+00,2026-01-09 20:01:19.27+00,ca.xml,1672024,f,,N,-1
au,2026-01-10 06:00:08.773+00,2025-12-17 23:00:00+00,au.xlsx,1278152,f,,N,-1
sdn,2026-01-10 06:00:27.246+00,2026-01-07 23:00:00+00,ofac_sdn.xml,27814473,f,,N,-1
ch,2026-01-10 06:00:42.848+00,2025-12-12 23:00:00+00,ch.xml,36625908,f,,N,-1
nsdn,2026-01-10 06:01:05.178+00,2026-01-07 23:00:00+00,ofac_non_sdn.xml,978210,f,,N,-1
aq,2026-01-10 06:01:07.772+00,2026-01-09 23:00:08.687+00,onu.xml,2025693,f,,N,-1
eu,2026-01-10 06:01:10.347+00,2025-12-18 23:00:00+00,euea.xml,24072444,f,,N,-1
uk,2026-01-10 06:01:24.937+00,2025-12-18 23:00:00+00,uk.xml,19515706,f,,N,-1
ca,2026-01-10 06:01:29.141+00,2026-01-10 06:01:33.061+00,ca.xml,1672024,f,,N,-1
au,2026-01-10 20:00:04.052+00,2025-12-17 23:00:00+00,au.xlsx,1278152,f,,N,-1
sdn,2026-01-10 20:00:25.119+00,2026-01-07 23:00:00+00,ofac_sdn.xml,27814473,f,,N,-1
ch,2026-01-10 20:00:39.427+00,2025-12-12 23:00:00+00,ch.xml,36625908,f,,N,-1
nsdn,2026-01-10 20:00:48.686+00,2026-01-07 23:00:00+00,ofac_non_sdn.xml,978210,f,,N,-1
aq,2026-01-10 20:00:50.967+00,2026-01-09 23:00:08.687+00,onu.xml,2025693,f,,N,-1
eu,2026-01-10 20:00:53.444+00,2025-12-18 23:00:00+00,euea.xml,24072444,f,,N,-1
uk,2026-01-10 20:01:02.927+00,2025-12-18 23:00:00+00,uk.xml,19515706,f,,N,-1
ca,2026-01-10 20:01:07.054+00,2026-01-10 20:01:10.827+00,ca.xml,1672024,f,,N,-1
au,2026-01-11 06:00:08.97+00,2025-12-17 23:00:00+00,au.xlsx,1278152,f,,N,-1
sdn,2026-01-11 06:00:27.528+00,2026-01-07 23:00:00+00,ofac_sdn.xml,27814473,f,,N,-1
ch,2026-01-11 06:00:47.339+00,2025-12-12 23:00:00+00,ch.xml,36625908,f,,N,-1
nsdn,2026-01-11 06:01:20.657+00,2026-01-07 23:00:00+00,ofac_non_sdn.xml,978210,f,,N,-1
aq,2026-01-11 06:01:23.174+00,2026-01-10 23:00:03.051+00,onu.xml,2025693,f,,N,-1
eu,2026-01-11 06:01:25.556+00,2025-12-18 23:00:00+00,euea.xml,24072444,f,,N,-1
uk,2026-01-11 06:01:32.856+00,2025-12-18 23:00:00+00,uk.xml,19515706,f,,N,-1
ca,2026-01-11 06:01:37.93+00,2026-01-11 06:01:41.696+00,ca.xml,1672024,f,,N,-1
au,2026-01-11 20:00:06.524+00,2025-12-17 23:00:00+00,au.xlsx,1278152,f,,N,-1
sdn,2026-01-11 20:00:21.56+00,2026-01-07 23:00:00+00,ofac_sdn.xml,27814473,f,,N,-1
ch,2026-01-11 20:00:36.467+00,2025-12-12 23:00:00+00,ch.xml,36625908,f,,N,-1
nsdn,2026-01-11 20:00:49.264+00,2026-01-07 23:00:00+00,ofac_non_sdn.xml,978210,f,,N,-1
aq,2026-01-11 20:00:51.783+00,2026-01-10 23:00:03.051+00,onu.xml,2025693,f,,N,-1
eu,2026-01-11 20:00:54.386+00,2025-12-18 23:00:00+00,euea.xml,24072444,f,,N,-1
uk,2026-01-11 20:01:03.839+00,2025-12-18 23:00:00+00,uk.xml,19515706,f,,N,-1
ca,2026-01-11 20:01:08.965+00,2026-01-11 20:01:12.751+00,ca.xml,1672024,f,,N,-1
au,2026-01-12 06:00:10.02+00,2025-12-17 23:00:00+00,au.xlsx,1278152,f,,N,-1
sdn,2026-01-12 06:00:37.738+00,2026-01-07 23:00:00+00,ofac_sdn.xml,27814473,f,,N,-1
ch,2026-01-12 06:00:52.792+00,2025-12-12 23:00:00+00,ch.xml,36625908,f,,N,-1
nsdn,2026-01-12 06:01:23.076+00,2026-01-07 23:00:00+00,ofac_non_sdn.xml,978210,f,,N,-1
aq,2026-01-12 06:01:25.584+00,2026-01-12 02:57:02.911+00,onu.xml,2025693,f,,N,-1
eu,2026-01-12 06:01:28.216+00,2025-12-18 23:00:00+00,euea.xml,24072444,f,,N,-1
uk,2026-01-12 06:01:35.841+00,2025-12-18 23:00:00+00,uk.xml,19515706,f,,N,-1
ca,2026-01-12 06:01:39.931+00,2026-01-12 06:01:43.632+00,ca.xml,1672024,f,,N,-1
au,2026-01-13 06:00:09.841+00,2025-12-17 23:00:00+00,au.xlsx,1278152,f,,N,-1
sdn,2026-01-13 06:00:27.596+00,2026-01-07 23:00:00+00,ofac_sdn.xml,27814473,f,,N,-1
ch,2026-01-13 06:00:42.326+00,2026-01-12 23:00:00+00,ch.xml,36700178,f,,N,-1
nsdn,2026-01-13 06:01:02.728+00,2026-01-07 23:00:00+00,ofac_non_sdn.xml,978210,f,,N,-1
aq,2026-01-13 06:01:05.536+00,2026-01-12 23:00:03.871+00,onu.xml,2025693,f,,N,-1
eu,2026-01-13 06:01:09.237+00,2025-12-18 23:00:00+00,euea.xml,24072444,f,,N,-1
uk,2026-01-13 06:01:17.893+00,2025-12-18 23:00:00+00,uk.xml,19515706,f,,N,-1
ca,2026-01-13 06:01:24.574+00,2026-01-13 06:01:28.302+00,ca.xml,1672024,f,,N,-1
us,2026-01-13 06:01:30.883+00,2026-01-13 06:01:30.884+00,cuba.xml,262316,f,,N,-1
au,2026-01-13 20:00:03.422+00,2025-12-17 23:00:00+00,au.xlsx,1278152,f,,N,-1
sdn,2026-01-13 20:00:20.829+00,2026-01-12 23:00:00+00,ofac_sdn.xml,27822106,f,,N,-1
ch,2026-01-13 20:00:37.714+00,2026-01-12 23:00:00+00,ch.xml,36709182,f,,N,-1
nsdn,2026-01-13 20:00:47.042+00,2026-01-07 23:00:00+00,ofac_non_sdn.xml,978210,f,,N,-1
aq,2026-01-13 20:00:49.38+00,2026-01-12 23:00:03.871+00,onu.xml,2025693,f,,N,-1
eu,2026-01-13 20:00:51.986+00,2025-12-18 23:00:00+00,euea.xml,24072444,f,,N,-1
uk,2026-01-13 20:00:59.947+00,2025-12-18 23:00:00+00,uk.xml,19515706,f,,N,-1
ca,2026-01-13 20:01:04.426+00,2026-01-13 20:01:08.331+00,ca.xml,1672024,f,,N,-1
us,2026-01-13 20:01:11.035+00,2026-01-13 20:01:11.036+00,cuba.xml,262316,f,,N,-1
au,2026-01-14 06:00:04.081+00,2025-12-17 23:00:00+00,au.xlsx,1278152,f,,N,-1
sdn,2026-01-14 06:00:18.025+00,2026-01-12 23:00:00+00,ofac_sdn.xml,27822106,f,,N,-1
ch,2026-01-14 06:00:31.602+00,2026-01-12 23:00:00+00,ch.xml,36709182,f,,N,-1
nsdn,2026-01-14 06:01:03.814+00,2026-01-07 23:00:00+00,ofac_non_sdn.xml,978210,f,,N,-1
aq,2026-01-14 06:01:06.458+00,2026-01-13 23:00:05.196+00,onu.xml,2025693,f,,N,-1
eu,2026-01-14 06:01:09.108+00,2025-12-18 23:00:00+00,euea.xml,24072444,f,,N,-1
uk,2026-01-14 06:01:16.104+00,2025-12-18 23:00:00+00,uk.xml,19515706,f,,N,-1
ca,2026-01-14 06:01:20.349+00,2026-01-14 06:01:24.128+00,ca.xml,1672024,f,,N,-1
us,2026-01-14 06:01:26.529+00,2026-01-14 06:01:26.53+00,cuba.xml,262316,f,,N,-1
au,2026-01-14 20:00:09.893+00,2025-12-17 23:00:00+00,au.xlsx,1278152,f,,N,-1
sdn,2026-01-14 20:00:29.174+00,2026-01-12 23:00:00+00,ofac_sdn.xml,27822106,f,,N,-1
ch,2026-01-14 20:02:43.565+00,2026-01-12 23:00:00+00,ch.xml,36709182,f,,N,-1
nsdn,2026-01-14 20:02:53.87+00,2026-01-07 23:00:00+00,ofac_non_sdn.xml,978210,f,,N,-1
aq,2026-01-14 20:02:56.645+00,2026-01-13 23:00:05.196+00,onu.xml,2025693,f,,N,-1
eu,2026-01-14 20:02:59.014+00,2025-12-18 23:00:00+00,euea.xml,24072444,f,,N,-1
uk,2026-01-14 20:03:06.418+00,2025-12-18 23:00:00+00,uk.xml,19515706,f,,N,-1
ca,2026-01-14 20:03:10.854+00,2026-01-14 20:03:14.584+00,ca.xml,1672024,f,,N,-1
us,2026-01-14 20:03:16.961+00,2026-01-14 20:03:16.961+00,cuba.xml,262316,f,,N,-1
au,2026-01-15 06:00:03.398+00,2025-12-17 23:00:00+00,au.xlsx,1278152,f,,N,-1
sdn,2026-01-15 06:00:17.754+00,2026-01-12 23:00:00+00,ofac_sdn.xml,27822106,f,,N,-1
ch,2026-01-15 06:00:32.171+00,2026-01-12 23:00:00+00,ch.xml,36709182,f,,N,-1
nsdn,2026-01-15 06:01:02.904+00,2026-01-07 23:00:00+00,ofac_non_sdn.xml,978210,f,,N,-1
aq,2026-01-15 06:01:05.494+00,2026-01-14 23:00:08.04+00,onu.xml,2025693,f,,N,-1
eu,2026-01-15 06:01:08.01+00,2025-12-18 23:00:00+00,euea.xml,24072444,f,,N,-1
uk,2026-01-15 06:01:16.992+00,2025-12-18 23:00:00+00,uk.xml,19515706,f,,N,-1
ca,2026-01-15 06:01:21.077+00,2026-01-15 06:01:25.024+00,ca.xml,1672024,f,,N,-1
us,2026-01-15 06:01:27.485+00,2026-01-15 06:01:27.487+00,cuba.xml,262316,f,,N,-1
au,2026-01-15 20:00:07.314+00,2025-12-17 23:00:00+00,au.xlsx,1278152,f,,N,-1
sdn,2026-01-15 20:00:26.695+00,2026-01-14 23:00:00+00,ofac_sdn.xml,27855297,f,,N,-1
ch,2026-01-15 20:00:42.531+00,2026-01-12 23:00:00+00,ch.xml,36709182,f,,N,-1
nsdn,2026-01-15 20:00:56.874+00,2026-01-07 23:00:00+00,ofac_non_sdn.xml,978210,f,,N,-1
aq,2026-01-15 20:00:59.413+00,2026-01-14 23:00:08.04+00,onu.xml,2025693,f,,N,-1
eu,2026-01-15 20:01:01.98+00,2025-12-18 23:00:00+00,euea.xml,24072444,f,,N,-1
uk,2026-01-15 20:01:09.375+00,2025-12-18 23:00:00+00,uk.xml,19515706,f,,N,-1
ca,2026-01-15 20:01:13.539+00,2026-01-15 20:01:17.294+00,ca.xml,1672024,f,,N,-1
us,2026-01-15 20:01:20.364+00,2026-01-15 20:01:20.365+00,cuba.xml,262316,f,,N,-1
au,2026-01-16 06:00:09.632+00,2025-12-17 23:00:00+00,au.xlsx,1278152,f,,N,-1
sdn,2026-01-16 06:00:26.52+00,2026-01-14 23:00:00+00,ofac_sdn.xml,27855297,f,,N,-1
ch,2026-01-16 06:00:40.961+00,2026-01-12 23:00:00+00,ch.xml,36709182,f,,N,-1
nsdn,2026-01-16 06:01:01.29+00,2026-01-07 23:00:00+00,ofac_non_sdn.xml,978210,f,,N,-1
aq,2026-01-16 06:01:03.848+00,2026-01-15 23:00:09.156+00,onu.xml,2025693,f,,N,-1
eu,2026-01-16 06:01:06.321+00,2025-12-18 23:00:00+00,euea.xml,24072444,f,,N,-1
uk,2026-01-16 06:01:15.51+00,2025-12-18 23:00:00+00,uk.xml,19515706,f,,N,-1
ca,2026-01-16 06:01:19.868+00,2026-01-16 06:01:23.61+00,ca.xml,1672024,f,,N,-1
us,2026-01-16 06:01:26.3+00,2026-01-16 06:01:26.302+00,cuba.xml,262316,f,,N,-1
au,2026-01-16 20:00:01.06+00,2025-12-17 23:00:00+00,au.xlsx,1278152,f,,N,-1
sdn,2026-01-16 20:00:21.774+00,2026-01-15 23:00:00+00,ofac_sdn.xml,27891003,f,,N,-1
ch,2026-01-16 20:00:36.035+00,2026-01-12 23:00:00+00,ch.xml,36709182,f,,N,-1
nsdn,2026-01-16 20:00:50.269+00,2026-01-07 23:00:00+00,ofac_non_sdn.xml,978210,f,,N,-1
aq,2026-01-16 20:00:52.857+00,2026-01-15 23:00:09.156+00,onu.xml,2025693,f,,N,-1
eu,2026-01-16 20:00:55.329+00,2025-12-18 23:00:00+00,euea.xml,24072444,f,,N,-1
uk,2026-01-16 20:01:04.328+00,2026-01-15 23:00:00+00,uk.xml,19516462,f,,N,-1
ca,2026-01-16 20:01:08.653+00,2026-01-16 20:01:12.488+00,ca.xml,1672024,f,,N,-1
us,2026-01-16 20:01:15.239+00,2026-01-16 20:01:15.239+00,cuba.xml,262316,f,,N,-1
au,2026-01-17 06:00:04.796+00,2025-12-17 23:00:00+00,au.xlsx,1278152,f,,N,-1
sdn,2026-01-17 06:00:19.86+00,2026-01-15 23:00:00+00,ofac_sdn.xml,27891003,f,,N,-1
ch,2026-01-17 06:00:34.03+00,2026-01-12 23:00:00+00,ch.xml,36709182,f,,N,-1
nsdn,2026-01-17 06:00:57.01+00,2026-01-07 23:00:00+00,ofac_non_sdn.xml,978210,f,,N,-1
aq,2026-01-17 06:01:00.882+00,2026-01-16 23:00:03.331+00,onu.xml,2025693,f,,N,-1
eu,2026-01-17 06:01:03.44+00,2025-12-18 23:00:00+00,euea.xml,24072444,f,,N,-1
uk,2026-01-17 06:01:12.227+00,2026-01-15 23:00:00+00,uk.xml,19516462,f,,N,-1
ca,2026-01-17 06:01:16.014+00,2026-01-17 06:01:20.067+00,ca.xml,1672024,f,,N,-1
us,2026-01-17 06:01:22.631+00,2026-01-17 06:01:22.632+00,cuba.xml,262316,f,,N,-1
au,2026-01-17 20:00:00.321+00,2025-12-17 23:00:00+00,au.xlsx,1278152,f,,N,-1
sdn,2026-01-17 20:00:16.77+00,2026-01-15 23:00:00+00,ofac_sdn.xml,27891003,f,,N,-1
ch,2026-01-17 20:00:30.367+00,2026-01-12 23:00:00+00,ch.xml,36709182,f,,N,-1
nsdn,2026-01-17 20:00:38.509+00,2026-01-07 23:00:00+00,ofac_non_sdn.xml,978210,f,,N,-1
aq,2026-01-17 20:00:40.818+00,2026-01-16 23:00:03.331+00,onu.xml,2025693,f,,N,-1
eu,2026-01-17 20:00:44.084+00,2025-12-18 23:00:00+00,euea.xml,24072444,f,,N,-1
uk,2026-01-17 20:00:51.478+00,2026-01-15 23:00:00+00,uk.xml,19516462,f,,N,-1
ca,2026-01-17 20:00:55.513+00,2026-01-17 20:00:59.199+00,ca.xml,1672024,f,,N,-1
us,2026-01-17 20:01:02.16+00,2026-01-17 20:01:02.161+00,cuba.xml,262316,f,,N,-1
au,2026-01-18 06:00:08.676+00,2025-12-17 23:00:00+00,au.xlsx,1278152,f,,N,-1
sdn,2026-01-18 06:00:25.89+00,2026-01-15 23:00:00+00,ofac_sdn.xml,27891003,f,,N,-1
ch,2026-01-18 06:00:42.204+00,2026-01-12 23:00:00+00,ch.xml,36709182,f,,N,-1
nsdn,2026-01-18 06:01:10.627+00,2026-01-07 23:00:00+00,ofac_non_sdn.xml,978210,f,,N,-1
aq,2026-01-18 06:01:13.227+00,2026-01-17 23:00:06.73+00,onu.xml,2025693,f,,N,-1
eu,2026-01-18 06:01:15.693+00,2025-12-18 23:00:00+00,euea.xml,24072444,f,,N,-1
uk,2026-01-18 06:01:24.137+00,2026-01-15 23:00:00+00,uk.xml,19516462,f,,N,-1
ca,2026-01-18 06:01:27.625+00,2026-01-18 06:01:31.334+00,ca.xml,1672024,f,,N,-1
us,2026-01-18 06:01:33.821+00,2026-01-18 06:01:33.822+00,cuba.xml,262316,f,,N,-1
au,2026-01-18 20:00:08.206+00,2025-12-17 23:00:00+00,au.xlsx,1278152,f,,N,-1
sdn,2026-01-18 20:00:24.035+00,2026-01-15 23:00:00+00,ofac_sdn.xml,27891003,f,,N,-1
ch,2026-01-18 20:00:40.058+00,2026-01-12 23:00:00+00,ch.xml,36709182,f,,N,-1
nsdn,2026-01-18 20:00:49.499+00,2026-01-07 23:00:00+00,ofac_non_sdn.xml,978210,f,,N,-1
aq,2026-01-18 20:00:52.326+00,2026-01-17 23:00:06.73+00,onu.xml,2025693,f,,N,-1
eu,2026-01-18 20:00:54.629+00,2025-12-18 23:00:00+00,euea.xml,24072444,f,,N,-1
uk,2026-01-18 20:01:04.289+00,2026-01-15 23:00:00+00,uk.xml,19516462,f,,N,-1
ca,2026-01-18 20:01:08.004+00,2026-01-18 20:01:11.69+00,ca.xml,1672024,f,,N,-1
us,2026-01-18 20:01:14.218+00,2026-01-18 20:01:14.219+00,cuba.xml,262316,f,,N,-1
au,2026-01-19 06:00:03.531+00,2025-12-17 23:00:00+00,au.xlsx,1278152,f,,N,-1
sdn,2026-01-19 06:00:21.228+00,2026-01-15 23:00:00+00,ofac_sdn.xml,27891003,f,,N,-1
ch,2026-01-19 06:00:36.102+00,2026-01-12 23:00:00+00,ch.xml,36709182,f,,N,-1
nsdn,2026-01-19 06:00:52.952+00,2026-01-07 23:00:00+00,ofac_non_sdn.xml,978210,f,,N,-1
aq,2026-01-19 06:00:55.604+00,2026-01-17 23:00:06.73+00,onu.xml,2025693,f,,N,-1
eu,2026-01-19 06:00:57.975+00,2025-12-18 23:00:00+00,euea.xml,24072444,f,,N,-1
uk,2026-01-19 06:01:05.459+00,2026-01-15 23:00:00+00,uk.xml,19516462,f,,N,-1
ca,2026-01-19 06:01:10.238+00,2026-01-19 06:01:14.639+00,ca.xml,1672024,f,,N,-1
us,2026-01-19 06:01:17.246+00,2026-01-19 06:01:17.247+00,cuba.xml,262316,f,,N,-1
au,2026-01-19 20:00:08.57+00,2025-12-17 23:00:00+00,au.xlsx,1278152,f,,N,-1
sdn,2026-01-19 20:00:25.614+00,2026-01-15 23:00:00+00,ofac_sdn.xml,27891003,f,,N,-1
ch,2026-01-19 20:01:55.699+00,2026-01-12 23:00:00+00,ch.xml,36709182,f,,N,-1
nsdn,2026-01-19 20:02:12.841+00,2026-01-07 23:00:00+00,ofac_non_sdn.xml,978210,f,,N,-1
aq,2026-01-19 20:02:16.74+00,2026-01-17 23:00:06.73+00,onu.xml,2025693,f,,N,-1
eu,2026-01-19 20:02:19.154+00,2025-12-18 23:00:00+00,euea.xml,24072444,f,,N,-1
uk,2026-01-19 20:02:28.609+00,2026-01-15 23:00:00+00,uk.xml,19516462,f,,N,-1
ca,2026-01-19 20:02:32.596+00,2026-01-19 20:02:36.444+00,ca.xml,1672024,f,,N,-1
us,2026-01-19 20:02:39.258+00,2026-01-19 20:02:39.259+00,cuba.xml,262316,f,,N,-1
au,2026-01-20 06:00:01.948+00,2025-12-17 23:00:00+00,au.xlsx,1278152,f,,N,-1
sdn,2026-01-20 06:00:39.532+00,2026-01-15 23:00:00+00,ofac_sdn.xml,27891003,f,,N,-1
ch,2026-01-20 06:00:53.265+00,2026-01-12 23:00:00+00,ch.xml,36709182,f,,N,-1
nsdn,2026-01-20 06:01:14.985+00,2026-01-07 23:00:00+00,ofac_non_sdn.xml,978210,f,,N,-1
aq,2026-01-20 06:01:17.669+00,2026-01-19 23:00:08.639+00,onu.xml,2025693,f,,N,-1
eu,2026-01-20 06:01:20.261+00,2025-12-18 23:00:00+00,euea.xml,24072444,f,,N,-1
uk,2026-01-20 06:01:30.984+00,2026-01-15 23:00:00+00,uk.xml,19516462,f,,N,-1
ca,2026-01-20 06:01:35.051+00,2026-01-20 06:01:38.987+00,ca.xml,1672024,f,,N,-1
us,2026-01-20 06:01:41.556+00,2026-01-20 06:01:41.557+00,cuba.xml,262316,f,,N,-1
au,2026-01-20 20:00:03.654+00,2025-12-17 23:00:00+00,au.xlsx,1278152,f,,N,-1
sdn,2026-01-20 20:00:39.537+00,2026-01-15 23:00:00+00,ofac_sdn.xml,27891003,f,,N,-1
ch,2026-01-20 20:00:55.308+00,2026-01-12 23:00:00+00,ch.xml,36709182,f,,N,-1
nsdn,2026-01-20 20:01:11.225+00,2026-01-07 23:00:00+00,ofac_non_sdn.xml,978210,f,,N,-1
aq,2026-01-20 20:01:13.825+00,2026-01-19 23:00:08.639+00,onu.xml,2025693,f,,N,-1
eu,2026-01-20 20:01:16.199+00,2025-12-18 23:00:00+00,euea.xml,24072444,f,,N,-1
uk,2026-01-20 20:02:56.737+00,2026-01-15 23:00:00+00,uk.xml,19516462,f,,N,-1
ca,2026-01-20 20:03:01.295+00,2026-01-20 20:03:05.235+00,ca.xml,1672024,f,,N,-1
us,2026-01-20 20:03:07.908+00,2026-01-20 20:03:07.909+00,cuba.xml,262316,f,,N,-1
au,2026-01-21 06:00:06.51+00,2025-12-17 23:00:00+00,au.xlsx,1278152,f,,N,-1
sdn,2026-01-21 06:00:54.281+00,2026-01-15 23:00:00+00,ofac_sdn.xml,27891003,f,,N,-1
ch,2026-01-21 06:01:10.409+00,2026-01-12 23:00:00+00,ch.xml,36709182,f,,N,-1
nsdn,2026-01-21 06:01:28.751+00,2026-01-07 23:00:00+00,ofac_non_sdn.xml,978210,f,,N,-1
aq,2026-01-21 06:01:31.242+00,2026-01-20 23:00:04.104+00,onu.xml,2025693,f,,N,-1
eu,2026-01-21 06:01:33.768+00,2025-12-18 23:00:00+00,euea.xml,24072444,f,,N,-1
uk,2026-01-21 06:01:41.043+00,2026-01-15 23:00:00+00,uk.xml,19516462,f,,N,-1
ca,2026-01-21 06:01:45.127+00,2026-01-21 06:01:49.225+00,ca.xml,1672024,f,,N,-1
us,2026-01-21 06:01:51.979+00,2026-01-21 06:01:51.981+00,cuba.xml,262316,f,,N,-1
au,2026-01-21 20:00:01.792+00,2025-12-17 23:00:00+00,au.xlsx,1278152,f,,N,-1
sdn,2026-01-21 20:00:19.815+00,2026-01-20 23:00:00+00,ofac_sdn.xml,27900819,f,,N,-1
ch,2026-01-21 20:00:34.214+00,2026-01-12 23:00:00+00,ch.xml,36709182,f,,N,-1
nsdn,2026-01-21 20:00:42.467+00,2026-01-07 23:00:00+00,ofac_non_sdn.xml,978210,f,,N,-1
aq,2026-01-21 20:00:44.818+00,2026-01-20 23:00:04.104+00,onu.xml,2025693,f,,N,-1
eu,2026-01-21 20:00:47.296+00,2025-12-18 23:00:00+00,euea.xml,24072444,f,,N,-1
uk,2026-01-21 20:00:57.319+00,2026-01-15 23:00:00+00,uk.xml,19516462,f,,N,-1
ca,2026-01-21 20:01:01.395+00,2026-01-21 20:01:05.336+00,ca.xml,1672024,f,,N,-1
us,2026-01-21 20:01:07.948+00,2026-01-21 20:01:07.948+00,cuba.xml,262316,f,,N,-1
au,2026-01-22 06:00:03.039+00,2025-12-17 23:00:00+00,au.xlsx,1278152,f,,N,-1
sdn,2026-01-22 06:00:17.938+00,2026-01-20 23:00:00+00,ofac_sdn.xml,27900819,f,,N,-1
ch,2026-01-22 06:00:33.249+00,2026-01-12 23:00:00+00,ch.xml,36709182,f,,N,-1
nsdn,2026-01-22 06:00:55.397+00,2026-01-07 23:00:00+00,ofac_non_sdn.xml,978210,f,,N,-1
aq,2026-01-22 06:00:57.982+00,2026-01-21 23:00:08.262+00,onu.xml,2025693,f,,N,-1
eu,2026-01-22 06:01:00.436+00,2025-12-18 23:00:00+00,euea.xml,24072444,f,,N,-1
uk,2026-01-22 06:01:08.871+00,2026-01-15 23:00:00+00,uk.xml,19516462,f,,N,-1
ca,2026-01-22 06:01:12.788+00,2026-01-22 06:01:16.555+00,ca.xml,1672024,f,,N,-1
us,2026-01-22 06:01:19.032+00,2026-01-22 06:01:19.033+00,cuba.xml,262316,f,,N,-1
au,2026-01-22 20:00:06.326+00,2025-12-17 23:00:00+00,au.xlsx,1278152,f,,N,-1
sdn,2026-01-22 20:00:22.751+00,2026-01-21 23:00:00+00,ofac_sdn.xml,27911327,f,,N,-1
ch,2026-01-22 20:00:37.557+00,2026-01-12 23:00:00+00,ch.xml,36709182,f,,N,-1
nsdn,2026-01-22 20:00:46.826+00,2026-01-07 23:00:00+00,ofac_non_sdn.xml,978210,f,,N,-1
aq,2026-01-22 20:00:49.179+00,2026-01-21 23:00:08.262+00,onu.xml,2025693,f,,N,-1
eu,2026-01-22 20:00:51.487+00,2025-12-18 23:00:00+00,euea.xml,24072444,f,,N,-1
uk,2026-01-22 20:00:59.088+00,2026-01-15 23:00:00+00,uk.xml,19516462,f,,N,-1
ca,2026-01-22 20:01:03.237+00,2026-01-22 20:01:07.181+00,ca.xml,1672024,f,,N,-1
us,2026-01-22 20:01:10.089+00,2026-01-22 20:01:10.09+00,cuba.xml,262316,f,,N,-1
au,2026-01-23 06:00:07.305+00,2025-12-17 23:00:00+00,au.xlsx,1278152,f,,N,-1
sdn,2026-01-23 06:00:24.011+00,2026-01-21 23:00:00+00,ofac_sdn.xml,27911327,f,,N,-1
ch,2026-01-23 06:00:39.339+00,2026-01-12 23:00:00+00,ch.xml,36709182,f,,N,-1
nsdn,2026-01-23 06:00:59.622+00,2026-01-07 23:00:00+00,ofac_non_sdn.xml,978210,f,,N,-1
aq,2026-01-23 06:01:02.27+00,2026-01-22 23:00:04.672+00,onu.xml,2025693,f,,N,-1
eu,2026-01-23 06:01:04.411+00,2025-12-18 23:00:00+00,euea.xml,24072444,f,,N,-1
uk,2026-01-23 06:01:11.508+00,2026-01-15 23:00:00+00,uk.xml,19516462,f,,N,-1
ca,2026-01-23 06:01:15.335+00,2026-01-23 06:01:19.001+00,ca.xml,1672024,f,,N,-1
us,2026-01-23 06:01:21.739+00,2026-01-23 06:01:21.74+00,cuba.xml,262316,f,,N,-1
au,2026-01-23 20:00:05.531+00,2025-12-17 23:00:00+00,au.xlsx,1278152,f,,N,-1
sdn,2026-01-23 20:00:21.904+00,2026-01-22 23:00:00+00,ofac_sdn.xml,27927198,f,,N,-1
ch,2026-01-23 20:00:36.516+00,2026-01-12 23:00:00+00,ch.xml,36709182,f,,N,-1
nsdn,2026-01-23 20:00:44.682+00,2026-01-07 23:00:00+00,ofac_non_sdn.xml,978210,f,,N,-1
aq,2026-01-23 20:00:46.991+00,2026-01-22 23:00:04.672+00,onu.xml,2025693,f,,N,-1
eu,2026-01-23 20:00:49.25+00,2025-12-18 23:00:00+00,euea.xml,24072444,f,,N,-1
uk,2026-01-23 20:00:56.795+00,2026-01-15 23:00:00+00,uk.xml,19516462,f,,N,-1
ca,2026-01-23 20:01:00.678+00,2026-01-23 20:01:04.553+00,ca.xml,1672024,f,,N,-1
us,2026-01-23 20:01:07.024+00,2026-01-23 20:01:07.025+00,cuba.xml,262316,f,,N,-1
au,2026-01-24 06:00:07.497+00,2025-12-17 23:00:00+00,au.xlsx,1278152,f,,N,-1
sdn,2026-01-24 06:00:23.643+00,2026-01-22 23:00:00+00,ofac_sdn.xml,27927198,f,,N,-1
ch,2026-01-24 06:00:38.637+00,2026-01-12 23:00:00+00,ch.xml,36709182,f,,N,-1
nsdn,2026-01-24 06:00:46.771+00,2026-01-07 23:00:00+00,ofac_non_sdn.xml,978210,f,,N,-1
aq,2026-01-24 06:00:49.163+00,2026-01-23 23:00:04.472+00,onu.xml,2025693,f,,N,-1
eu,2026-01-24 06:00:51.369+00,2025-12-18 23:00:00+00,euea.xml,24072444,f,,N,-1
uk,2026-01-24 06:01:00.288+00,2026-01-15 23:00:00+00,uk.xml,19516462,f,,N,-1
ca,2026-01-24 06:01:04.158+00,2026-01-24 06:01:07.753+00,ca.xml,1672024,f,,N,-1
us,2026-01-24 06:01:10.146+00,2026-01-24 06:01:10.147+00,cuba.xml,262316,f,,N,-1
au,2026-01-24 20:00:05.987+00,2025-12-17 23:00:00+00,au.xlsx,1278152,f,,N,-1
sdn,2026-01-24 20:00:22.582+00,2026-01-22 23:00:00+00,ofac_sdn.xml,27927198,f,,N,-1
ch,2026-01-24 20:00:36.143+00,2026-01-12 23:00:00+00,ch.xml,36709182,f,,N,-1
nsdn,2026-01-24 20:00:51.485+00,2026-01-07 23:00:00+00,ofac_non_sdn.xml,978210,f,,N,-1
aq,2026-01-24 20:00:53.791+00,2026-01-23 23:00:04.472+00,onu.xml,2025693,f,,N,-1
eu,2026-01-24 20:00:56.001+00,2025-12-18 23:00:00+00,euea.xml,24072444,f,,N,-1
uk,2026-01-24 20:01:05.125+00,2026-01-15 23:00:00+00,uk.xml,19516462,f,,N,-1
ca,2026-01-24 20:01:09.064+00,2026-01-24 20:01:12.782+00,ca.xml,1672024,f,,N,-1
us,2026-01-24 20:01:15.178+00,2026-01-24 20:01:15.179+00,cuba.xml,262316,f,,N,-1
au,2026-01-25 06:00:02.198+00,2025-12-17 23:00:00+00,au.xlsx,1278152,f,,N,-1
sdn,2026-01-25 06:00:33.164+00,2026-01-22 23:00:00+00,ofac_sdn.xml,27927198,f,,N,-1
ch,2026-01-25 06:00:46.951+00,2026-01-12 23:00:00+00,ch.xml,36709182,f,,N,-1
nsdn,2026-01-25 06:01:03.978+00,2026-01-07 23:00:00+00,ofac_non_sdn.xml,978210,f,,N,-1
aq,2026-01-25 06:01:06.518+00,2026-01-24 23:00:02.876+00,onu.xml,2025693,f,,N,-1
eu,2026-01-25 06:01:08.902+00,2025-12-18 23:00:00+00,euea.xml,24072444,f,,N,-1
uk,2026-01-25 06:01:17.665+00,2026-01-15 23:00:00+00,uk.xml,19516462,f,,N,-1
ca,2026-01-25 06:01:21.297+00,2026-01-25 06:01:25.108+00,ca.xml,1672024,f,,N,-1
us,2026-01-25 06:01:29.302+00,2026-01-25 06:01:29.303+00,cuba.xml,262316,f,,N,-1
au,2026-01-25 20:00:06.663+00,2025-12-17 23:00:00+00,au.xlsx,1278152,f,,N,-1
sdn,2026-01-25 20:00:20.802+00,2026-01-22 23:00:00+00,ofac_sdn.xml,27927198,f,,N,-1
ch,2026-01-25 20:00:35.347+00,2026-01-12 23:00:00+00,ch.xml,36709182,f,,N,-1
nsdn,2026-01-25 20:00:43.619+00,2026-01-07 23:00:00+00,ofac_non_sdn.xml,978210,f,,N,-1
aq,2026-01-25 20:00:46.008+00,2026-01-24 23:00:02.876+00,onu.xml,2025693,f,,N,-1
eu,2026-01-25 20:00:48.161+00,2025-12-18 23:00:00+00,euea.xml,24072444,f,,N,-1
uk,2026-01-25 20:00:55.229+00,2026-01-15 23:00:00+00,uk.xml,19516462,f,,N,-1
ca,2026-01-25 20:00:58.941+00,2026-01-25 20:01:04.425+00,ca.xml,1672024,f,,N,-1
us,2026-01-25 20:01:06.911+00,2026-01-25 20:01:06.911+00,cuba.xml,262316,f,,N,-1
au,2026-01-26 06:00:06.698+00,2025-12-17 23:00:00+00,au.xlsx,1278152,f,,N,-1
sdn,2026-01-26 06:00:22.966+00,2026-01-22 23:00:00+00,ofac_sdn.xml,27927198,f,,N,-1
ch,2026-01-26 06:00:38.496+00,2026-01-12 23:00:00+00,ch.xml,36709182,f,,N,-1
nsdn,2026-01-26 06:00:49.943+00,2026-01-07 23:00:00+00,ofac_non_sdn.xml,978210,f,,N,-1
aq,2026-01-26 06:00:52.344+00,2026-01-24 23:00:02.876+00,onu.xml,2025693,f,,N,-1
eu,2026-01-26 06:00:54.652+00,2025-12-18 23:00:00+00,euea.xml,24072444,f,,N,-1
uk,2026-01-26 06:01:03.5+00,2026-01-15 23:00:00+00,uk.xml,19516462,f,,N,-1
ca,2026-01-26 06:01:07.413+00,2026-01-26 06:01:11.121+00,ca.xml,1672024,f,,N,-1
us,2026-01-26 06:01:13.644+00,2026-01-26 06:01:13.645+00,cuba.xml,262316,f,,N,-1
au,2026-01-26 20:00:08.552+00,2025-12-17 23:00:00+00,au.xlsx,1278152,f,,N,-1
sdn,2026-01-26 20:00:24.515+00,2026-01-22 23:00:00+00,ofac_sdn.xml,27927198,f,,N,-1
ch,2026-01-26 20:00:42.109+00,2026-01-12 23:00:00+00,ch.xml,36709182,f,,N,-1
nsdn,2026-01-26 20:01:15.428+00,2026-01-07 23:00:00+00,ofac_non_sdn.xml,978210,f,,N,-1
aq,2026-01-26 20:01:18.311+00,2026-01-24 23:00:02.876+00,onu.xml,2025693,f,,N,-1
eu,2026-01-26 20:01:20.884+00,2025-12-18 23:00:00+00,euea.xml,24072444,f,,N,-1
uk,2026-01-26 20:01:30.312+00,2026-01-15 23:00:00+00,uk.xml,19516462,f,,N,-1
ca,2026-01-26 20:01:35.112+00,2026-01-26 20:01:39.156+00,ca.xml,1672024,f,,N,-1
us,2026-01-26 20:01:43.126+00,2026-01-26 20:01:43.127+00,cuba.xml,262316,f,,N,-1
au,2026-01-27 06:00:02.085+00,2025-12-17 23:00:00+00,au.xlsx,1278152,f,,N,-1
sdn,2026-01-27 06:00:16.291+00,2026-01-22 23:00:00+00,ofac_sdn.xml,27927198,f,,N,-1
ch,2026-01-27 06:00:30.366+00,2026-01-26 23:00:00+00,ch.xml,36725877,f,,N,-1
nsdn,2026-01-27 06:01:00.302+00,2026-01-07 23:00:00+00,ofac_non_sdn.xml,978210,f,,N,-1
aq,2026-01-27 06:01:02.764+00,2026-01-26 23:00:07.7+00,onu.xml,2025693,f,,N,-1
eu,2026-01-27 06:01:05+00,2025-12-18 23:00:00+00,euea.xml,24072444,f,,N,-1
uk,2026-01-27 06:01:11.76+00,2026-01-15 23:00:00+00,uk.xml,19516462,f,,N,-1
ca,2026-01-27 06:01:15.538+00,2026-01-27 06:01:19.658+00,ca.xml,1672024,f,,N,-1
us,2026-01-27 06:01:22.235+00,2026-01-27 06:01:22.236+00,cuba.xml,262316,f,,N,-1
au,2026-01-27 20:00:02.771+00,2025-12-17 23:00:00+00,au.xlsx,1278152,f,,N,-1
sdn,2026-01-27 20:00:19.404+00,2026-01-22 23:00:00+00,ofac_sdn.xml,27927198,f,,N,-1
ch,2026-01-27 20:00:37.148+00,2026-01-26 23:00:00+00,ch.xml,36725877,f,,N,-1
nsdn,2026-01-27 20:01:00.048+00,2026-01-07 23:00:00+00,ofac_non_sdn.xml,978210,f,,N,-1
aq,2026-01-27 20:01:02.617+00,2026-01-26 23:00:07.7+00,onu.xml,2025693,f,,N,-1
eu,2026-01-27 20:01:05.055+00,2025-12-18 23:00:00+00,euea.xml,24072444,f,,N,-1
uk,2026-01-27 20:01:12.983+00,2026-01-15 23:00:00+00,uk.xml,19516462,f,,N,-1
ca,2026-01-27 20:01:17.271+00,2026-01-27 20:01:21.532+00,ca.xml,1672024,f,,N,-1
us,2026-01-27 20:01:24.993+00,2026-01-27 20:01:24.994+00,cuba.xml,262316,f,,N,-1
au,2026-01-28 06:00:07.113+00,2025-12-17 23:00:00+00,au.xlsx,1278152,f,,N,-1
sdn,2026-01-28 06:00:23.466+00,2026-01-22 23:00:00+00,ofac_sdn.xml,27927198,f,,N,-1
ch,2026-01-28 06:00:37.002+00,2026-01-26 23:00:00+00,ch.xml,36725877,f,,N,-1
nsdn,2026-01-28 06:00:53.749+00,2026-01-07 23:00:00+00,ofac_non_sdn.xml,978210,f,,N,-1
aq,2026-01-28 06:00:56.145+00,2026-01-27 23:00:11.197+00,onu.xml,2025693,f,,N,-1
eu,2026-01-28 06:00:58.278+00,2025-12-18 23:00:00+00,euea.xml,24072444,f,,N,-1
uk,2026-01-28 06:01:07.734+00,2026-01-15 23:00:00+00,uk.xml,19516462,f,,N,-1
ca,2026-01-28 06:01:11.189+00,2026-01-28 06:01:15.404+00,ca.xml,1672024,f,,N,-1
us,2026-01-28 06:01:17.731+00,2026-01-28 06:01:17.732+00,cuba.xml,262316,f,,N,-1
au,2026-01-28 20:00:04.83+00,2025-12-17 23:00:00+00,au.xlsx,1278152,f,,N,-1
sdn,2026-01-28 20:00:23.154+00,2026-01-22 23:00:00+00,ofac_sdn.xml,27927198,f,,N,-1
ch,2026-01-28 20:00:41.788+00,2026-01-27 23:00:00+00,ch.xml,36745422,f,,N,-1
nsdn,2026-01-28 20:00:53.561+00,2026-01-07 23:00:00+00,ofac_non_sdn.xml,978210,f,,N,-1
aq,2026-01-28 20:00:56.21+00,2026-01-27 23:00:11.197+00,onu.xml,2025693,f,,N,-1
eu,2026-01-28 20:00:58.682+00,2025-12-18 23:00:00+00,euea.xml,24072444,f,,N,-1
uk,2026-01-28 20:01:06.697+00,2026-01-15 23:00:00+00,uk.xml,19516462,f,,N,-1
ca,2026-01-28 20:01:11.301+00,2026-01-28 20:01:15.417+00,ca.xml,1672024,f,,N,-1
us,2026-01-28 20:01:18.193+00,2026-01-28 20:01:18.193+00,cuba.xml,262316,f,,N,-1
au,2026-01-29 06:00:05.279+00,2025-12-17 23:00:00+00,au.xlsx,1278152,f,,N,-1
sdn,2026-01-29 06:00:22.03+00,2026-01-22 23:00:00+00,ofac_sdn.xml,27927198,f,,N,-1
ch,2026-01-29 06:00:35.879+00,2026-01-27 23:00:00+00,ch.xml,36745422,f,,N,-1
nsdn,2026-01-29 06:01:00.204+00,2026-01-07 23:00:00+00,ofac_non_sdn.xml,978210,f,,N,-1
aq,2026-01-29 06:01:02.797+00,2026-01-28 23:00:09.785+00,onu.xml,2025693,f,,N,-1
eu,2026-01-29 06:01:05.323+00,2025-12-18 23:00:00+00,euea.xml,24072444,f,,N,-1
uk,2026-01-29 06:01:12.997+00,2026-01-15 23:00:00+00,uk.xml,19516462,f,,N,-1
ca,2026-01-29 06:01:17.169+00,2026-01-29 06:01:21.332+00,ca.xml,1672024,f,,N,-1
us,2026-01-29 06:01:24.298+00,2026-01-29 06:01:24.299+00,cuba.xml,262316,f,,N,-1
au,2026-01-29 20:00:06.913+00,2025-12-17 23:00:00+00,au.xlsx,1278152,f,,N,-1
sdn,2026-01-29 20:00:22.402+00,2026-01-22 23:00:00+00,ofac_sdn.xml,27927198,f,,N,-1
ch,2026-01-29 20:00:38.668+00,2026-01-27 23:00:00+00,ch.xml,36745422,f,,N,-1
nsdn,2026-01-29 20:00:50.112+00,2026-01-07 23:00:00+00,ofac_non_sdn.xml,978210,f,,N,-1
aq,2026-01-29 20:00:52.843+00,2026-01-28 23:00:09.785+00,onu.xml,2025693,f,,N,-1
eu,2026-01-29 20:00:54.933+00,2025-12-18 23:00:00+00,euea.xml,24072444,f,,N,-1
uk,2026-01-29 20:01:03.855+00,2026-01-15 23:00:00+00,uk.xml,19516462,f,,N,-1
ca,2026-01-29 20:01:08.525+00,2026-01-29 20:01:12.771+00,ca.xml,1672024,f,,N,-1
us,2026-01-29 20:01:15.662+00,2026-01-29 20:01:15.663+00,cuba.xml,262316,f,,N,-1
au,2026-01-30 06:00:08.274+00,2025-12-17 23:00:00+00,au.xlsx,1278152,f,,N,-1
sdn,2026-01-30 06:00:23.018+00,2026-01-22 23:00:00+00,ofac_sdn.xml,27927198,f,,N,-1
ch,2026-01-30 06:00:38.301+00,2026-01-27 23:00:00+00,ch.xml,36745422,f,,N,-1
nsdn,2026-01-30 06:00:59.392+00,2026-01-07 23:00:00+00,ofac_non_sdn.xml,978210,f,,N,-1
aq,2026-01-30 06:01:01.918+00,2026-01-29 23:00:03.98+00,onu.xml,2025693,f,,N,-1
eu,2026-01-30 06:01:04.166+00,2025-12-18 23:00:00+00,euea.xml,24072444,f,,N,-1
uk,2026-01-30 06:01:14.286+00,2026-01-15 23:00:00+00,uk.xml,19516462,f,,N,-1
ca,2026-01-30 06:01:18.037+00,2026-01-30 06:01:22.284+00,ca.xml,1672024,f,,N,-1
us,2026-01-30 06:01:25.152+00,2026-01-30 06:01:25.152+00,cuba.xml,262316,f,,N,-1
au,2026-01-30 20:00:02.616+00,2025-12-17 23:00:00+00,au.xlsx,1278152,f,,N,-1
sdn,2026-01-30 20:00:19.508+00,2026-01-29 23:00:00+00,ofac_sdn.xml,27940394,f,,N,-1
ch,2026-01-30 20:00:34.702+00,2026-01-27 23:00:00+00,ch.xml,36745422,f,,N,-1
nsdn,2026-01-30 20:00:46.046+00,2026-01-07 23:00:00+00,ofac_non_sdn.xml,978210,f,,N,-1
aq,2026-01-30 20:00:48.457+00,2026-01-29 23:00:03.98+00,onu.xml,2025693,f,,N,-1
eu,2026-01-30 20:00:51.227+00,2025-12-18 23:00:00+00,euea.xml,24072444,f,,N,-1
uk,2026-01-30 20:00:59.835+00,2026-01-15 23:00:00+00,uk.xml,19516462,f,,N,-1
ca,2026-01-30 20:01:04.077+00,2026-01-30 20:01:08.338+00,ca.xml,1672024,f,,N,-1
us,2026-01-30 20:01:11.01+00,2026-01-30 20:01:11.01+00,cuba.xml,262316,f,,N,-1
au,2026-01-31 06:00:03.837+00,2025-12-17 23:00:00+00,au.xlsx,1278152,f,,N,-1
sdn,2026-01-31 06:00:20.024+00,2026-01-29 23:00:00+00,ofac_sdn.xml,27940394,f,,N,-1
ch,2026-01-31 06:00:34.616+00,2026-01-27 23:00:00+00,ch.xml,36745422,f,,N,-1
nsdn,2026-01-31 06:00:47.522+00,2026-01-07 23:00:00+00,ofac_non_sdn.xml,978210,f,,N,-1
aq,2026-01-31 06:00:49.909+00,2026-01-30 23:00:09.696+00,onu.xml,2025693,f,,N,-1
eu,2026-01-31 06:00:52.074+00,2025-12-18 23:00:00+00,euea.xml,24072444,f,,N,-1
uk,2026-01-31 06:01:00.605+00,2026-01-15 23:00:00+00,uk.xml,19516462,f,,N,-1
ca,2026-01-31 06:01:04.275+00,2026-01-31 06:01:08.52+00,ca.xml,1672024,f,,N,-1
us,2026-01-31 06:01:11.066+00,2026-01-31 06:01:11.069+00,cuba.xml,262316,f,,N,-1
au,2026-01-31 20:00:06.376+00,2025-12-17 23:00:00+00,au.xlsx,1278152,f,,N,-1
sdn,2026-01-31 20:00:20.841+00,2026-01-29 23:00:00+00,ofac_sdn.xml,27940394,f,,N,-1
ch,2026-01-31 20:00:35.931+00,2026-01-27 23:00:00+00,ch.xml,36745422,f,,N,-1
nsdn,2026-01-31 20:00:45.28+00,2026-01-07 23:00:00+00,ofac_non_sdn.xml,978210,f,,N,-1
aq,2026-01-31 20:00:47.74+00,2026-01-30 23:00:09.696+00,onu.xml,2025693,f,,N,-1
eu,2026-01-31 20:00:49.997+00,2025-12-18 23:00:00+00,euea.xml,24072444,f,,N,-1
uk,2026-01-31 20:00:57.916+00,2026-01-15 23:00:00+00,uk.xml,19516462,f,,N,-1
ca,2026-01-31 20:01:01.667+00,2026-01-31 20:01:05.901+00,ca.xml,1672024,f,,N,-1
us,2026-01-31 20:01:08.355+00,2026-01-31 20:01:08.355+00,cuba.xml,262316,f,,N,-1
au,2026-02-01 06:00:01.345+00,2025-12-17 23:00:00+00,au.xlsx,1278152,f,,N,-1
sdn,2026-02-01 06:00:16.166+00,2026-01-29 23:00:00+00,ofac_sdn.xml,27940394,f,,N,-1
ch,2026-02-01 06:00:31.203+00,2026-01-27 23:00:00+00,ch.xml,36745422,f,,N,-1
nsdn,2026-02-01 06:00:50.083+00,2026-01-07 23:00:00+00,ofac_non_sdn.xml,978210,f,,N,-1
aq,2026-02-01 06:00:52.605+00,2026-01-31 23:00:03.593+00,onu.xml,2025693,f,,N,-1
eu,2026-02-01 06:00:54.838+00,2025-12-18 23:00:00+00,euea.xml,24072444,f,,N,-1
uk,2026-02-01 06:01:03.32+00,2026-01-15 23:00:00+00,uk.xml,19516462,f,,N,-1
ca,2026-02-01 06:01:06.871+00,2026-02-01 06:01:11.056+00,ca.xml,1672024,f,,N,-1
us,2026-02-01 06:01:13.687+00,2026-02-01 06:01:13.688+00,cuba.xml,262316,f,,N,-1
au,2026-02-01 20:00:08.309+00,2025-12-17 23:00:00+00,au.xlsx,1278152,f,,N,-1
sdn,2026-02-01 20:00:24.441+00,2026-01-29 23:00:00+00,ofac_sdn.xml,27940394,f,,N,-1
ch,2026-02-01 20:00:39.054+00,2026-01-27 23:00:00+00,ch.xml,36745422,f,,N,-1
nsdn,2026-02-01 20:00:50.541+00,2026-01-07 23:00:00+00,ofac_non_sdn.xml,978210,f,,N,-1
aq,2026-02-01 20:00:52.885+00,2026-01-31 23:00:03.593+00,onu.xml,2025693,f,,N,-1
eu,2026-02-01 20:00:55.133+00,2025-12-18 23:00:00+00,euea.xml,24072444,f,,N,-1
uk,2026-02-01 20:01:03.666+00,2026-01-15 23:00:00+00,uk.xml,19516462,f,,N,-1
ca,2026-02-01 20:01:07.422+00,2026-02-01 20:01:11.86+00,ca.xml,1672024,f,,N,-1
us,2026-02-01 20:01:14.355+00,2026-02-01 20:01:14.382+00,cuba.xml,262316,f,,N,-1
au,2026-02-02 06:00:04.965+00,2025-12-17 23:00:00+00,au.xlsx,1278152,f,,N,-1
sdn,2026-02-02 06:00:21.463+00,2026-01-29 23:00:00+00,ofac_sdn.xml,27940394,f,,N,-1
ch,2026-02-02 06:00:35.414+00,2026-01-27 23:00:00+00,ch.xml,36745422,f,,N,-1
nsdn,2026-02-02 06:01:00.006+00,2026-01-07 23:00:00+00,ofac_non_sdn.xml,978210,f,,N,-1
aq,2026-02-02 06:01:02.647+00,2026-01-31 23:00:03.593+00,onu.xml,2025693,f,,N,-1
eu,2026-02-02 06:01:04.877+00,2025-12-18 23:00:00+00,euea.xml,24072444,f,,N,-1
uk,2026-02-02 06:01:13.69+00,2026-01-15 23:00:00+00,uk.xml,19516462,f,,N,-1
ca,2026-02-02 06:01:17.543+00,2026-02-02 06:01:21.719+00,ca.xml,1672024,f,,N,-1
us,2026-02-02 06:01:24.204+00,2026-02-02 06:01:24.204+00,cuba.xml,262316,f,,N,-1
au,2026-02-02 20:00:05.711+00,2026-02-01 23:00:00+00,au.xlsx,1252494,f,,N,-1
sdn,2026-02-02 20:00:23.49+00,2026-01-29 23:00:00+00,ofac_sdn.xml,27940394,f,,N,-1
ch,2026-02-02 20:00:38.073+00,2026-01-27 23:00:00+00,ch.xml,36745422,f,,N,-1
nsdn,2026-02-02 20:00:54.124+00,2026-01-07 23:00:00+00,ofac_non_sdn.xml,978210,f,,N,-1
aq,2026-02-02 20:00:56.607+00,2026-01-31 23:00:03.593+00,onu.xml,2025693,f,,N,-1
eu,2026-02-02 20:00:58.747+00,2026-02-01 23:00:00+00,euea.xml,24146433,f,,N,-1
uk,2026-02-02 20:01:10.19+00,2026-02-01 23:00:00+00,uk.xml,19544989,f,,N,-1
ca,2026-02-02 20:01:14.035+00,2026-02-02 20:01:18.346+00,ca.xml,1672024,f,,N,-1
us,2026-02-02 20:01:20.904+00,2026-02-02 20:01:20.905+00,cuba.xml,262316,f,,N,-1
au,2026-02-03 06:00:02.023+00,2026-02-01 23:00:00+00,au.xlsx,1252494,f,,N,-1
sdn,2026-02-03 06:00:18.752+00,2026-01-29 23:00:00+00,ofac_sdn.xml,27940394,f,,N,-1
ch,2026-02-03 06:00:33.934+00,2026-01-27 23:00:00+00,ch.xml,36745422,f,,N,-1
nsdn,2026-02-03 06:00:50.679+00,2026-01-07 23:00:00+00,ofac_non_sdn.xml,978210,f,,N,-1
aq,2026-02-03 06:00:53.148+00,2026-02-02 23:00:06.458+00,onu.xml,2025693,f,,N,-1
eu,2026-02-03 06:00:55.377+00,2026-02-01 23:00:00+00,euea.xml,24146433,f,,N,-1
uk,2026-02-03 06:01:08.26+00,2026-02-01 23:00:00+00,uk.xml,19544989,f,,N,-1
ca,2026-02-03 06:01:12.041+00,2026-02-03 06:01:16.284+00,ca.xml,1672024,f,,N,-1
us,2026-02-03 06:01:18.706+00,2026-02-03 06:01:18.707+00,cuba.xml,262316,f,,N,-1
au,2026-02-03 20:00:01.532+00,2026-02-01 23:00:00+00,au.xlsx,1252494,f,,N,-1
sdn,2026-02-03 20:00:20.066+00,2026-01-29 23:00:00+00,ofac_sdn.xml,27940394,f,,N,-1
ch,2026-02-03 20:00:34.761+00,2026-01-27 23:00:00+00,ch.xml,36745422,f,,N,-1
nsdn,2026-02-03 20:00:44.482+00,2026-01-07 23:00:00+00,ofac_non_sdn.xml,978210,f,,N,-1
aq,2026-02-03 20:00:46.969+00,2026-02-02 23:00:06.458+00,onu.xml,2025693,f,,N,-1
eu,2026-02-03 20:00:49.091+00,2026-02-01 23:00:00+00,euea.xml,24146433,f,,N,-1
uk,2026-02-03 20:00:57.718+00,2026-02-01 23:00:00+00,uk.xml,19544989,f,,N,-1
ca,2026-02-03 20:01:01.965+00,2026-02-03 20:01:06.056+00,ca.xml,1672024,f,,N,-1
us,2026-02-03 20:01:08.662+00,2026-02-03 20:01:08.662+00,cuba.xml,262316,f,,N,-1
au,2026-02-04 06:00:02.346+00,2026-02-01 23:00:00+00,au.xlsx,1252494,f,,N,-1
sdn,2026-02-04 06:00:17.5+00,2026-01-29 23:00:00+00,ofac_sdn.xml,27940394,f,,N,-1
ch,2026-02-04 06:00:32.056+00,2026-01-27 23:00:00+00,ch.xml,36745422,f,,N,-1
nsdn,2026-02-04 06:00:51.643+00,2026-01-07 23:00:00+00,ofac_non_sdn.xml,978210,f,,N,-1
aq,2026-02-04 06:00:53.959+00,2026-02-03 23:00:06.159+00,onu.xml,2025693,f,,N,-1
eu,2026-02-04 06:00:56.177+00,2026-02-01 23:00:00+00,euea.xml,24146433,f,,N,-1
uk,2026-02-04 06:01:04.339+00,2026-02-01 23:00:00+00,uk.xml,19544989,f,,N,-1
ca,2026-02-04 06:01:08.104+00,2026-02-04 06:01:12.256+00,ca.xml,1672024,f,,N,-1
us,2026-02-04 06:01:14.866+00,2026-02-04 06:01:14.866+00,cuba.xml,262316,f,,N,-1
au,2026-02-04 20:00:05.418+00,2026-02-01 23:00:00+00,au.xlsx,1252494,f,,N,-1
sdn,2026-02-04 20:00:22.493+00,2026-01-29 23:00:00+00,ofac_sdn.xml,27940394,f,,N,-1
ch,2026-02-04 20:00:37.466+00,2026-01-27 23:00:00+00,ch.xml,36745422,f,,N,-1
nsdn,2026-02-04 20:00:46.515+00,2026-01-07 23:00:00+00,ofac_non_sdn.xml,978210,f,,N,-1
aq,2026-02-04 20:00:49.015+00,2026-02-03 23:00:06.159+00,onu.xml,2025693,f,,N,-1
eu,2026-02-04 20:00:51.36+00,2026-02-01 23:00:00+00,euea.xml,24146433,f,,N,-1
uk,2026-02-04 20:01:00.136+00,2026-02-01 23:00:00+00,uk.xml,19544989,f,,N,-1
ca,2026-02-04 20:01:04.274+00,2026-02-04 20:01:08.682+00,ca.xml,1672024,f,,N,-1
us,2026-02-04 20:01:11.46+00,2026-02-04 20:01:11.461+00,cuba.xml,262316,f,,N,-1
au,2026-02-05 06:00:01.244+00,2026-02-01 23:00:00+00,au.xlsx,1252494,f,,N,-1
sdn,2026-02-05 06:00:18.537+00,2026-01-29 23:00:00+00,ofac_sdn.xml,27940394,f,,N,-1
ch,2026-02-05 06:00:33.157+00,2026-01-27 23:00:00+00,ch.xml,36745422,f,,N,-1
nsdn,2026-02-05 06:00:44.328+00,2026-01-07 23:00:00+00,ofac_non_sdn.xml,978210,f,,N,-1
aq,2026-02-05 06:00:46.739+00,2026-02-04 23:00:05.961+00,onu.xml,2025693,f,,N,-1
eu,2026-02-05 06:00:48.925+00,2026-02-01 23:00:00+00,euea.xml,24146433,f,,N,-1
uk,2026-02-05 06:00:58.007+00,2026-02-01 23:00:00+00,uk.xml,19544989,f,,N,-1
ca,2026-02-05 06:01:01.596+00,2026-02-05 06:01:05.759+00,ca.xml,1672024,f,,N,-1
us,2026-02-05 06:01:08.229+00,2026-02-05 06:01:08.23+00,cuba.xml,262316,f,,N,-1
au,2026-02-05 20:00:08.287+00,2026-02-01 23:00:00+00,au.xlsx,1252494,f,,N,-1
sdn,2026-02-05 20:00:25.227+00,2026-01-29 23:00:00+00,ofac_sdn.xml,27940394,f,,N,-1
ch,2026-02-05 20:00:41.267+00,2026-01-27 23:00:00+00,ch.xml,36745422,f,,N,-1
nsdn,2026-02-05 20:00:53.993+00,2026-01-07 23:00:00+00,ofac_non_sdn.xml,978210,f,,N,-1
aq,2026-02-05 20:00:56.884+00,2026-02-04 23:00:05.961+00,onu.xml,2025693,f,,N,-1
eu,2026-02-05 20:00:59.402+00,2026-02-01 23:00:00+00,euea.xml,24146433,f,,N,-1
uk,2026-02-05 20:01:08.986+00,2026-02-04 23:00:00+00,uk.xml,19563305,f,,N,-1
ca,2026-02-05 20:01:13.264+00,2026-02-05 20:01:17.514+00,ca.xml,1672024,f,,N,-1
us,2026-02-05 20:01:20.083+00,2026-02-05 20:01:20.084+00,cuba.xml,262316,f,,N,-1
au,2026-02-06 06:00:03.006+00,2026-02-01 23:00:00+00,au.xlsx,1252494,f,,N,-1
sdn,2026-02-06 06:00:18.715+00,2026-01-29 23:00:00+00,ofac_sdn.xml,27940394,f,,N,-1
ch,2026-02-06 06:00:33.496+00,2026-01-27 23:00:00+00,ch.xml,36745422,f,,N,-1
nsdn,2026-02-06 06:00:44.025+00,2026-01-07 23:00:00+00,ofac_non_sdn.xml,978210,f,,N,-1
aq,2026-02-06 06:00:46.432+00,2026-02-05 23:00:11.912+00,onu.xml,2025693,f,,N,-1
eu,2026-02-06 06:00:48.662+00,2026-02-01 23:00:00+00,euea.xml,24146433,f,,N,-1
uk,2026-02-06 06:00:58.486+00,2026-02-04 23:00:00+00,uk.xml,19563305,f,,N,-1
ca,2026-02-06 06:01:02.331+00,2026-02-06 06:01:06.631+00,ca.xml,1672024,f,,N,-1
us,2026-02-06 06:01:09.376+00,2026-02-06 06:01:09.376+00,cuba.xml,262316,f,,N,-1
au,2026-02-09 06:00:01.921+00,2026-02-01 23:00:00+00,au.xlsx,1252494,f,,N,-1
sdn,2026-02-09 06:00:16.061+00,2026-02-05 23:00:00+00,ofac_sdn.xml,27974317,f,,N,-1
ch,2026-02-09 06:00:30.498+00,2026-01-27 23:00:00+00,ch.xml,36745422,f,,N,-1
nsdn,2026-02-09 06:00:54.829+00,2026-01-07 23:00:00+00,ofac_non_sdn.xml,978210,f,,N,-1
aq,2026-02-09 06:00:57.389+00,2026-02-07 23:00:10.323+00,onu.xml,2025693,f,,N,-1
eu,2026-02-09 06:00:59.622+00,2026-02-01 23:00:00+00,euea.xml,24146433,f,,N,-1
uk,2026-02-09 06:01:07.83+00,2026-02-05 23:00:00+00,uk.xml,19560200,f,,N,-1
ca,2026-02-09 06:01:11.621+00,2026-02-09 06:01:15.866+00,ca.xml,1672024,f,,N,-1
us,2026-02-09 06:01:18.431+00,2026-02-09 06:01:18.432+00,cuba.xml,262316,f,,N,-1
au,2026-02-09 20:00:02.365+00,2026-02-01 23:00:00+00,au.xlsx,1252494,f,,N,-1
sdn,2026-02-09 20:00:20.861+00,2026-02-05 23:00:00+00,ofac_sdn.xml,27974317,f,,N,-1
ch,2026-02-09 20:00:38.447+00,2026-01-27 23:00:00+00,ch.xml,36745422,f,,N,-1
nsdn,2026-02-09 20:00:59.021+00,2026-01-07 23:00:00+00,ofac_non_sdn.xml,978210,f,,N,-1
aq,2026-02-09 20:01:01.62+00,2026-02-07 23:00:10.323+00,onu.xml,2025693,f,,N,-1
eu,2026-02-09 20:01:04.085+00,2026-02-01 23:00:00+00,euea.xml,24146433,f,,N,-1
uk,2026-02-09 20:01:12.407+00,2026-02-05 23:00:00+00,uk.xml,19560200,f,,N,-1
ca,2026-02-09 20:01:16.495+00,2026-02-09 20:01:20.761+00,ca.xml,1672024,f,,N,-1
us,2026-02-09 20:01:23.313+00,2026-02-09 20:01:23.313+00,cuba.xml,262316,f,,N,-1
au,2026-02-10 06:00:03.523+00,2026-02-01 23:00:00+00,au.xlsx,1252494,f,,N,-1
sdn,2026-02-10 06:00:17.95+00,2026-02-05 23:00:00+00,ofac_sdn.xml,27974317,f,,N,-1
ch,2026-02-10 06:00:31.64+00,2026-01-27 23:00:00+00,ch.xml,36745422,f,,N,-1
nsdn,2026-02-10 06:00:58.139+00,2026-01-07 23:00:00+00,ofac_non_sdn.xml,978210,f,,N,-1
aq,2026-02-10 06:01:00.697+00,2026-02-09 23:00:08.189+00,onu.xml,2025693,f,,N,-1
eu,2026-02-10 06:01:02.914+00,2026-02-01 23:00:00+00,euea.xml,24146433,f,,N,-1
uk,2026-02-10 06:01:11.981+00,2026-02-05 23:00:00+00,uk.xml,19560200,f,,N,-1
ca,2026-02-10 06:01:15.764+00,2026-02-10 06:01:19.971+00,ca.xml,1672024,f,,N,-1
us,2026-02-10 06:01:22.614+00,2026-02-10 06:01:22.614+00,cuba.xml,262316,f,,N,-1
au,2026-02-10 20:00:01.604+00,2026-02-01 23:00:00+00,au.xlsx,1252494,f,,N,-1
sdn,2026-02-10 20:00:21.441+00,2026-02-09 23:00:00+00,ofac_sdn.xml,27986385,f,,N,-1
ch,2026-02-10 20:00:37.126+00,2026-01-27 23:00:00+00,ch.xml,36745422,f,,N,-1
nsdn,2026-02-10 20:00:57.016+00,2026-01-07 23:00:00+00,ofac_non_sdn.xml,978210,f,,N,-1
aq,2026-02-10 20:00:59.603+00,2026-02-09 23:00:08.189+00,onu.xml,2025693,f,,N,-1
eu,2026-02-10 20:01:01.938+00,2026-02-01 23:00:00+00,euea.xml,24146433,f,,N,-1
uk,2026-02-10 20:01:11.103+00,2026-02-09 23:00:00+00,uk.xml,19560026,f,,N,-1
ca,2026-02-10 20:01:14.849+00,2026-02-10 20:01:19.144+00,ca.xml,1672024,f,,N,-1
us,2026-02-10 20:01:21.992+00,2026-02-10 20:01:21.993+00,cuba.xml,262316,f,,N,-1
au,2026-02-11 06:00:06.438+00,2026-02-01 23:00:00+00,au.xlsx,1252494,f,,N,-1
sdn,2026-02-11 06:00:23.864+00,2026-02-09 23:00:00+00,ofac_sdn.xml,27986385,f,,N,-1
ch,2026-02-11 06:00:37.262+00,2026-01-27 23:00:00+00,ch.xml,36745422,f,,N,-1
nsdn,2026-02-11 06:01:00.429+00,2026-01-07 23:00:00+00,ofac_non_sdn.xml,978210,f,,N,-1
aq,2026-02-11 06:01:03.113+00,2026-02-10 23:00:04.566+00,onu.xml,2025693,f,,N,-1
eu,2026-02-11 06:01:05.356+00,2026-02-01 23:00:00+00,euea.xml,24146433,f,,N,-1
uk,2026-02-11 06:01:13.539+00,2026-02-09 23:00:00+00,uk.xml,19560026,f,,N,-1
ca,2026-02-11 06:01:17.466+00,2026-02-11 06:01:21.718+00,ca.xml,1672024,f,,N,-1
us,2026-02-11 06:01:24.256+00,2026-02-11 06:01:24.256+00,cuba.xml,262316,f,,N,-1
au,2026-02-11 20:00:07.329+00,2026-02-01 23:00:00+00,au.xlsx,1252494,f,,N,-1
sdn,2026-02-11 20:00:26.07+00,2026-02-09 23:00:00+00,ofac_sdn.xml,27986385,f,,N,-1
ch,2026-02-11 20:00:43.206+00,2026-01-27 23:00:00+00,ch.xml,36745422,f,,N,-1
nsdn,2026-02-11 20:00:55.478+00,2026-01-07 23:00:00+00,ofac_non_sdn.xml,978210,f,,N,-1
aq,2026-02-11 20:00:57.842+00,2026-02-10 23:00:04.566+00,onu.xml,2025693,f,,N,-1
eu,2026-02-11 20:01:00.047+00,2026-02-01 23:00:00+00,euea.xml,24146433,f,,N,-1
uk,2026-02-11 20:01:09.621+00,2026-02-09 23:00:00+00,uk.xml,19560026,f,,N,-1
ca,2026-02-11 20:01:14.444+00,2026-02-11 20:01:18.698+00,ca.xml,1672024,f,,N,-1
us,2026-02-11 20:01:21.528+00,2026-02-11 20:01:21.529+00,cuba.xml,262316,f,,N,-1
au,2026-02-12 06:00:02.162+00,2026-02-01 23:00:00+00,au.xlsx,1252494,f,,N,-1
sdn,2026-02-12 06:00:17.527+00,2026-02-09 23:00:00+00,ofac_sdn.xml,27986385,f,,N,-1
ch,2026-02-12 06:00:32.217+00,2026-01-27 23:00:00+00,ch.xml,36745422,f,,N,-1
nsdn,2026-02-12 06:00:58.594+00,2026-01-07 23:00:00+00,ofac_non_sdn.xml,978210,f,,N,-1
aq,2026-02-12 06:01:01.144+00,2026-02-11 23:00:08.985+00,onu.xml,2025693,f,,N,-1
eu,2026-02-12 06:01:03.422+00,2026-02-01 23:00:00+00,euea.xml,24146433,f,,N,-1
uk,2026-02-12 06:01:11.361+00,2026-02-09 23:00:00+00,uk.xml,19560026,f,,N,-1
ca,2026-02-12 06:01:14.957+00,2026-02-12 06:01:19.327+00,ca.xml,1672024,f,,N,-1
us,2026-02-12 06:01:21.908+00,2026-02-12 06:01:21.909+00,cuba.xml,262316,f,,N,-1
au,2026-02-12 20:00:05.589+00,2026-02-01 23:00:00+00,au.xlsx,1252494,f,,N,-1
sdn,2026-02-12 20:00:25.643+00,2026-02-09 23:00:00+00,ofac_sdn.xml,27986385,f,,N,-1
ch,2026-02-12 20:00:40.738+00,2026-01-27 23:00:00+00,ch.xml,36745422,f,,N,-1
nsdn,2026-02-12 20:00:50.704+00,2026-01-07 23:00:00+00,ofac_non_sdn.xml,978210,f,,N,-1
aq,2026-02-12 20:00:53.074+00,2026-02-11 23:00:08.985+00,onu.xml,2025693,f,,N,-1
eu,2026-02-12 20:00:55.538+00,2026-02-01 23:00:00+00,euea.xml,24146433,f,,N,-1
uk,2026-02-12 20:01:05.821+00,2026-02-09 23:00:00+00,uk.xml,19560026,f,,N,-1
ca,2026-02-12 20:01:10.328+00,2026-02-12 20:01:14.767+00,ca.xml,1672024,f,,N,-1
us,2026-02-12 20:01:17.569+00,2026-02-12 20:01:17.569+00,cuba.xml,262316,f,,N,-1
au,2026-02-13 06:00:07.157+00,2026-02-01 23:00:00+00,au.xlsx,1252494,f,,N,-1
sdn,2026-02-13 06:00:24.608+00,2026-02-09 23:00:00+00,ofac_sdn.xml,27986385,f,,N,-1
ch,2026-02-13 06:00:40.498+00,2026-01-27 23:00:00+00,ch.xml,36745422,f,,N,-1
nsdn,2026-02-13 06:00:56.943+00,2026-01-07 23:00:00+00,ofac_non_sdn.xml,978210,f,,N,-1
aq,2026-02-13 06:00:59.52+00,2026-02-12 23:00:08.022+00,onu.xml,2025693,f,,N,-1
eu,2026-02-13 06:01:01.896+00,2026-02-01 23:00:00+00,euea.xml,24146433,f,,N,-1
uk,2026-02-13 06:01:11.296+00,2026-02-09 23:00:00+00,uk.xml,19560026,f,,N,-1
ca,2026-02-13 06:01:14.982+00,2026-02-13 06:01:19.204+00,ca.xml,1672024,f,,N,-1
us,2026-02-13 06:01:21.959+00,2026-02-13 06:01:21.959+00,cuba.xml,262316,f,,N,-1
au,2026-02-13 20:00:06.428+00,2026-02-01 23:00:00+00,au.xlsx,1252494,f,,N,-1
sdn,2026-02-13 20:00:25.886+00,2026-02-09 23:00:00+00,ofac_sdn.xml,27986385,f,,N,-1
ch,2026-02-13 20:00:41.731+00,2026-01-27 23:00:00+00,ch.xml,36745422,f,,N,-1
nsdn,2026-02-13 20:00:55.572+00,2026-01-07 23:00:00+00,ofac_non_sdn.xml,978210,f,,N,-1
aq,2026-02-13 20:00:57.886+00,2026-02-12 23:00:08.022+00,onu.xml,2025693,f,,N,-1
eu,2026-02-13 20:01:00.271+00,2026-02-01 23:00:00+00,euea.xml,24146433,f,,N,-1
uk,2026-02-13 20:01:29.715+00,2026-02-12 23:00:00+00,uk.xml,19560107,f,,N,-1
ca,2026-02-13 20:01:34.197+00,2026-02-13 20:01:38.461+00,ca.xml,1672024,f,,N,-1
us,2026-02-13 20:01:41.558+00,2026-02-13 20:01:41.56+00,cuba.xml,262316,f,,N,-1
au,2026-02-14 06:00:07.465+00,2026-02-01 23:00:00+00,au.xlsx,1252494,f,,N,-1
sdn,2026-02-14 06:00:30.397+00,2026-02-09 23:00:00+00,ofac_sdn.xml,27986385,f,,N,-1
ch,2026-02-14 06:00:48.655+00,2026-01-27 23:00:00+00,ch.xml,36745422,f,,N,-1
nsdn,2026-02-14 06:01:05.929+00,2026-01-07 23:00:00+00,ofac_non_sdn.xml,978210,f,,N,-1
aq,2026-02-14 06:01:09.357+00,2026-02-13 23:00:01.708+00,onu.xml,2025693,f,,N,-1
eu,2026-02-14 06:01:12.551+00,2026-02-01 23:00:00+00,euea.xml,24146433,f,,N,-1
uk,2026-02-14 06:01:23.906+00,2026-02-12 23:00:00+00,uk.xml,19560107,f,,N,-1
ca,2026-02-14 06:01:30.557+00,2026-02-14 06:01:36.754+00,ca.xml,1672024,f,,N,-1
us,2026-02-14 06:01:40.082+00,2026-02-14 06:01:40.087+00,cuba.xml,262316,f,,N,-1
au,2026-02-14 20:00:09.607+00,2026-02-01 23:00:00+00,au.xlsx,1252494,f,,N,-1
sdn,2026-02-14 20:00:46.826+00,2026-02-09 23:00:00+00,ofac_sdn.xml,27986385,f,,N,-1
ch,2026-02-14 20:01:09.366+00,2026-01-27 23:00:00+00,ch.xml,36745422,f,,N,-1
nsdn,2026-02-14 20:01:26.106+00,2026-01-07 23:00:00+00,ofac_non_sdn.xml,978210,f,,N,-1
aq,2026-02-14 20:01:29.04+00,2026-02-13 23:00:01.708+00,onu.xml,2025693,f,,N,-1
eu,2026-02-14 20:01:31.818+00,2026-02-01 23:00:00+00,euea.xml,24146433,f,,N,-1
uk,2026-02-14 20:01:46.714+00,2026-02-12 23:00:00+00,uk.xml,19560107,f,,N,-1
ca,2026-02-14 20:01:55.798+00,2026-02-14 20:01:59.944+00,ca.xml,1674440,f,,N,-1
us,2026-02-14 20:02:05.49+00,2026-02-14 20:02:05.491+00,cuba.xml,262316,f,,N,-1
au,2026-02-15 06:00:01.412+00,2026-02-01 23:00:00+00,au.xlsx,1252494,f,,N,-1
sdn,2026-02-15 06:00:38.763+00,2026-02-09 23:00:00+00,ofac_sdn.xml,27986385,f,,N,-1
ch,2026-02-15 06:01:07.918+00,2026-01-27 23:00:00+00,ch.xml,36745422,f,,N,-1
nsdn,2026-02-15 06:01:33.482+00,2026-01-07 23:00:00+00,ofac_non_sdn.xml,978210,f,,N,-1
aq,2026-02-15 06:01:36.461+00,2026-02-14 23:00:08.827+00,onu.xml,2025693,f,,N,-1
eu,2026-02-15 06:01:39.92+00,2026-02-01 23:00:00+00,euea.xml,24146433,f,,N,-1
uk,2026-02-15 06:01:54.033+00,2026-02-12 23:00:00+00,uk.xml,19560107,f,,N,-1
ca,2026-02-15 06:02:06.042+00,2026-02-15 06:02:10.382+00,ca.xml,1674440,f,,N,-1
us,2026-02-15 06:02:17.64+00,2026-02-15 06:02:17.686+00,cuba.xml,262316,f,,N,-1
au,2026-02-15 20:00:03.241+00,2026-02-01 23:00:00+00,au.xlsx,1252494,f,,N,-1
sdn,2026-02-15 20:00:37.847+00,2026-02-09 23:00:00+00,ofac_sdn.xml,27986385,f,,N,-1
ch,2026-02-15 20:01:11.977+00,2026-01-27 23:00:00+00,ch.xml,36745422,f,,N,-1
nsdn,2026-02-15 20:01:35.922+00,2026-01-07 23:00:00+00,ofac_non_sdn.xml,978210,f,,N,-1
aq,2026-02-15 20:01:39.186+00,2026-02-14 23:00:08.827+00,onu.xml,2025693,f,,N,-1
eu,2026-02-15 20:01:43.186+00,2026-02-01 23:00:00+00,euea.xml,24146433,f,,N,-1
uk,2026-02-15 20:02:00.243+00,2026-02-12 23:00:00+00,uk.xml,19560107,f,,N,-1
ca,2026-02-15 20:02:14.311+00,2026-02-15 20:02:19.016+00,ca.xml,1674440,f,,N,-1
us,2026-02-15 20:02:25.638+00,2026-02-15 20:02:25.638+00,cuba.xml,262316,f,,N,-1
au,2026-02-16 06:00:01.763+00,2026-02-01 23:00:00+00,au.xlsx,1252494,f,,N,-1
sdn,2026-02-16 06:00:41.73+00,2026-02-09 23:00:00+00,ofac_sdn.xml,27986385,f,,N,-1
ch,2026-02-16 06:01:15.75+00,2026-01-27 23:00:00+00,ch.xml,36745422,f,,N,-1
nsdn,2026-02-16 06:01:39.901+00,2026-01-07 23:00:00+00,ofac_non_sdn.xml,978210,f,,N,-1
aq,2026-02-16 06:01:43.111+00,2026-02-14 23:00:08.827+00,onu.xml,2025693,f,,N,-1
eu,2026-02-16 06:01:46.262+00,2026-02-01 23:00:00+00,euea.xml,24146433,f,,N,-1
uk,2026-02-16 06:02:03.994+00,2026-02-12 23:00:00+00,uk.xml,19560107,f,,N,-1
ca,2026-02-16 06:02:18.154+00,2026-02-16 06:02:22.551+00,ca.xml,1674440,f,,N,-1
us,2026-02-16 06:02:29.741+00,2026-02-16 06:02:29.743+00,cuba.xml,262316,f,,N,-1
au,2026-02-16 20:00:09.35+00,2026-02-01 23:00:00+00,au.xlsx,1252494,f,,N,-1
sdn,2026-02-16 20:00:48.104+00,2026-02-09 23:00:00+00,ofac_sdn.xml,27986385,f,,N,-1
ch,2026-02-16 20:01:22.908+00,2026-01-27 23:00:00+00,ch.xml,36745422,f,,N,-1
nsdn,2026-02-16 20:01:46.938+00,2026-01-07 23:00:00+00,ofac_non_sdn.xml,978210,f,,N,-1
aq,2026-02-16 20:01:50.246+00,2026-02-14 23:00:08.827+00,onu.xml,2025693,f,,N,-1
eu,2026-02-16 20:01:53.954+00,2026-02-01 23:00:00+00,euea.xml,24146433,f,,N,-1
uk,2026-02-16 20:02:12.666+00,2026-02-12 23:00:00+00,uk.xml,19560107,f,,N,-1
ca,2026-02-16 20:02:27.522+00,2026-02-16 20:02:31.803+00,ca.xml,1674440,f,,N,-1
us,2026-02-16 20:02:39.008+00,2026-02-16 20:02:39.008+00,cuba.xml,262316,f,,N,-1
au,2026-02-17 06:00:03.026+00,2026-02-01 23:00:00+00,au.xlsx,1252494,f,,N,-1
sdn,2026-02-17 06:00:41.63+00,2026-02-09 23:00:00+00,ofac_sdn.xml,27986385,f,,N,-1
ch,2026-02-17 06:01:18.898+00,2026-01-27 23:00:00+00,ch.xml,36745422,f,,N,-1
nsdn,2026-02-17 06:01:50.599+00,2026-01-07 23:00:00+00,ofac_non_sdn.xml,978210,f,,N,-1
aq,2026-02-17 06:01:53.932+00,2026-02-16 23:00:11.118+00,onu.xml,2025693,f,,N,-1
eu,2026-02-17 06:01:57.788+00,2026-02-01 23:00:00+00,euea.xml,24146433,f,,N,-1
uk,2026-02-17 06:02:13.933+00,2026-02-12 23:00:00+00,uk.xml,19560107,f,,N,-1
ca,2026-02-17 06:02:28.617+00,2026-02-17 06:02:33.055+00,ca.xml,1674440,f,,N,-1
us,2026-02-17 06:02:39.914+00,2026-02-17 06:02:39.916+00,cuba.xml,262316,f,,N,-1
au,2026-02-18 06:00:07.632+00,2026-02-01 23:00:00+00,au.xlsx,1252494,f,,N,-1
sdn,2026-02-18 06:00:23.503+00,2026-02-09 23:00:00+00,ofac_sdn.xml,27986385,f,,N,-1
ch,2026-02-18 06:00:38.003+00,2026-01-27 23:00:00+00,ch.xml,36745422,f,,N,-1
nsdn,2026-02-18 06:01:03.522+00,2026-01-07 23:00:00+00,ofac_non_sdn.xml,978210,f,,N,-1
aq,2026-02-18 06:01:05.992+00,2026-02-17 23:00:06.128+00,onu.xml,2025693,f,,N,-1
eu,2026-02-18 06:01:08.243+00,2026-02-01 23:00:00+00,euea.xml,24146433,f,,N,-1
uk,2026-02-18 06:01:18.13+00,2026-02-12 23:00:00+00,uk.xml,19560107,f,,N,-1
ca,2026-02-18 06:01:22.674+00,2026-02-18 06:01:26.854+00,ca.xml,1674440,f,,N,-1
us,2026-02-18 06:01:29.455+00,2026-02-18 06:01:29.456+00,cuba.xml,262316,f,,N,-1
au,2026-02-18 20:00:03.342+00,2026-02-01 23:00:00+00,au.xlsx,1252494,f,,N,-1
sdn,2026-02-18 20:00:23.043+00,2026-02-09 23:00:00+00,ofac_sdn.xml,27986385,f,,N,-1
ch,2026-02-18 20:00:39.589+00,2026-02-17 23:00:00+00,ch.xml,36765225,f,,N,-1
nsdn,2026-02-18 20:00:54.642+00,2026-01-07 23:00:00+00,ofac_non_sdn.xml,978210,f,,N,-1
aq,2026-02-18 20:00:57.304+00,2026-02-17 23:00:06.128+00,onu.xml,2025693,f,,N,-1
eu,2026-02-18 20:00:59.605+00,2026-02-01 23:00:00+00,euea.xml,24146433,f,,N,-1
uk,2026-02-18 20:01:09.499+00,2026-02-12 23:00:00+00,uk.xml,19560107,f,,N,-1
ca,2026-02-18 20:01:13.969+00,2026-02-18 20:01:18.256+00,ca.xml,1676495,f,,N,-1
us,2026-02-18 20:01:21.052+00,2026-02-18 20:01:21.052+00,cuba.xml,262316,f,,N,-1
au,2026-02-19 06:00:04.638+00,2026-02-01 23:00:00+00,au.xlsx,1252494,f,,N,-1
sdn,2026-02-19 06:00:20.8+00,2026-02-09 23:00:00+00,ofac_sdn.xml,27986385,f,,N,-1
ch,2026-02-19 06:00:35.088+00,2026-02-17 23:00:00+00,ch.xml,36765225,f,,N,-1
nsdn,2026-02-19 06:00:55.294+00,2026-01-07 23:00:00+00,ofac_non_sdn.xml,978210,f,,N,-1
aq,2026-02-19 06:00:57.885+00,2026-02-18 23:00:11.647+00,onu.xml,2025693,f,,N,-1
eu,2026-02-19 06:01:00.354+00,2026-02-01 23:00:00+00,euea.xml,24146433,f,,N,-1
uk,2026-02-19 06:01:08.722+00,2026-02-12 23:00:00+00,uk.xml,19560107,f,,N,-1
ca,2026-02-19 06:01:12.432+00,2026-02-19 06:01:16.574+00,ca.xml,1676495,f,,N,-1
us,2026-02-19 06:01:19.314+00,2026-02-19 06:01:19.314+00,cuba.xml,262316,f,,N,-1
au,2026-02-19 20:00:05.774+00,2026-02-01 23:00:00+00,au.xlsx,1252494,f,,N,-1
sdn,2026-02-19 20:00:22.302+00,2026-02-18 23:00:00+00,ofac_sdn.xml,28027191,f,,N,-1
ch,2026-02-19 20:00:37.48+00,2026-02-17 23:00:00+00,ch.xml,36765225,f,,N,-1
nsdn,2026-02-19 20:00:46.539+00,2026-01-07 23:00:00+00,ofac_non_sdn.xml,978210,f,,N,-1
aq,2026-02-19 20:00:49.121+00,2026-02-18 23:00:11.647+00,onu.xml,2025693,f,,N,-1
eu,2026-02-19 20:00:51.479+00,2026-02-01 23:00:00+00,euea.xml,24146433,f,,N,-1
uk,2026-02-19 20:01:00.654+00,2026-02-12 23:00:00+00,uk.xml,19560107,f,,N,-1
ca,2026-02-19 20:01:05.285+00,2026-02-19 20:01:11.159+00,ca.xml,1676495,f,,N,-1
us,2026-02-19 20:01:14.403+00,2026-02-19 20:01:14.404+00,cuba.xml,262316,f,,N,-1
au,2026-02-20 06:00:08.037+00,2026-02-01 23:00:00+00,au.xlsx,1252494,f,,N,-1
sdn,2026-02-20 06:00:26.459+00,2026-02-18 23:00:00+00,ofac_sdn.xml,28027191,f,,N,-1
ch,2026-02-20 06:00:42.104+00,2026-02-17 23:00:00+00,ch.xml,36765225,f,,N,-1
nsdn,2026-02-20 06:01:01.733+00,2026-01-07 23:00:00+00,ofac_non_sdn.xml,978210,f,,N,-1
aq,2026-02-20 06:01:04.377+00,2026-02-18 23:00:11.647+00,onu.xml,2025693,f,,N,-1
eu,2026-02-20 06:01:06.551+00,2026-02-01 23:00:00+00,euea.xml,24146433,f,,N,-1
uk,2026-02-20 06:01:26.645+00,2026-02-12 23:00:00+00,uk.xml,19560107,f,,N,-1
ca,2026-02-20 06:01:30.684+00,2026-02-20 06:01:34.901+00,ca.xml,1676495,f,,N,-1
us,2026-02-20 06:01:37.657+00,2026-02-20 06:01:37.658+00,cuba.xml,262316,f,,N,-1
au,2026-02-20 20:00:02.009+00,2026-02-01 23:00:00+00,au.xlsx,1252494,f,,N,-1
sdn,2026-02-20 20:00:19.504+00,2026-02-18 23:00:00+00,ofac_sdn.xml,28027191,f,,N,-1
ch,2026-02-20 20:00:34.835+00,2026-02-17 23:00:00+00,ch.xml,36765225,f,,N,-1
nsdn,2026-02-20 20:00:53.285+00,2026-01-07 23:00:00+00,ofac_non_sdn.xml,978210,f,,N,-1
aq,2026-02-20 20:00:55.798+00,2026-02-18 23:00:11.647+00,onu.xml,2025693,f,,N,-1
eu,2026-02-20 20:00:58.137+00,2026-02-01 23:00:00+00,euea.xml,24146433,f,,N,-1
uk,2026-02-20 20:01:07.073+00,2026-02-12 23:00:00+00,uk.xml,19560107,f,,N,-1
ca,2026-02-20 20:01:11.037+00,2026-02-20 20:01:15.322+00,ca.xml,1676495,f,,N,-1
us,2026-02-20 20:01:17.868+00,2026-02-20 20:01:17.869+00,cuba.xml,262316,f,,N,-1
au,2026-02-21 06:00:02.79+00,2026-02-01 23:00:00+00,au.xlsx,1252494,f,,N,-1
sdn,2026-02-21 06:00:18.799+00,2026-02-18 23:00:00+00,ofac_sdn.xml,28027191,f,,N,-1
ch,2026-02-21 06:00:34.348+00,2026-02-17 23:00:00+00,ch.xml,36765225,f,,N,-1
nsdn,2026-02-21 06:00:49.879+00,2026-01-07 23:00:00+00,ofac_non_sdn.xml,978210,f,,N,-1
aq,2026-02-21 06:00:52.408+00,2026-02-20 23:00:07.064+00,onu.xml,2025693,f,,N,-1
eu,2026-02-21 06:00:54.601+00,2026-02-01 23:00:00+00,euea.xml,24146433,f,,N,-1
uk,2026-02-21 06:01:04.498+00,2026-02-12 23:00:00+00,uk.xml,19560107,f,,N,-1
ca,2026-02-21 06:01:08.143+00,2026-02-21 06:01:12.238+00,ca.xml,1676495,f,,N,-1
us,2026-02-21 06:01:14.921+00,2026-02-21 06:01:14.921+00,cuba.xml,262316,f,,N,-1
au,2026-02-21 20:00:03.634+00,2026-02-01 23:00:00+00,au.xlsx,1252494,f,,N,-1
sdn,2026-02-21 20:00:20.787+00,2026-02-18 23:00:00+00,ofac_sdn.xml,28027191,f,,N,-1
ch,2026-02-21 20:00:35.03+00,2026-02-17 23:00:00+00,ch.xml,36765225,f,,N,-1
nsdn,2026-02-21 20:00:52.348+00,2026-01-07 23:00:00+00,ofac_non_sdn.xml,978210,f,,N,-1
aq,2026-02-21 20:00:54.89+00,2026-02-20 23:00:07.064+00,onu.xml,2025693,f,,N,-1
eu,2026-02-21 20:00:57.189+00,2026-02-01 23:00:00+00,euea.xml,24146433,f,,N,-1
uk,2026-02-21 20:01:07.545+00,2026-02-12 23:00:00+00,uk.xml,19560107,f,,N,-1
ca,2026-02-21 20:01:11.803+00,2026-02-21 20:01:16.425+00,ca.xml,1676495,f,,N,-1
us,2026-02-21 20:01:19.098+00,2026-02-21 20:01:19.098+00,cuba.xml,262316,f,,N,-1
au,2026-02-22 06:00:04.943+00,2026-02-01 23:00:00+00,au.xlsx,1252494,f,,N,-1
sdn,2026-02-22 06:00:22.012+00,2026-02-18 23:00:00+00,ofac_sdn.xml,28027191,f,,N,-1
ch,2026-02-22 06:00:36.535+00,2026-02-17 23:00:00+00,ch.xml,36765225,f,,N,-1
nsdn,2026-02-22 06:01:01.768+00,2026-01-07 23:00:00+00,ofac_non_sdn.xml,978210,f,,N,-1
aq,2026-02-22 06:01:04.32+00,2026-02-21 23:00:01.615+00,onu.xml,2025693,f,,N,-1
eu,2026-02-22 06:01:06.526+00,2026-02-01 23:00:00+00,euea.xml,24146433,f,,N,-1
uk,2026-02-22 06:01:21.794+00,2026-02-12 23:00:00+00,uk.xml,19560107,f,,N,-1
ca,2026-02-22 06:01:25.545+00,2026-02-22 06:01:29.665+00,ca.xml,1676495,f,,N,-1
us,2026-02-22 06:01:32.336+00,2026-02-22 06:01:32.337+00,cuba.xml,262316,f,,N,-1
au,2026-02-22 20:00:05.748+00,2026-02-01 23:00:00+00,au.xlsx,1252494,f,,N,-1
sdn,2026-02-22 20:00:20.239+00,2026-02-18 23:00:00+00,ofac_sdn.xml,28027191,f,,N,-1
ch,2026-02-22 20:00:34.22+00,2026-02-17 23:00:00+00,ch.xml,36765225,f,,N,-1
nsdn,2026-02-22 20:00:49.594+00,2026-01-07 23:00:00+00,ofac_non_sdn.xml,978210,f,,N,-1
aq,2026-02-22 20:00:52.194+00,2026-02-21 23:00:01.615+00,onu.xml,2025693,f,,N,-1
eu,2026-02-22 20:00:54.774+00,2026-02-01 23:00:00+00,euea.xml,24146433,f,,N,-1
uk,2026-02-22 20:01:04.792+00,2026-02-12 23:00:00+00,uk.xml,19560107,f,,N,-1
ca,2026-02-22 20:01:08.775+00,2026-02-22 20:01:13.101+00,ca.xml,1676495,f,,N,-1
us,2026-02-22 20:01:15.713+00,2026-02-22 20:01:15.714+00,cuba.xml,262316,f,,N,-1
au,2026-02-23 06:00:07.877+00,2026-02-01 23:00:00+00,au.xlsx,1252494,f,,N,-1
sdn,2026-02-23 06:00:22.221+00,2026-02-18 23:00:00+00,ofac_sdn.xml,28027191,f,,N,-1
ch,2026-02-23 06:00:37.329+00,2026-02-17 23:00:00+00,ch.xml,36765225,f,,N,-1
nsdn,2026-02-23 06:01:01.894+00,2026-01-07 23:00:00+00,ofac_non_sdn.xml,978210,f,,N,-1
aq,2026-02-23 06:01:04.555+00,2026-02-21 23:00:01.615+00,onu.xml,2025693,f,,N,-1
eu,2026-02-23 06:01:07.46+00,2026-02-01 23:00:00+00,euea.xml,24146433,f,,N,-1
uk,2026-02-23 06:01:17.299+00,2026-02-12 23:00:00+00,uk.xml,19560107,f,,N,-1
ca,2026-02-23 06:01:21.287+00,2026-02-23 06:01:25.638+00,ca.xml,1676495,f,,N,-1
us,2026-02-23 06:01:28.877+00,2026-02-23 06:01:28.877+00,cuba.xml,262316,f,,N,-1
au,2026-02-23 20:00:03.105+00,2026-02-23 23:00:00+00,au.xlsx,1287163,f,,N,-1
sdn,2026-02-23 20:00:23.464+00,2026-02-18 23:00:00+00,ofac_sdn.xml,28027191,f,,N,-1
ch,2026-02-23 20:00:40.105+00,2026-02-17 23:00:00+00,ch.xml,36765225,f,,N,-1
nsdn,2026-02-23 20:00:56.071+00,2026-01-07 23:00:00+00,ofac_non_sdn.xml,978210,f,,N,-1
aq,2026-02-23 20:00:58.761+00,2026-02-21 23:00:01.615+00,onu.xml,2025693,f,,N,-1
eu,2026-02-23 20:01:00.918+00,2026-02-01 23:00:00+00,euea.xml,24146433,f,,N,-1
uk,2026-02-23 20:01:10.391+00,2026-02-12 23:00:00+00,uk.xml,19560107,f,,N,-1
ca,2026-02-23 20:01:14.215+00,2026-02-23 20:01:18.629+00,ca.xml,1670603,f,,N,-1
us,2026-02-23 20:01:21.363+00,2026-02-23 20:01:21.365+00,cuba.xml,262316,f,,N,-1
au,2026-02-24 06:00:08.026+00,2026-02-23 23:00:00+00,au.xlsx,1287163,f,,N,-1
sdn,2026-02-24 06:00:23.999+00,2026-02-18 23:00:00+00,ofac_sdn.xml,28027191,f,,N,-1
ch,2026-02-24 06:00:38.146+00,2026-02-23 23:00:00+00,ch.xml,37373831,f,,N,-1
nsdn,2026-02-24 06:01:06.806+00,2026-01-07 23:00:00+00,ofac_non_sdn.xml,978210,f,,N,-1
aq,2026-02-24 06:01:09.392+00,2026-02-23 23:00:04.136+00,onu.xml,2025693,f,,N,-1
eu,2026-02-24 06:01:11.697+00,2026-02-01 23:00:00+00,euea.xml,24146433,f,,N,-1
uk,2026-02-24 06:01:21.317+00,2026-02-12 23:00:00+00,uk.xml,19560107,f,,N,-1
ca,2026-02-24 06:01:25.219+00,2026-02-24 06:01:29.417+00,ca.xml,1670603,f,,N,-1
us,2026-02-24 06:01:31.874+00,2026-02-24 06:01:31.874+00,cuba.xml,262316,f,,N,-1
au,2026-02-27 20:00:09.618+00,2026-02-23 23:00:00+00,au.xlsx,1317576,f,,N,-1
sdn,2026-02-27 20:00:29.651+00,2026-02-26 23:00:00+00,ofac_sdn.xml,28080471,f,,N,-1
ch,2026-02-27 20:00:45.529+00,2026-02-23 23:00:00+00,ch.xml,37377902,f,,N,-1
nsdn,2026-02-27 20:00:56.899+00,2026-01-07 23:00:00+00,ofac_non_sdn.xml,978210,f,,N,-1
aq,2026-02-27 20:00:59.456+00,2026-02-27 18:46:55.116+00,onu.xml,2030620,f,,N,-1
eu,2026-02-27 20:01:01.74+00,2026-02-01 23:00:00+00,euea.xml,24146433,f,,N,-1
uk,2026-02-27 20:01:12.062+00,2026-02-26 23:00:00+00,uk.xml,20613181,f,,N,-1
ca,2026-02-27 20:01:16.799+00,2026-02-27 20:01:21.223+00,ca.xml,1734316,f,,N,-1
us,2026-02-27 20:01:24.281+00,2026-02-27 20:01:24.281+00,cuba.xml,262316,f,,N,-1
au,2026-02-28 06:00:02.222+00,2026-02-23 23:00:00+00,au.xlsx,1317576,f,,N,-1
sdn,2026-02-28 06:00:18.994+00,2026-02-26 23:00:00+00,ofac_sdn.xml,28080471,f,,N,-1
ch,2026-02-28 06:00:34.258+00,2026-02-23 23:00:00+00,ch.xml,37377902,f,,N,-1
nsdn,2026-02-28 06:00:45.706+00,2026-01-07 23:00:00+00,ofac_non_sdn.xml,978210,f,,N,-1
aq,2026-02-28 06:00:48.101+00,2026-02-27 23:00:13.542+00,onu.xml,2025856,f,,N,-1
eu,2026-02-28 06:00:50.359+00,2026-02-01 23:00:00+00,euea.xml,24146433,f,,N,-1
uk,2026-02-28 06:00:57.521+00,2026-02-26 23:00:00+00,uk.xml,20613181,f,,N,-1
ca,2026-02-28 06:01:02.194+00,2026-02-28 06:01:06.341+00,ca.xml,1734316,f,,N,-1
us,2026-02-28 06:01:09.161+00,2026-02-28 06:01:09.162+00,cuba.xml,262316,f,,N,-1
au,2026-02-28 20:00:03.394+00,2026-02-23 23:00:00+00,au.xlsx,1317576,f,,N,-1
sdn,2026-02-28 20:00:41.999+00,2026-02-26 23:00:00+00,ofac_sdn.xml,28080471,f,,N,-1
ch,2026-02-28 20:00:56.289+00,2026-02-23 23:00:00+00,ch.xml,37377902,f,,N,-1
nsdn,2026-02-28 20:01:05.72+00,2026-01-07 23:00:00+00,ofac_non_sdn.xml,978210,f,,N,-1
aq,2026-02-28 20:01:08.079+00,2026-02-27 23:00:13.542+00,onu.xml,2025856,f,,N,-1
eu,2026-02-28 20:01:10.295+00,2026-02-01 23:00:00+00,euea.xml,24146433,f,,N,-1
uk,2026-02-28 20:01:17.288+00,2026-02-26 23:00:00+00,uk.xml,20613181,f,,N,-1
ca,2026-02-28 20:01:21.362+00,2026-02-28 20:01:25.751+00,ca.xml,1734316,f,,N,-1
us,2026-02-28 20:01:28.215+00,2026-02-28 20:01:28.216+00,cuba.xml,262316,f,,N,-1
au,2026-03-01 06:00:06.143+00,2026-02-23 23:00:00+00,au.xlsx,1317576,f,,N,-1
sdn,2026-03-01 06:00:22.397+00,2026-02-26 23:00:00+00,ofac_sdn.xml,28080471,f,,N,-1
ch,2026-03-01 06:00:38.415+00,2026-02-23 23:00:00+00,ch.xml,37377902,f,,N,-1
nsdn,2026-03-01 06:00:48.866+00,2026-01-07 23:00:00+00,ofac_non_sdn.xml,978210,f,,N,-1
aq,2026-03-01 06:00:51.292+00,2026-02-28 23:00:11.9+00,onu.xml,2025856,f,,N,-1
eu,2026-03-01 06:00:53.458+00,2026-02-01 23:00:00+00,euea.xml,24146433,f,,N,-1
uk,2026-03-01 06:01:03.324+00,2026-02-26 23:00:00+00,uk.xml,20613181,f,,N,-1
ca,2026-03-01 06:01:07.153+00,2026-03-01 06:01:11.419+00,ca.xml,1734316,f,,N,-1
us,2026-03-01 06:01:14.21+00,2026-03-01 06:01:14.21+00,cuba.xml,262316,f,,N,-1
au,2026-03-04 06:00:03.394+00,2026-02-25 23:00:00+00,au.xlsx,1319859,f,,N,-1
sdn,2026-03-04 06:00:18.115+00,2026-03-01 23:00:00+00,ofac_sdn.xml,28087187,f,,N,-1
ch,2026-03-04 06:00:35.062+00,2026-02-26 23:00:00+00,ch.xml,37384723,f,,N,-1
nsdn,2026-03-04 06:00:59.143+00,2026-01-07 23:00:00+00,ofac_non_sdn.xml,978210,f,,N,-1
aq,2026-03-04 06:01:01.901+00,2026-03-03 23:00:18.066+00,onu.xml,2025856,f,,N,-1
eu,2026-03-04 06:01:04.396+00,2026-02-01 23:00:00+00,euea.xml,24146433,f,,N,-1
uk,2026-03-04 06:01:12.167+00,2026-03-01 23:00:00+00,uk.xml,20602131,f,,N,-1
ca,2026-03-04 06:01:17.144+00,2026-03-04 06:01:21.434+00,ca.xml,1734316,f,,N,-1
us,2026-03-04 06:01:24.137+00,2026-03-04 06:01:24.137+00,cuba.xml,262316,f,,N,-1
au,2026-03-04 20:00:09.732+00,2026-02-25 23:00:00+00,au.xlsx,1319859,f,,N,-1
sdn,2026-03-04 20:00:29.672+00,2026-03-01 23:00:00+00,ofac_sdn.xml,28087187,f,,N,-1
ch,2026-03-04 20:00:45.188+00,2026-02-26 23:00:00+00,ch.xml,37384723,f,,N,-1
nsdn,2026-03-04 20:01:02.246+00,2026-01-07 23:00:00+00,ofac_non_sdn.xml,978210,f,,N,-1
aq,2026-03-04 20:01:04.701+00,2026-03-03 23:00:18.066+00,onu.xml,2025856,f,,N,-1
eu,2026-03-04 20:01:06.981+00,2026-02-01 23:00:00+00,euea.xml,24146433,f,,N,-1
uk,2026-03-04 20:01:14.398+00,2026-03-01 23:00:00+00,uk.xml,20602131,f,,N,-1
ca,2026-03-04 20:01:19.01+00,2026-03-04 20:01:23.511+00,ca.xml,1733973,f,,N,-1
us,2026-03-04 20:01:26.22+00,2026-03-04 20:01:26.221+00,cuba.xml,262316,f,,N,-1
au,2026-03-05 06:00:00.441+00,2026-02-25 23:00:00+00,au.xlsx,1319859,f,,N,-1
sdn,2026-03-05 06:00:27.767+00,2026-03-01 23:00:00+00,ofac_sdn.xml,28087187,f,,N,-1
ch,2026-03-05 06:00:42.11+00,2026-02-26 23:00:00+00,ch.xml,37384723,f,,N,-1
nsdn,2026-03-05 06:01:17.138+00,2026-01-07 23:00:00+00,ofac_non_sdn.xml,978210,f,,N,-1
aq,2026-03-05 06:01:19.693+00,2026-03-04 23:00:14.367+00,onu.xml,2025856,f,,N,-1
eu,2026-03-05 06:01:21.935+00,2026-02-01 23:00:00+00,euea.xml,24146433,f,,N,-1
uk,2026-03-05 06:01:29.368+00,2026-03-01 23:00:00+00,uk.xml,20602131,f,,N,-1
ca,2026-03-05 06:01:33.767+00,2026-03-05 06:01:39.866+00,ca.xml,1733973,f,,N,-1
us,2026-03-05 06:01:42.647+00,2026-03-05 06:01:42.648+00,cuba.xml,262316,f,,N,-1
au,2026-03-05 20:00:02.394+00,2026-02-25 23:00:00+00,au.xlsx,1319859,f,,N,-1
sdn,2026-03-05 20:00:19.06+00,2026-03-04 23:00:00+00,ofac_sdn.xml,28084925,f,,N,-1
ch,2026-03-05 20:00:37.326+00,2026-02-26 23:00:00+00,ch.xml,37384723,f,,N,-1
nsdn,2026-03-05 20:00:53.884+00,2026-01-07 23:00:00+00,ofac_non_sdn.xml,978210,f,,N,-1
aq,2026-03-05 20:00:56.445+00,2026-03-04 23:00:14.367+00,onu.xml,2025856,f,,N,-1
eu,2026-03-05 20:00:58.691+00,2026-02-01 23:00:00+00,euea.xml,24146433,f,,N,-1
uk,2026-03-05 20:01:05.925+00,2026-03-01 23:00:00+00,uk.xml,20602131,f,,N,-1
ca,2026-03-05 20:01:10.354+00,2026-03-05 20:01:14.611+00,ca.xml,1733973,f,,N,-1
us,2026-03-05 20:01:17.067+00,2026-03-05 20:01:17.067+00,cuba.xml,262316,f,,N,-1
au,2026-03-06 06:00:05.512+00,2026-02-25 23:00:00+00,au.xlsx,1319859,f,,N,-1
sdn,2026-03-06 06:00:22.339+00,2026-03-04 23:00:00+00,ofac_sdn.xml,28084925,f,,N,-1
ch,2026-03-06 06:00:38.588+00,2026-02-26 23:00:00+00,ch.xml,37384723,f,,N,-1
nsdn,2026-03-06 06:00:54.936+00,2026-01-07 23:00:00+00,ofac_non_sdn.xml,978210,f,,N,-1
aq,2026-03-06 06:00:57.736+00,2026-03-05 23:00:09.71+00,onu.xml,2025856,f,,N,-1
eu,2026-03-06 06:01:00.078+00,2026-02-01 23:00:00+00,euea.xml,24146433,f,,N,-1
uk,2026-03-06 06:01:10.762+00,2026-03-01 23:00:00+00,uk.xml,20602131,f,,N,-1
ca,2026-03-06 06:01:15.067+00,2026-03-06 06:01:19.226+00,ca.xml,1733973,f,,N,-1
us,2026-03-06 06:01:22.055+00,2026-03-06 06:01:22.055+00,cuba.xml,262316,f,,N,-1
au,2026-03-06 20:00:06.853+00,2026-02-25 23:00:00+00,au.xlsx,1319859,f,,N,-1
sdn,2026-03-06 20:00:27.289+00,2026-03-05 23:00:00+00,ofac_sdn.xml,28083421,f,,N,-1
ch,2026-03-06 20:00:42.158+00,2026-02-26 23:00:00+00,ch.xml,37384723,f,,N,-1
nsdn,2026-03-06 20:00:53.651+00,2026-01-07 23:00:00+00,ofac_non_sdn.xml,978210,f,,N,-1
aq,2026-03-06 20:00:56.017+00,2026-03-05 23:00:09.71+00,onu.xml,2025856,f,,N,-1
eu,2026-03-06 20:00:58.305+00,2026-02-01 23:00:00+00,euea.xml,24146433,f,,N,-1
uk,2026-03-06 20:01:07.526+00,2026-03-05 23:00:00+00,uk.xml,20602205,f,,N,-1
ca,2026-03-06 20:01:11.89+00,2026-03-06 20:01:16.336+00,ca.xml,1733973,f,,N,-1
us,2026-03-06 20:01:19.196+00,2026-03-06 20:01:19.196+00,cuba.xml,262316,f,,N,-1
au,2026-03-07 06:00:07.843+00,2026-02-25 23:00:00+00,au.xlsx,1319859,f,,N,-1
sdn,2026-03-07 06:00:23.15+00,2026-03-05 23:00:00+00,ofac_sdn.xml,28083421,f,,N,-1
ch,2026-03-07 06:00:39.914+00,2026-02-26 23:00:00+00,ch.xml,37384723,f,,N,-1
nsdn,2026-03-07 06:00:49.587+00,2026-01-07 23:00:00+00,ofac_non_sdn.xml,978210,f,,N,-1
aq,2026-03-07 06:00:52.031+00,2026-03-06 23:00:15.96+00,onu.xml,2025856,f,,N,-1
eu,2026-03-07 06:00:54.306+00,2026-02-01 23:00:00+00,euea.xml,24146433,f,,N,-1
uk,2026-03-07 06:01:03.312+00,2026-03-05 23:00:00+00,uk.xml,20602205,f,,N,-1
ca,2026-03-07 06:01:07.248+00,2026-03-07 06:01:11.425+00,ca.xml,1733973,f,,N,-1
us,2026-03-07 06:01:14.07+00,2026-03-07 06:01:14.071+00,cuba.xml,262316,f,,N,-1
au,2026-03-07 20:00:08.829+00,2026-02-25 23:00:00+00,au.xlsx,1319859,f,,N,-1
sdn,2026-03-07 20:00:24.007+00,2026-03-05 23:00:00+00,ofac_sdn.xml,28083421,f,,N,-1
ch,2026-03-07 20:00:38.762+00,2026-02-26 23:00:00+00,ch.xml,37384723,f,,N,-1
nsdn,2026-03-07 20:00:49.973+00,2026-01-07 23:00:00+00,ofac_non_sdn.xml,978210,f,,N,-1
aq,2026-03-07 20:00:52.368+00,2026-03-06 23:00:15.96+00,onu.xml,2025856,f,,N,-1
eu,2026-03-07 20:00:54.592+00,2026-02-01 23:00:00+00,euea.xml,24146433,f,,N,-1
uk,2026-03-07 20:01:01.919+00,2026-03-05 23:00:00+00,uk.xml,20602205,f,,N,-1
ca,2026-03-07 20:01:06.423+00,2026-03-07 20:01:10.79+00,ca.xml,1733973,f,,N,-1
us,2026-03-07 20:01:13.462+00,2026-03-07 20:01:13.463+00,cuba.xml,262316,f,,N,-1
au,2026-03-08 06:00:09.717+00,2026-02-25 23:00:00+00,au.xlsx,1319859,f,,N,-1
sdn,2026-03-08 06:00:30.075+00,2026-03-05 23:00:00+00,ofac_sdn.xml,28083421,f,,N,-1
ch,2026-03-08 06:00:45.331+00,2026-02-26 23:00:00+00,ch.xml,37384723,f,,N,-1
nsdn,2026-03-08 06:00:54.34+00,2026-01-07 23:00:00+00,ofac_non_sdn.xml,978210,f,,N,-1
aq,2026-03-08 06:00:56.742+00,2026-03-07 23:00:15.973+00,onu.xml,2025856,f,,N,-1
eu,2026-03-08 06:00:59.072+00,2026-02-01 23:00:00+00,euea.xml,24146433,f,,N,-1
uk,2026-03-08 06:01:08.121+00,2026-03-05 23:00:00+00,uk.xml,20602205,f,,N,-1
ca,2026-03-08 06:01:12.918+00,2026-03-08 06:01:17.068+00,ca.xml,1733973,f,,N,-1
us,2026-03-08 06:01:19.866+00,2026-03-08 06:01:19.867+00,cuba.xml,262316,f,,N,-1
au,2026-03-08 20:00:04.817+00,2026-02-25 23:00:00+00,au.xlsx,1319859,f,,N,-1
sdn,2026-03-08 20:00:21.588+00,2026-03-05 23:00:00+00,ofac_sdn.xml,28083421,f,,N,-1
ch,2026-03-08 20:00:35.497+00,2026-02-26 23:00:00+00,ch.xml,37384723,f,,N,-1
nsdn,2026-03-08 20:00:44.387+00,2026-01-07 23:00:00+00,ofac_non_sdn.xml,978210,f,,N,-1
aq,2026-03-08 20:00:46.818+00,2026-03-07 23:00:15.973+00,onu.xml,2025856,f,,N,-1
eu,2026-03-08 20:00:49.199+00,2026-02-01 23:00:00+00,euea.xml,24146433,f,,N,-1
uk,2026-03-08 20:00:56.483+00,2026-03-05 23:00:00+00,uk.xml,20602205,f,,N,-1
ca,2026-03-08 20:01:00.988+00,2026-03-08 20:01:05.281+00,ca.xml,1733973,f,,N,-1
us,2026-03-08 20:01:08.033+00,2026-03-08 20:01:08.034+00,cuba.xml,262316,f,,N,-1
au,2026-03-09 06:00:05.256+00,2026-02-25 23:00:00+00,au.xlsx,1319859,f,,N,-1
sdn,2026-03-09 06:00:23.736+00,2026-03-05 23:00:00+00,ofac_sdn.xml,28083421,f,,N,-1
ch,2026-03-09 06:00:39.762+00,2026-02-26 23:00:00+00,ch.xml,37384723,f,,N,-1
nsdn,2026-03-09 06:00:54.435+00,2026-01-07 23:00:00+00,ofac_non_sdn.xml,978210,f,,N,-1
aq,2026-03-09 06:00:57.052+00,2026-03-07 23:00:15.973+00,onu.xml,2025856,f,,N,-1
eu,2026-03-09 06:00:59.395+00,2026-02-01 23:00:00+00,euea.xml,24146433,f,,N,-1
uk,2026-03-09 06:01:07.044+00,2026-03-05 23:00:00+00,uk.xml,20602205,f,,N,-1
ca,2026-03-09 06:01:11.303+00,2026-03-09 06:01:15.745+00,ca.xml,1733973,f,,N,-1
us,2026-03-09 06:01:18.748+00,2026-03-09 06:01:18.749+00,cuba.xml,262316,f,,N,-1
au,2026-03-09 20:00:06.622+00,2026-02-25 23:00:00+00,au.xlsx,1319859,f,,N,-1
sdn,2026-03-09 20:00:27.062+00,2026-03-08 23:00:00+00,ofac_sdn.xml,28085042,f,,N,-1
ch,2026-03-09 20:00:44.112+00,2026-02-26 23:00:00+00,ch.xml,37384723,f,,N,-1
nsdn,2026-03-09 20:00:53.086+00,2026-01-07 23:00:00+00,ofac_non_sdn.xml,978210,f,,N,-1
aq,2026-03-09 20:00:55.517+00,2026-03-07 23:00:15.973+00,onu.xml,2025856,f,,N,-1
eu,2026-03-09 20:00:57.895+00,2026-02-01 23:00:00+00,euea.xml,24146433,f,,N,-1
uk,2026-03-09 20:01:05.946+00,2026-03-05 23:00:00+00,uk.xml,20602205,f,,N,-1
ca,2026-03-09 20:01:10.689+00,2026-03-09 20:01:15.041+00,ca.xml,1733973,f,,N,-1
us,2026-03-09 20:01:18.28+00,2026-03-09 20:01:18.28+00,cuba.xml,262316,f,,N,-1
au,2026-03-10 06:00:08.111+00,2026-02-25 23:00:00+00,au.xlsx,1319859,f,,N,-1
sdn,2026-03-10 06:00:23.969+00,2026-03-08 23:00:00+00,ofac_sdn.xml,28085042,f,,N,-1
ch,2026-03-10 06:00:38.104+00,2026-03-09 23:00:00+00,ch.xml,37443716,f,,N,-1
nsdn,2026-03-10 06:00:50.429+00,2026-01-07 23:00:00+00,ofac_non_sdn.xml,978210,f,,N,-1
aq,2026-03-10 06:00:52.879+00,2026-03-09 23:00:09.461+00,onu.xml,2025856,f,,N,-1
eu,2026-03-10 06:00:55.179+00,2026-02-01 23:00:00+00,euea.xml,24146433,f,,N,-1
uk,2026-03-10 06:01:04.091+00,2026-03-05 23:00:00+00,uk.xml,20602205,f,,N,-1
ca,2026-03-10 06:01:08.501+00,2026-03-10 06:01:12.863+00,ca.xml,1733973,f,,N,-1
us,2026-03-10 06:01:15.46+00,2026-03-10 06:01:15.462+00,cuba.xml,262316,f,,N,-1
au,2026-03-10 20:00:09.189+00,2026-02-25 23:00:00+00,au.xlsx,1319859,f,,N,-1
sdn,2026-03-10 20:00:26.398+00,2026-03-08 23:00:00+00,ofac_sdn.xml,28085042,f,,N,-1
ch,2026-03-10 20:00:40.763+00,2026-03-09 23:00:00+00,ch.xml,37443716,f,,N,-1
nsdn,2026-03-10 20:00:54.234+00,2026-01-07 23:00:00+00,ofac_non_sdn.xml,978210,f,,N,-1
aq,2026-03-10 20:00:56.954+00,2026-03-09 23:00:09.461+00,onu.xml,2025856,f,,N,-1
eu,2026-03-10 20:00:59.173+00,2026-02-01 23:00:00+00,euea.xml,24146433,f,,N,-1
uk,2026-03-10 20:01:08.544+00,2026-03-05 23:00:00+00,uk.xml,20602205,f,,N,-1
ca,2026-03-10 20:01:12.903+00,2026-03-10 20:01:17.298+00,ca.xml,1733973,f,,N,-1
us,2026-03-10 20:01:20.136+00,2026-03-10 20:01:20.137+00,cuba.xml,262316,f,,N,-1
au,2026-03-11 06:00:08.986+00,2026-02-25 23:00:00+00,au.xlsx,1319859,f,,N,-1
sdn,2026-03-11 06:00:23.892+00,2026-03-08 23:00:00+00,ofac_sdn.xml,28085042,f,,N,-1
ch,2026-03-11 06:00:37.983+00,2026-03-09 23:00:00+00,ch.xml,37443716,f,,N,-1
nsdn,2026-03-11 06:01:04.485+00,2026-01-07 23:00:00+00,ofac_non_sdn.xml,978210,f,,N,-1
aq,2026-03-11 06:01:07.016+00,2026-03-11 03:50:04.918+00,onu.xml,2042119,f,,N,-1
eu,2026-03-11 06:01:09.464+00,2026-02-01 23:00:00+00,euea.xml,24146433,f,,N,-1
uk,2026-03-11 06:01:18.548+00,2026-03-05 23:00:00+00,uk.xml,20602205,f,,N,-1
ca,2026-03-11 06:01:22.949+00,2026-03-11 06:01:27.114+00,ca.xml,1733973,f,,N,-1
us,2026-03-11 06:01:29.692+00,2026-03-11 06:01:29.693+00,cuba.xml,262316,f,,N,-1
au,2026-03-11 20:00:00.369+00,2026-02-25 23:00:00+00,au.xlsx,1319859,f,,N,-1
sdn,2026-03-11 20:00:17.147+00,2026-03-08 23:00:00+00,ofac_sdn.xml,28085042,f,,N,-1
ch,2026-03-11 20:00:36.468+00,2026-03-09 23:00:00+00,ch.xml,37823917,f,,N,-1
nsdn,2026-03-11 20:00:45.24+00,2026-01-07 23:00:00+00,ofac_non_sdn.xml,978210,f,,N,-1
aq,2026-03-11 20:00:47.61+00,2026-03-11 13:34:25.132+00,onu.xml,2042933,f,,N,-1
eu,2026-03-11 20:00:50.037+00,2026-02-01 23:00:00+00,euea.xml,24146433,f,,N,-1
uk,2026-03-11 20:00:57.311+00,2026-03-10 23:00:00+00,uk.xml,20621157,f,,N,-1
ca,2026-03-11 20:01:01.787+00,2026-03-11 20:01:06.039+00,ca.xml,1733973,f,,N,-1
us,2026-03-11 20:01:08.731+00,2026-03-11 20:01:08.732+00,cuba.xml,262316,f,,N,-1
au,2026-03-12 06:00:01.778+00,2026-02-25 23:00:00+00,au.xlsx,1319859,f,,N,-1
sdn,2026-03-12 06:00:17.916+00,2026-03-08 23:00:00+00,ofac_sdn.xml,28085042,f,,N,-1
ch,2026-03-12 06:00:35.008+00,2026-03-09 23:00:00+00,ch.xml,37823917,f,,N,-1
nsdn,2026-03-12 06:01:02.541+00,2026-01-07 23:00:00+00,ofac_non_sdn.xml,978210,f,,N,-1
aq,2026-03-12 06:01:05.093+00,2026-03-11 23:00:07.301+00,onu.xml,2042933,f,,N,-1
eu,2026-03-12 06:01:07.486+00,2026-02-01 23:00:00+00,euea.xml,24146433,f,,N,-1
uk,2026-03-12 06:01:16.664+00,2026-03-10 23:00:00+00,uk.xml,20621157,f,,N,-1
ca,2026-03-12 06:01:21.504+00,2026-03-12 06:01:26.034+00,ca.xml,1733973,f,,N,-1
us,2026-03-12 06:01:28.7+00,2026-03-12 06:01:28.701+00,cuba.xml,262316,f,,N,-1
au,2026-03-12 20:00:01.32+00,2026-02-25 23:00:00+00,au.xlsx,1319859,f,,N,-1
sdn,2026-03-12 20:00:18.07+00,2026-03-11 23:00:00+00,ofac_sdn.xml,28108413,f,,N,-1
ch,2026-03-12 20:00:34.331+00,2026-03-09 23:00:00+00,ch.xml,37823917,f,,N,-1
nsdn,2026-03-12 20:01:04.23+00,2026-01-07 23:00:00+00,ofac_non_sdn.xml,978210,f,,N,-1
aq,2026-03-12 20:01:06.708+00,2026-03-12 14:52:24.179+00,onu.xml,2043664,f,,N,-1
eu,2026-03-12 20:01:09.167+00,2026-02-01 23:00:00+00,euea.xml,24146433,f,,N,-1
uk,2026-03-12 20:01:17.911+00,2026-03-11 23:00:00+00,uk.xml,20621193,f,,N,-1
ca,2026-03-12 20:01:22.182+00,2026-03-12 20:01:26.514+00,ca.xml,1733973,f,,N,-1
us,2026-03-12 20:01:29.088+00,2026-03-12 20:01:29.089+00,cuba.xml,262316,f,,N,-1
au,2026-03-13 06:00:02.112+00,2026-02-25 23:00:00+00,au.xlsx,1319859,f,,N,-1
sdn,2026-03-13 06:00:19.446+00,2026-03-11 23:00:00+00,ofac_sdn.xml,28108413,f,,N,-1
ch,2026-03-13 06:00:35.45+00,2026-03-09 23:00:00+00,ch.xml,37823917,f,,N,-1
nsdn,2026-03-13 06:00:56.563+00,2026-01-07 23:00:00+00,ofac_non_sdn.xml,978210,f,,N,-1
aq,2026-03-13 06:00:59.191+00,2026-03-12 22:00:02.135+00,onu.xml,2043664,f,,N,-1
eu,2026-03-13 06:01:01.423+00,2026-02-01 23:00:00+00,euea.xml,24146433,f,,N,-1
uk,2026-03-13 06:01:10.058+00,2026-03-11 23:00:00+00,uk.xml,20621193,f,,N,-1
ca,2026-03-13 06:01:14.287+00,2026-03-13 06:01:18.443+00,ca.xml,1733973,f,,N,-1
us,2026-03-13 06:01:21.085+00,2026-03-13 06:01:21.086+00,cuba.xml,262316,f,,N,-1
au,2026-03-13 20:00:02.404+00,2026-02-25 23:00:00+00,au.xlsx,1319859,f,,N,-1
sdn,2026-03-13 20:00:21.629+00,2026-03-12 23:00:00+00,ofac_sdn.xml,28099517,f,,N,-1
ch,2026-03-13 20:00:37.339+00,2026-03-09 23:00:00+00,ch.xml,37823917,f,,N,-1
nsdn,2026-03-13 20:00:59.552+00,2026-01-07 23:00:00+00,ofac_non_sdn.xml,978210,f,,N,-1
aq,2026-03-13 20:01:02.071+00,2026-03-12 22:00:02.135+00,onu.xml,2043664,f,,N,-1
eu,2026-03-13 20:01:04.323+00,2026-02-01 23:00:00+00,euea.xml,24146433,f,,N,-1
uk,2026-03-13 20:01:12.385+00,2026-03-11 23:00:00+00,uk.xml,20621193,f,,N,-1
ca,2026-03-13 20:01:16.851+00,2026-03-13 20:01:21.273+00,ca.xml,1733973,f,,N,-1
us,2026-03-13 20:01:24.581+00,2026-03-13 20:01:24.581+00,cuba.xml,262316,f,,N,-1
au,2026-03-14 06:00:08.908+00,2026-02-25 23:00:00+00,au.xlsx,1319859,f,,N,-1
sdn,2026-03-14 06:00:25.743+00,2026-03-12 23:00:00+00,ofac_sdn.xml,28099517,f,,N,-1
ch,2026-03-14 06:00:42.694+00,2026-03-09 23:00:00+00,ch.xml,37823917,f,,N,-1
nsdn,2026-03-14 06:01:10.109+00,2026-01-07 23:00:00+00,ofac_non_sdn.xml,978210,f,,N,-1
aq,2026-03-14 06:01:12.601+00,2026-03-13 22:00:02.135+00,onu.xml,2043664,f,,N,-1
eu,2026-03-14 06:01:15.01+00,2026-02-01 23:00:00+00,euea.xml,24146433,f,,N,-1
uk,2026-03-14 06:01:24.072+00,2026-03-11 23:00:00+00,uk.xml,20621193,f,,N,-1
ca,2026-03-14 06:01:28.58+00,2026-03-14 06:01:32.757+00,ca.xml,1733973,f,,N,-1
us,2026-03-14 06:01:36.175+00,2026-03-14 06:01:36.176+00,cuba.xml,262316,f,,N,-1
au,2026-03-14 20:00:05.093+00,2026-02-25 23:00:00+00,au.xlsx,1319859,f,,N,-1
sdn,2026-03-14 20:00:22.809+00,2026-03-12 23:00:00+00,ofac_sdn.xml,28099517,f,,N,-1
ch,2026-03-14 20:00:37.712+00,2026-03-09 23:00:00+00,ch.xml,37823917,f,,N,-1
nsdn,2026-03-14 20:00:50.699+00,2026-01-07 23:00:00+00,ofac_non_sdn.xml,978210,f,,N,-1
aq,2026-03-14 20:00:53.287+00,2026-03-13 22:00:02.135+00,onu.xml,2043664,f,,N,-1
eu,2026-03-14 20:00:55.635+00,2026-02-01 23:00:00+00,euea.xml,24146433,f,,N,-1
uk,2026-03-14 20:01:03.404+00,2026-03-11 23:00:00+00,uk.xml,20621193,f,,N,-1
ca,2026-03-14 20:01:07.839+00,2026-03-14 20:01:12.225+00,ca.xml,1733973,f,,N,-1
us,2026-03-14 20:01:15+00,2026-03-14 20:01:15.002+00,cuba.xml,262316,f,,N,-1
au,2026-03-15 06:00:06.375+00,2026-02-25 23:00:00+00,au.xlsx,1319859,f,,N,-1
sdn,2026-03-15 06:00:26.291+00,2026-03-12 23:00:00+00,ofac_sdn.xml,28099517,f,,N,-1
ch,2026-03-15 06:00:40.513+00,2026-03-09 23:00:00+00,ch.xml,37823917,f,,N,-1
nsdn,2026-03-15 06:00:59.483+00,2026-01-07 23:00:00+00,ofac_non_sdn.xml,978210,f,,N,-1
aq,2026-03-15 06:01:02.076+00,2026-03-14 22:00:08.084+00,onu.xml,2043664,f,,N,-1
eu,2026-03-15 06:01:04.306+00,2026-02-01 23:00:00+00,euea.xml,24146433,f,,N,-1
uk,2026-03-15 06:01:12.165+00,2026-03-11 23:00:00+00,uk.xml,20621193,f,,N,-1
ca,2026-03-15 06:01:16.889+00,2026-03-15 06:01:21.364+00,ca.xml,1733973,f,,N,-1
us,2026-03-15 06:01:24.39+00,2026-03-15 06:01:24.391+00,cuba.xml,262316,f,,N,-1
au,2026-03-15 20:00:08.749+00,2026-02-25 23:00:00+00,au.xlsx,1319859,f,,N,-1
sdn,2026-03-15 20:00:24.37+00,2026-03-12 23:00:00+00,ofac_sdn.xml,28099517,f,,N,-1
ch,2026-03-15 20:00:38.931+00,2026-03-09 23:00:00+00,ch.xml,37823917,f,,N,-1
nsdn,2026-03-15 20:00:51.781+00,2026-01-07 23:00:00+00,ofac_non_sdn.xml,978210,f,,N,-1
aq,2026-03-15 20:00:54.152+00,2026-03-14 22:00:08.084+00,onu.xml,2043664,f,,N,-1
eu,2026-03-15 20:00:56.669+00,2026-02-01 23:00:00+00,euea.xml,24146433,f,,N,-1
uk,2026-03-15 20:01:04.136+00,2026-03-11 23:00:00+00,uk.xml,20621193,f,,N,-1
ca,2026-03-15 20:01:08.667+00,2026-03-15 20:01:13.281+00,ca.xml,1733973,f,,N,-1
us,2026-03-15 20:01:16.024+00,2026-03-15 20:01:16.025+00,cuba.xml,262316,f,,N,-1
au,2026-03-16 06:00:06.697+00,2026-02-25 23:00:00+00,au.xlsx,1319859,f,,N,-1
sdn,2026-03-16 06:00:32.374+00,2026-03-12 23:00:00+00,ofac_sdn.xml,28099517,f,,N,-1
ch,2026-03-16 06:00:49.047+00,2026-03-09 23:00:00+00,ch.xml,37823917,f,,N,-1
nsdn,2026-03-16 06:01:14.78+00,2026-01-07 23:00:00+00,ofac_non_sdn.xml,978210,f,,N,-1
aq,2026-03-16 06:01:18.605+00,2026-03-14 22:00:08.084+00,onu.xml,2043664,f,,N,-1
eu,2026-03-16 06:01:20.886+00,2026-02-01 23:00:00+00,euea.xml,24146433,f,,N,-1
uk,2026-03-16 06:01:30.046+00,2026-03-11 23:00:00+00,uk.xml,20621193,f,,N,-1
ca,2026-03-16 06:01:35.001+00,2026-03-16 06:01:39.259+00,ca.xml,1733973,f,,N,-1
us,2026-03-16 06:01:42.359+00,2026-03-16 06:01:42.36+00,cuba.xml,262316,f,,N,-1
au,2026-03-16 20:00:08.06+00,2026-02-25 23:00:00+00,au.xlsx,1319859,f,,N,-1
sdn,2026-03-16 20:00:28.302+00,2026-03-12 23:00:00+00,ofac_sdn.xml,28099517,f,,N,-1
ch,2026-03-16 20:00:44.465+00,2026-03-09 23:00:00+00,ch.xml,37823917,f,,N,-1
nsdn,2026-03-16 20:00:56.369+00,2026-01-07 23:00:00+00,ofac_non_sdn.xml,978210,f,,N,-1
aq,2026-03-16 20:00:58.884+00,2026-03-14 22:00:08.084+00,onu.xml,2043664,f,,N,-1
eu,2026-03-16 20:01:01.194+00,2026-02-01 23:00:00+00,euea.xml,24146433,f,,N,-1
uk,2026-03-16 20:01:10.533+00,2026-03-15 23:00:00+00,uk.xml,20620436,f,,N,-1
ca,2026-03-16 20:01:15.445+00,2026-03-16 20:01:19.598+00,ca.xml,1733973,f,,N,-1
us,2026-03-16 20:01:22.431+00,2026-03-16 20:01:22.432+00,cuba.xml,262316,f,,N,-1
au,2026-03-17 06:00:04.157+00,2026-02-25 23:00:00+00,au.xlsx,1319859,f,,N,-1
sdn,2026-03-17 06:00:47.913+00,2026-03-12 23:00:00+00,ofac_sdn.xml,28099517,f,,N,-1
ch,2026-03-17 06:01:02.425+00,2026-03-09 23:00:00+00,ch.xml,37823917,f,,N,-1
nsdn,2026-03-17 06:01:13.961+00,2026-01-07 23:00:00+00,ofac_non_sdn.xml,978210,f,,N,-1
aq,2026-03-17 06:01:16.628+00,2026-03-16 22:00:06.145+00,onu.xml,2043664,f,,N,-1
eu,2026-03-17 06:01:19.078+00,2026-02-01 23:00:00+00,euea.xml,24146433,f,,N,-1
uk,2026-03-17 06:01:28.049+00,2026-03-15 23:00:00+00,uk.xml,20620436,f,,N,-1
ca,2026-03-17 06:01:32.532+00,2026-03-17 06:01:36.904+00,ca.xml,1733973,f,,N,-1
us,2026-03-17 06:01:39.754+00,2026-03-17 06:01:39.755+00,cuba.xml,262316,f,,N,-1
au,2026-03-17 20:00:03.32+00,2026-02-25 23:00:00+00,au.xlsx,1319859,f,,N,-1
sdn,2026-03-17 20:00:22.638+00,2026-03-12 23:00:00+00,ofac_sdn.xml,28099517,f,,N,-1
ch,2026-03-17 20:00:41.918+00,2026-03-09 23:00:00+00,ch.xml,37823917,f,,N,-1
nsdn,2026-03-17 20:00:57.488+00,2026-01-07 23:00:00+00,ofac_non_sdn.xml,978210,f,,N,-1
aq,2026-03-17 20:01:00.055+00,2026-03-16 22:00:06.145+00,onu.xml,2043664,f,,N,-1
eu,2026-03-17 20:01:02.538+00,2026-02-01 23:00:00+00,euea.xml,24146433,f,,N,-1
uk,2026-03-17 20:01:10.572+00,2026-03-16 23:00:00+00,uk.xml,20618780,f,,N,-1
ca,2026-03-17 20:01:15.539+00,2026-03-17 20:01:20.01+00,ca.xml,1733973,f,,N,-1
us,2026-03-17 20:01:23.132+00,2026-03-17 20:01:23.133+00,cuba.xml,262316,f,,N,-1
au,2026-03-18 06:00:04.065+00,2026-02-25 23:00:00+00,au.xlsx,1319859,f,,N,-1
sdn,2026-03-18 06:00:19.22+00,2026-03-12 23:00:00+00,ofac_sdn.xml,28099517,f,,N,-1
ch,2026-03-18 06:00:34.17+00,2026-03-09 23:00:00+00,ch.xml,37823917,f,,N,-1
nsdn,2026-03-18 06:00:59.862+00,2026-01-07 23:00:00+00,ofac_non_sdn.xml,978210,f,,N,-1
aq,2026-03-18 06:01:02.535+00,2026-03-17 22:00:06.299+00,onu.xml,2043664,f,,N,-1
eu,2026-03-18 06:01:04.799+00,2026-02-01 23:00:00+00,euea.xml,24146433,f,,N,-1
uk,2026-03-18 06:01:12.224+00,2026-03-16 23:00:00+00,uk.xml,20618780,f,,N,-1
ca,2026-03-18 06:01:16.588+00,2026-03-18 06:01:23.707+00,ca.xml,1733973,f,,N,-1
us,2026-03-18 06:01:26.465+00,2026-03-18 06:01:26.465+00,cuba.xml,262316,f,,N,-1
au,2026-03-18 20:00:07.531+00,2026-02-25 23:00:00+00,au.xlsx,1319859,f,,N,-1
sdn,2026-03-18 20:00:28.394+00,2026-03-17 23:00:00+00,ofac_sdn.xml,28090143,f,,N,-1
ch,2026-03-18 20:00:44.409+00,2026-03-09 23:00:00+00,ch.xml,37823917,f,,N,-1
nsdn,2026-03-18 20:00:55.039+00,2026-01-07 23:00:00+00,ofac_non_sdn.xml,978210,f,,N,-1
aq,2026-03-18 20:00:57.46+00,2026-03-17 22:00:06.299+00,onu.xml,2043664,f,,N,-1
eu,2026-03-18 20:00:59.903+00,2026-02-01 23:00:00+00,euea.xml,24146433,f,,N,-1
uk,2026-03-18 20:01:09.442+00,2026-03-16 23:00:00+00,uk.xml,20618780,f,,N,-1
ca,2026-03-18 20:01:13.868+00,2026-03-18 20:01:18.193+00,ca.xml,1733973,f,,N,-1
us,2026-03-18 20:01:21.697+00,2026-03-18 20:01:21.698+00,cuba.xml,262316,f,,N,-1
au,2026-03-19 06:00:05.228+00,2026-02-25 23:00:00+00,au.xlsx,1319859,f,,N,-1
sdn,2026-03-19 06:00:23.226+00,2026-03-17 23:00:00+00,ofac_sdn.xml,28090143,f,,N,-1
ch,2026-03-19 06:00:41.68+00,2026-03-09 23:00:00+00,ch.xml,37823917,f,,N,-1
nsdn,2026-03-19 06:00:55.834+00,2026-01-07 23:00:00+00,ofac_non_sdn.xml,978210,f,,N,-1
aq,2026-03-19 06:00:58.356+00,2026-03-18 22:00:01.934+00,onu.xml,2043668,f,,N,-1
eu,2026-03-19 06:01:00.734+00,2026-02-01 23:00:00+00,euea.xml,24146433,f,,N,-1
uk,2026-03-19 06:01:10.045+00,2026-03-16 23:00:00+00,uk.xml,20618780,f,,N,-1
ca,2026-03-19 06:01:14.824+00,2026-03-19 06:01:19.09+00,ca.xml,1733973,f,,N,-1
us,2026-03-19 06:01:22.063+00,2026-03-19 06:01:22.064+00,cuba.xml,262316,f,,N,-1
au,2026-03-19 20:00:04.926+00,2026-02-25 23:00:00+00,au.xlsx,1319859,f,,N,-1
sdn,2026-03-19 20:00:23.264+00,2026-03-17 23:00:00+00,ofac_sdn.xml,28090143,f,,N,-1
ch,2026-03-19 20:00:38.552+00,2026-03-09 23:00:00+00,ch.xml,37823917,f,,N,-1
nsdn,2026-03-19 20:00:53.208+00,2026-01-07 23:00:00+00,ofac_non_sdn.xml,978210,f,,N,-1
aq,2026-03-19 20:00:55.801+00,2026-03-18 22:00:01.934+00,onu.xml,2043668,f,,N,-1
eu,2026-03-19 20:00:58.339+00,2026-02-01 23:00:00+00,euea.xml,24146433,f,,N,-1
uk,2026-03-19 20:01:08.021+00,2026-03-16 23:00:00+00,uk.xml,20618780,f,,N,-1
ca,2026-03-19 20:01:12.657+00,2026-03-19 20:01:17.115+00,ca.xml,1733973,f,,N,-1
us,2026-03-19 20:01:20.258+00,2026-03-19 20:01:20.259+00,cuba.xml,262316,f,,N,-1
au,2026-03-20 06:00:07.454+00,2026-02-25 23:00:00+00,au.xlsx,1319859,f,,N,-1
sdn,2026-03-20 06:00:25.957+00,2026-03-17 23:00:00+00,ofac_sdn.xml,28090143,f,,N,-1
ch,2026-03-20 06:00:40.424+00,2026-03-19 23:00:00+00,ch.xml,37832809,f,,N,-1
nsdn,2026-03-20 06:01:02.061+00,2026-01-07 23:00:00+00,ofac_non_sdn.xml,978210,f,,N,-1
aq,2026-03-20 06:01:04.613+00,2026-03-19 22:00:04.083+00,onu.xml,2043668,f,,N,-1
eu,2026-03-20 06:01:06.943+00,2026-03-19 23:00:00+00,euea.xml,24099325,f,,N,-1
uk,2026-03-20 06:01:19.619+00,2026-03-16 23:00:00+00,uk.xml,20618780,f,,N,-1
ca,2026-03-20 06:01:24.215+00,2026-03-20 06:01:28.482+00,ca.xml,1733973,f,,N,-1
us,2026-03-20 06:01:31.058+00,2026-03-20 06:01:31.058+00,cuba.xml,262316,f,,N,-1
au,2026-03-20 20:00:06.129+00,2026-02-25 23:00:00+00,au.xlsx,1319859,f,,N,-1
sdn,2026-03-20 20:00:25.552+00,2026-03-19 23:00:00+00,ofac_sdn.xml,28110270,f,,N,-1
ch,2026-03-20 20:00:40.79+00,2026-03-19 23:00:00+00,ch.xml,37832809,f,,N,-1
nsdn,2026-03-20 20:00:49.776+00,2026-01-07 23:00:00+00,ofac_non_sdn.xml,978210,f,,N,-1
aq,2026-03-20 20:00:52.162+00,2026-03-19 22:00:04.083+00,onu.xml,2043668,f,,N,-1
eu,2026-03-20 20:00:54.493+00,2026-03-19 23:00:00+00,euea.xml,24099325,f,,N,-1
uk,2026-03-20 20:01:03.67+00,2026-03-16 23:00:00+00,uk.xml,20618780,f,,N,-1
ca,2026-03-20 20:01:08.604+00,2026-03-20 20:01:12.879+00,ca.xml,1733973,f,,N,-1
us,2026-03-20 20:01:15.576+00,2026-03-20 20:01:15.577+00,cuba.xml,262316,f,,N,-1
au,2026-03-21 06:00:06.84+00,2026-02-25 23:00:00+00,au.xlsx,1319859,f,,N,-1
sdn,2026-03-21 06:00:23.887+00,2026-03-19 23:00:00+00,ofac_sdn.xml,28110270,f,,N,-1
ch,2026-03-21 06:00:39.252+00,2026-03-19 23:00:00+00,ch.xml,37832809,f,,N,-1
nsdn,2026-03-21 06:00:48.853+00,2026-01-07 23:00:00+00,ofac_non_sdn.xml,978210,f,,N,-1
aq,2026-03-21 06:00:51.361+00,2026-03-20 22:00:04.602+00,onu.xml,2043668,f,,N,-1
eu,2026-03-21 06:00:53.696+00,2026-03-19 23:00:00+00,euea.xml,24099325,f,,N,-1
uk,2026-03-21 06:01:01.506+00,2026-03-16 23:00:00+00,uk.xml,20618780,f,,N,-1
ca,2026-03-21 06:01:06.827+00,2026-03-21 06:01:11.064+00,ca.xml,1733973,f,,N,-1
us,2026-03-21 06:01:14.463+00,2026-03-21 06:01:14.464+00,cuba.xml,262316,f,,N,-1
au,2026-03-21 20:00:07.659+00,2026-02-25 23:00:00+00,au.xlsx,1319859,f,,N,-1
sdn,2026-03-21 20:00:25.243+00,2026-03-19 23:00:00+00,ofac_sdn.xml,28110270,f,,N,-1
ch,2026-03-21 20:00:40.035+00,2026-03-19 23:00:00+00,ch.xml,37832809,f,,N,-1
nsdn,2026-03-21 20:00:49.558+00,2026-01-07 23:00:00+00,ofac_non_sdn.xml,978210,f,,N,-1
aq,2026-03-21 20:00:51.939+00,2026-03-20 22:00:04.602+00,onu.xml,2043668,f,,N,-1
eu,2026-03-21 20:00:54.261+00,2026-03-19 23:00:00+00,euea.xml,24099325,f,,N,-1
uk,2026-03-21 20:01:03.678+00,2026-03-16 23:00:00+00,uk.xml,20618780,f,,N,-1
ca,2026-03-21 20:01:08.144+00,2026-03-21 20:01:12.53+00,ca.xml,1733973,f,,N,-1
us,2026-03-21 20:01:15.436+00,2026-03-21 20:01:15.437+00,cuba.xml,262316,f,,N,-1
au,2026-03-22 06:00:04.65+00,2026-02-25 23:00:00+00,au.xlsx,1319859,f,,N,-1
sdn,2026-03-22 06:00:21.087+00,2026-03-19 23:00:00+00,ofac_sdn.xml,28110270,f,,N,-1
ch,2026-03-22 06:00:37.297+00,2026-03-19 23:00:00+00,ch.xml,37832809,f,,N,-1
nsdn,2026-03-22 06:01:09.921+00,2026-01-07 23:00:00+00,ofac_non_sdn.xml,978210,f,,N,-1
aq,2026-03-22 06:01:12.503+00,2026-03-21 22:00:04.552+00,onu.xml,2043668,f,,N,-1
eu,2026-03-22 06:01:14.792+00,2026-03-19 23:00:00+00,euea.xml,24099325,f,,N,-1
uk,2026-03-22 06:01:23.166+00,2026-03-16 23:00:00+00,uk.xml,20618780,f,,N,-1
ca,2026-03-22 06:01:28.159+00,2026-03-22 06:01:32.543+00,ca.xml,1733973,f,,N,-1
us,2026-03-22 06:01:35.509+00,2026-03-22 06:01:35.51+00,cuba.xml,262316,f,,N,-1
au,2026-03-22 20:00:03.114+00,2026-02-25 23:00:00+00,au.xlsx,1319859,f,,N,-1
sdn,2026-03-22 20:00:18.762+00,2026-03-19 23:00:00+00,ofac_sdn.xml,28110270,f,,N,-1
ch,2026-03-22 20:00:34.216+00,2026-03-19 23:00:00+00,ch.xml,37832809,f,,N,-1
nsdn,2026-03-22 20:00:44.989+00,2026-01-07 23:00:00+00,ofac_non_sdn.xml,978210,f,,N,-1
aq,2026-03-22 20:00:47.501+00,2026-03-21 22:00:04.552+00,onu.xml,2043668,f,,N,-1
eu,2026-03-22 20:00:49.946+00,2026-03-19 23:00:00+00,euea.xml,24099325,f,,N,-1
uk,2026-03-22 20:00:57.905+00,2026-03-16 23:00:00+00,uk.xml,20618780,f,,N,-1
ca,2026-03-22 20:01:03.139+00,2026-03-22 20:01:07.543+00,ca.xml,1733973,f,,N,-1
us,2026-03-22 20:01:10.795+00,2026-03-22 20:01:10.796+00,cuba.xml,262316,f,,N,-1
au,2026-03-23 06:00:08.654+00,2026-02-25 23:00:00+00,au.xlsx,1319859,f,,N,-1
sdn,2026-03-23 06:00:55.983+00,2026-03-19 23:00:00+00,ofac_sdn.xml,28110270,f,,N,-1
ch,2026-03-23 06:01:12.794+00,2026-03-19 23:00:00+00,ch.xml,37832809,f,,N,-1
nsdn,2026-03-23 06:01:33.082+00,2026-01-07 23:00:00+00,ofac_non_sdn.xml,978210,f,,N,-1
aq,2026-03-23 06:01:35.634+00,2026-03-21 22:00:04.552+00,onu.xml,2043668,f,,N,-1
eu,2026-03-23 06:01:37.876+00,2026-03-19 23:00:00+00,euea.xml,24099325,f,,N,-1
uk,2026-03-23 06:01:45.511+00,2026-03-16 23:00:00+00,uk.xml,20618780,f,,N,-1
ca,2026-03-23 06:01:49.981+00,2026-03-23 06:01:54.319+00,ca.xml,1733973,f,,N,-1
us,2026-03-23 06:01:57.03+00,2026-03-23 06:01:57.03+00,cuba.xml,262316,f,,N,-1
au,2026-03-23 20:00:01.513+00,2026-02-25 23:00:00+00,au.xlsx,1319859,f,,N,-1
sdn,2026-03-23 20:00:19+00,2026-03-19 23:00:00+00,ofac_sdn.xml,28110270,f,,N,-1
ch,2026-03-23 20:00:35.613+00,2026-03-19 23:00:00+00,ch.xml,37832809,f,,N,-1
nsdn,2026-03-23 20:00:49.966+00,2026-01-07 23:00:00+00,ofac_non_sdn.xml,978210,f,,N,-1
aq,2026-03-23 20:00:52.652+00,2026-03-21 22:00:04.552+00,onu.xml,2043668,f,,N,-1
eu,2026-03-23 20:00:55.032+00,2026-03-22 23:00:00+00,euea.xml,24162465,f,,N,-1
uk,2026-03-23 20:01:06.338+00,2026-03-16 23:00:00+00,uk.xml,20618780,f,,N,-1
ca,2026-03-23 20:01:11.251+00,2026-03-23 20:01:16.081+00,ca.xml,1733973,f,,N,-1
us,2026-03-23 20:01:19.244+00,2026-03-23 20:01:19.244+00,cuba.xml,262316,f,,N,-1
au,2026-03-24 20:00:06.871+00,2026-02-25 23:00:00+00,au.xlsx,1319859,f,,N,-1
sdn,2026-03-24 20:00:26.077+00,2026-03-19 23:00:00+00,ofac_sdn.xml,28110270,f,,N,-1
ch,2026-03-24 20:00:41.74+00,2026-03-19 23:00:00+00,ch.xml,37832809,f,,N,-1
nsdn,2026-03-24 20:00:51.257+00,2026-01-07 23:00:00+00,ofac_non_sdn.xml,978210,f,,N,-1
aq,2026-03-24 20:00:53.639+00,2026-03-23 22:00:06.683+00,onu.xml,2043668,f,,N,-1
eu,2026-03-24 20:00:55.831+00,2026-03-22 23:00:00+00,euea.xml,24162465,f,,N,-1
uk,2026-03-24 20:01:03.956+00,2026-03-16 23:00:00+00,uk.xml,20618780,f,,N,-1
ca,2026-03-24 20:01:08.196+00,2026-03-24 20:01:12.923+00,ca.xml,1733973,f,,N,-1
us,2026-03-24 20:01:15.741+00,2026-03-24 20:01:15.742+00,cuba.xml,262316,f,,N,-1
au,2026-03-25 06:00:07.7+00,2026-02-25 23:00:00+00,au.xlsx,1319859,f,,N,-1
sdn,2026-03-25 06:00:22.297+00,2026-03-19 23:00:00+00,ofac_sdn.xml,28110270,f,,N,-1
ch,2026-03-25 06:00:36.526+00,2026-03-19 23:00:00+00,ch.xml,37832809,f,,N,-1
nsdn,2026-03-25 06:00:56.149+00,2026-01-07 23:00:00+00,ofac_non_sdn.xml,978210,f,,N,-1
aq,2026-03-25 06:00:58.658+00,2026-03-24 22:00:03.182+00,onu.xml,2043668,f,,N,-1
eu,2026-03-25 06:01:00.939+00,2026-03-22 23:00:00+00,euea.xml,24162465,f,,N,-1
uk,2026-03-25 06:01:11.814+00,2026-03-16 23:00:00+00,uk.xml,20618780,f,,N,-1
ca,2026-03-25 06:01:15.731+00,2026-03-25 06:01:19.98+00,ca.xml,1733973,f,,N,-1
us,2026-03-25 06:01:22.476+00,2026-03-25 06:01:22.477+00,cuba.xml,262316,f,,N,-1
au,2026-03-25 20:00:06.619+00,2026-02-25 23:00:00+00,au.xlsx,1319859,f,,N,-1
sdn,2026-03-25 20:00:23.111+00,2026-03-19 23:00:00+00,ofac_sdn.xml,28110270,f,,N,-1
ch,2026-03-25 20:00:38.909+00,2026-03-19 23:00:00+00,ch.xml,37832809,f,,N,-1
nsdn,2026-03-25 20:00:53.337+00,2026-01-07 23:00:00+00,ofac_non_sdn.xml,978210,f,,N,-1
aq,2026-03-25 20:00:55.785+00,2026-03-24 22:00:03.182+00,onu.xml,2043668,f,,N,-1
eu,2026-03-25 20:00:58.055+00,2026-03-22 23:00:00+00,euea.xml,24162465,f,,N,-1
uk,2026-03-25 20:01:07.195+00,2026-03-16 23:00:00+00,uk.xml,20618780,f,,N,-1
ca,2026-03-25 20:01:11.409+00,2026-03-25 20:01:16.035+00,ca.xml,1733973,f,,N,-1
us,2026-03-25 20:01:18.748+00,2026-03-25 20:01:18.749+00,cuba.xml,262316,f,,N,-1
au,2026-03-26 06:00:07.302+00,2026-02-25 23:00:00+00,au.xlsx,1319859,f,,N,-1
sdn,2026-03-26 06:00:22.451+00,2026-03-19 23:00:00+00,ofac_sdn.xml,28110270,f,,N,-1
ch,2026-03-26 06:00:37.746+00,2026-03-19 23:00:00+00,ch.xml,37832809,f,,N,-1
nsdn,2026-03-26 06:00:49.202+00,2026-01-07 23:00:00+00,ofac_non_sdn.xml,978210,f,,N,-1
aq,2026-03-26 06:00:51.708+00,2026-03-25 22:00:02.267+00,onu.xml,2043668,f,,N,-1
eu,2026-03-26 06:00:53.997+00,2026-03-22 23:00:00+00,euea.xml,24162465,f,,N,-1
uk,2026-03-26 06:01:01.769+00,2026-03-16 23:00:00+00,uk.xml,20618780,f,,N,-1
ca,2026-03-26 06:01:06.213+00,2026-03-26 06:01:10.695+00,ca.xml,1733973,f,,N,-1
us,2026-03-26 06:01:13.817+00,2026-03-26 06:01:13.817+00,cuba.xml,262316,f,,N,-1
au,2026-03-26 20:00:08.664+00,2026-02-25 23:00:00+00,au.xlsx,1319859,f,,N,-1
sdn,2026-03-26 20:00:24.659+00,2026-03-25 23:00:00+00,ofac_sdn.xml,28104442,f,,N,-1
ch,2026-03-26 20:00:42.113+00,2026-03-19 23:00:00+00,ch.xml,37832809,f,,N,-1
nsdn,2026-03-26 20:01:06.322+00,2026-01-07 23:00:00+00,ofac_non_sdn.xml,978210,f,,N,-1
aq,2026-03-26 20:01:09.951+00,2026-03-25 22:00:02.267+00,onu.xml,2043668,f,,N,-1
eu,2026-03-26 20:01:13.679+00,2026-03-22 23:00:00+00,euea.xml,24162465,f,,N,-1
uk,2026-03-26 20:01:21.735+00,2026-03-25 23:00:00+00,uk.xml,20657054,f,,N,-1
ca,2026-03-26 20:01:26.721+00,2026-03-26 20:01:33.222+00,ca.xml,1776180,f,,N,-1
us,2026-03-26 20:01:35.867+00,2026-03-26 20:01:35.868+00,cuba.xml,262316,f,,N,-1
au,2026-03-27 06:00:03.453+00,2026-03-25 23:00:00+00,au.xlsx,1287413,f,,N,-1
sdn,2026-03-27 06:00:21.427+00,2026-03-25 23:00:00+00,ofac_sdn.xml,28104442,f,,N,-1
ch,2026-03-27 06:00:38.783+00,2026-03-19 23:00:00+00,ch.xml,37832809,f,,N,-1
nsdn,2026-03-27 06:01:07.336+00,2026-01-07 23:00:00+00,ofac_non_sdn.xml,978210,f,,N,-1
aq,2026-03-27 06:01:09.993+00,2026-03-26 22:00:05.525+00,onu.xml,2048036,f,,N,-1
eu,2026-03-27 06:01:12.688+00,2026-03-22 23:00:00+00,euea.xml,24162465,f,,N,-1
uk,2026-03-27 06:01:22.317+00,2026-03-25 23:00:00+00,uk.xml,20657054,f,,N,-1
ca,2026-03-27 06:01:27.596+00,2026-03-27 06:01:32.293+00,ca.xml,1776180,f,,N,-1
us,2026-03-27 06:01:35.436+00,2026-03-27 06:01:35.436+00,cuba.xml,262316,f,,N,-1
au,2026-03-27 20:00:08.509+00,2026-03-25 23:00:00+00,au.xlsx,1287413,f,,N,-1
sdn,2026-03-27 20:00:25.921+00,2026-03-26 23:00:00+00,ofac_sdn.xml,28098329,f,,N,-1
ch,2026-03-27 20:00:40.608+00,2026-03-25 23:00:00+00,ch.xml,37838045,f,,N,-1
nsdn,2026-03-27 20:01:03.006+00,2026-01-07 23:00:00+00,ofac_non_sdn.xml,978210,f,,N,-1
aq,2026-03-27 20:01:05.666+00,2026-03-26 22:00:05.525+00,onu.xml,2048036,f,,N,-1
eu,2026-03-27 20:01:07.958+00,2026-03-22 23:00:00+00,euea.xml,24162465,f,,N,-1
uk,2026-03-27 20:01:15.322+00,2026-03-26 23:00:00+00,uk.xml,20665115,f,,N,-1
ca,2026-03-27 20:01:19.825+00,2026-03-27 20:01:24.34+00,ca.xml,1776180,f,,N,-1
us,2026-03-27 20:01:27.381+00,2026-03-27 20:01:27.381+00,cuba.xml,262316,f,,N,-1
au,2026-03-28 06:00:09.095+00,2026-03-25 23:00:00+00,au.xlsx,1287413,f,,N,-1
sdn,2026-03-28 06:00:25.239+00,2026-03-26 23:00:00+00,ofac_sdn.xml,28098329,f,,N,-1
ch,2026-03-28 06:00:39.527+00,2026-03-25 23:00:00+00,ch.xml,37838045,f,,N,-1
nsdn,2026-03-28 06:01:05.147+00,2026-01-07 23:00:00+00,ofac_non_sdn.xml,978210,f,,N,-1
aq,2026-03-28 06:01:07.738+00,2026-03-27 22:00:04.96+00,onu.xml,2048036,f,,N,-1
eu,2026-03-28 06:01:10.15+00,2026-03-22 23:00:00+00,euea.xml,24162465,f,,N,-1
uk,2026-03-28 06:01:18.057+00,2026-03-26 23:00:00+00,uk.xml,20665115,f,,N,-1
ca,2026-03-28 06:01:22.745+00,2026-03-28 06:01:27.13+00,ca.xml,1776180,f,,N,-1
us,2026-03-28 06:01:29.904+00,2026-03-28 06:01:29.904+00,cuba.xml,262316,f,,N,-1
au,2026-03-28 20:00:00.11+00,2026-03-25 23:00:00+00,au.xlsx,1287413,f,,N,-1
sdn,2026-03-28 20:00:15.97+00,2026-03-26 23:00:00+00,ofac_sdn.xml,28098329,f,,N,-1
ch,2026-03-28 20:00:30.455+00,2026-03-25 23:00:00+00,ch.xml,37838045,f,,N,-1
nsdn,2026-03-28 20:00:45.751+00,2026-01-07 23:00:00+00,ofac_non_sdn.xml,978210,f,,N,-1
aq,2026-03-28 20:00:48.287+00,2026-03-27 22:00:04.96+00,onu.xml,2048036,f,,N,-1
eu,2026-03-28 20:00:50.51+00,2026-03-22 23:00:00+00,euea.xml,24162465,f,,N,-1
uk,2026-03-28 20:00:59.464+00,2026-03-26 23:00:00+00,uk.xml,20665115,f,,N,-1
ca,2026-03-28 20:01:03.925+00,2026-03-28 20:01:08.193+00,ca.xml,1776180,f,,N,-1
us,2026-03-28 20:01:10.919+00,2026-03-28 20:01:10.919+00,cuba.xml,262316,f,,N,-1
au,2026-03-29 05:00:04.201+00,2026-03-25 23:00:00+00,au.xlsx,1287413,f,,N,-1
sdn,2026-03-29 05:00:21.011+00,2026-03-26 23:00:00+00,ofac_sdn.xml,28098329,f,,N,-1
ch,2026-03-29 05:00:37.652+00,2026-03-25 23:00:00+00,ch.xml,37838045,f,,N,-1
nsdn,2026-03-29 05:01:06.155+00,2026-01-07 23:00:00+00,ofac_non_sdn.xml,978210,f,,N,-1
aq,2026-03-29 05:01:08.755+00,2026-03-28 22:00:02.092+00,onu.xml,2048036,f,,N,-1
eu,2026-03-29 05:01:11.004+00,2026-03-22 23:00:00+00,euea.xml,24162465,f,,N,-1
uk,2026-03-29 05:01:18.296+00,2026-03-26 23:00:00+00,uk.xml,20665115,f,,N,-1
ca,2026-03-29 05:01:22.278+00,2026-03-29 05:01:26.793+00,ca.xml,1776180,f,,N,-1
us,2026-03-29 05:01:29.294+00,2026-03-29 05:01:29.295+00,cuba.xml,262316,f,,N,-1
au,2026-03-29 19:00:08.116+00,2026-03-25 23:00:00+00,au.xlsx,1287413,f,,N,-1
sdn,2026-03-29 19:00:25.086+00,2026-03-26 23:00:00+00,ofac_sdn.xml,28098329,f,,N,-1
ch,2026-03-29 19:00:39.392+00,2026-03-25 23:00:00+00,ch.xml,37838045,f,,N,-1
nsdn,2026-03-29 19:01:01.47+00,2026-01-07 23:00:00+00,ofac_non_sdn.xml,978210,f,,N,-1
aq,2026-03-29 19:01:04.138+00,2026-03-28 22:00:02.092+00,onu.xml,2048036,f,,N,-1
eu,2026-03-29 19:01:06.287+00,2026-03-22 23:00:00+00,euea.xml,24162465,f,,N,-1
uk,2026-03-29 19:01:13.494+00,2026-03-26 23:00:00+00,uk.xml,20665115,f,,N,-1
ca,2026-03-29 19:01:17.861+00,2026-03-29 19:01:22.113+00,ca.xml,1776180,f,,N,-1
us,2026-03-29 19:01:24.9+00,2026-03-29 19:01:24.901+00,cuba.xml,262316,f,,N,-1
au,2026-03-30 05:00:04.773+00,2026-03-25 23:00:00+00,au.xlsx,1287413,f,,N,-1
sdn,2026-03-30 05:00:19.616+00,2026-03-26 23:00:00+00,ofac_sdn.xml,28098329,f,,N,-1
ch,2026-03-30 05:00:34.946+00,2026-03-25 23:00:00+00,ch.xml,37838045,f,,N,-1
nsdn,2026-03-30 05:01:04.735+00,2026-01-07 23:00:00+00,ofac_non_sdn.xml,978210,f,,N,-1
aq,2026-03-30 05:01:07.308+00,2026-03-28 22:00:02.092+00,onu.xml,2048036,f,,N,-1
eu,2026-03-30 05:01:09.853+00,2026-03-22 23:00:00+00,euea.xml,24162465,f,,N,-1
uk,2026-03-30 05:01:18.884+00,2026-03-26 23:00:00+00,uk.xml,20665115,f,,N,-1
ca,2026-03-30 05:01:22.649+00,2026-03-30 05:01:27.152+00,ca.xml,1776180,f,,N,-1
us,2026-03-30 05:01:29.876+00,2026-03-30 05:01:29.877+00,cuba.xml,262316,f,,N,-1
au,2026-03-30 19:00:01.442+00,2026-03-25 23:00:00+00,au.xlsx,1287413,f,,N,-1
sdn,2026-03-30 19:00:19.266+00,2026-03-26 23:00:00+00,ofac_sdn.xml,28098329,f,,N,-1
ch,2026-03-30 19:00:34.672+00,2026-03-25 23:00:00+00,ch.xml,37838045,f,,N,-1
nsdn,2026-03-30 19:00:59.492+00,2026-01-07 23:00:00+00,ofac_non_sdn.xml,978210,f,,N,-1
aq,2026-03-30 19:01:02.125+00,2026-03-28 22:00:02.092+00,onu.xml,2048036,f,,N,-1
eu,2026-03-30 19:01:04.408+00,2026-03-29 22:00:00+00,euea.xml,24175840,f,,N,-1
uk,2026-03-30 19:01:15.643+00,2026-03-26 23:00:00+00,uk.xml,20665115,f,,N,-1
ca,2026-03-30 19:01:20.329+00,2026-03-30 19:01:24.833+00,ca.xml,1776180,f,,N,-1
us,2026-03-30 19:01:27.821+00,2026-03-30 19:01:27.821+00,cuba.xml,262316,f,,N,-1
au,2026-03-31 05:00:00.538+00,2026-03-25 23:00:00+00,au.xlsx,1287413,f,,N,-1
sdn,2026-03-31 05:00:17.915+00,2026-03-26 23:00:00+00,ofac_sdn.xml,28098329,f,,N,-1
ch,2026-03-31 05:00:32.803+00,2026-03-25 23:00:00+00,ch.xml,37838045,f,,N,-1
nsdn,2026-03-31 05:00:59.798+00,2026-01-07 23:00:00+00,ofac_non_sdn.xml,978210,f,,N,-1
aq,2026-03-31 05:01:02.386+00,2026-03-30 21:00:00.708+00,onu.xml,2050271,f,,N,-1
eu,2026-03-31 05:01:04.717+00,2026-03-29 22:00:00+00,euea.xml,24175840,f,,N,-1
uk,2026-03-31 05:01:12.119+00,2026-03-26 23:00:00+00,uk.xml,20665115,f,,N,-1
ca,2026-03-31 05:01:16.345+00,2026-03-31 05:01:22.867+00,ca.xml,1776180,f,,N,-1
us,2026-03-31 05:01:25.81+00,2026-03-31 05:01:25.81+00,cuba.xml,262316,f,,N,-1
au,2026-03-31 19:00:02.375+00,2026-03-25 23:00:00+00,au.xlsx,1287413,f,,N,-1
sdn,2026-03-31 19:00:19.807+00,2026-03-30 22:00:00+00,ofac_sdn.xml,28085932,f,,N,-1
ch,2026-03-31 19:00:36.779+00,2026-03-29 22:00:00+00,ch.xml,37840246,f,,N,-1
nsdn,2026-03-31 19:00:57.986+00,2026-01-07 23:00:00+00,ofac_non_sdn.xml,978210,f,,N,-1
aq,2026-03-31 19:01:00.524+00,2026-03-30 21:00:00.708+00,onu.xml,2050271,f,,N,-1
eu,2026-03-31 19:01:02.913+00,2026-03-30 22:00:00+00,euea.xml,24233503,f,,N,-1
uk,2026-03-31 19:01:15.55+00,2026-03-30 22:00:00+00,uk.xml,20668722,f,,N,-1
ca,2026-03-31 19:01:20.107+00,2026-03-31 19:01:24.448+00,ca.xml,1776180,f,,N,-1
us,2026-03-31 19:01:27.233+00,2026-03-31 19:01:27.234+00,cuba.xml,262316,f,,N,-1
au,2026-04-01 05:00:03.163+00,2026-03-25 23:00:00+00,au.xlsx,1287413,f,,N,-1
sdn,2026-04-01 05:00:20.209+00,2026-03-30 22:00:00+00,ofac_sdn.xml,28085932,f,,N,-1
ch,2026-04-01 05:00:35.138+00,2026-03-31 22:00:00+00,ch.xml,38602057,f,,N,-1
nsdn,2026-04-01 05:01:06.062+00,2026-01-07 23:00:00+00,ofac_non_sdn.xml,978210,f,,N,-1
aq,2026-04-01 05:01:08.606+00,2026-03-31 21:00:05.536+00,onu.xml,2050271,f,,N,-1
eu,2026-04-01 05:01:11.07+00,2026-03-30 22:00:00+00,euea.xml,24233503,f,,N,-1
uk,2026-04-01 05:01:18.438+00,2026-03-30 22:00:00+00,uk.xml,20668722,f,,N,-1
ca,2026-04-01 05:01:22.856+00,2026-04-01 05:01:27.258+00,ca.xml,1776180,f,,N,-1
us,2026-04-01 05:01:30.061+00,2026-04-01 05:01:30.061+00,cuba.xml,262316,f,,N,-1
au,2026-04-01 19:00:04.719+00,2026-03-25 23:00:00+00,au.xlsx,1287413,f,,N,-1
sdn,2026-04-01 19:00:20.358+00,2026-03-30 22:00:00+00,ofac_sdn.xml,28085932,f,,N,-1
ch,2026-04-01 19:00:34.742+00,2026-03-31 22:00:00+00,ch.xml,38602057,f,,N,-1
nsdn,2026-04-01 19:00:47.815+00,2026-01-07 23:00:00+00,ofac_non_sdn.xml,978210,f,,N,-1
aq,2026-04-01 19:00:50.362+00,2026-03-31 21:00:05.536+00,onu.xml,2050271,f,,N,-1
eu,2026-04-01 19:00:52.573+00,2026-03-30 22:00:00+00,euea.xml,24233503,f,,N,-1
uk,2026-04-01 19:01:00.022+00,2026-03-30 22:00:00+00,uk.xml,20668722,f,,N,-1
ca,2026-04-01 19:01:04.282+00,2026-04-01 19:01:08.823+00,ca.xml,1776180,f,,N,-1
us,2026-04-01 19:01:11.602+00,2026-04-01 19:01:11.603+00,cuba.xml,262316,f,,N,-1
au,2026-04-02 05:00:06.21+00,2026-03-25 23:00:00+00,au.xlsx,1287413,f,,N,-1
sdn,2026-04-02 05:00:23.852+00,2026-03-31 22:00:00+00,ofac_sdn.xml,28084541,f,,N,-1
ch,2026-04-02 05:00:38.263+00,2026-03-31 22:00:00+00,ch.xml,38602057,f,,N,-1
nsdn,2026-04-02 05:00:59.207+00,2026-01-07 23:00:00+00,ofac_non_sdn.xml,978210,f,,N,-1
aq,2026-04-02 05:01:01.741+00,2026-04-01 21:00:04.126+00,onu.xml,2050271,f,,N,-1
eu,2026-04-02 05:01:03.906+00,2026-03-30 22:00:00+00,euea.xml,24233503,f,,N,-1
uk,2026-04-02 05:01:11.014+00,2026-03-30 22:00:00+00,uk.xml,20668722,f,,N,-1
ca,2026-04-02 05:01:14.681+00,2026-04-02 05:01:19.154+00,ca.xml,1776180,f,,N,-1
us,2026-04-02 05:01:21.908+00,2026-04-02 05:01:21.909+00,cuba.xml,262316,f,,N,-1
au,2026-04-02 19:00:03.826+00,2026-03-25 23:00:00+00,au.xlsx,1287413,f,,N,-1
sdn,2026-04-02 19:00:21.243+00,2026-03-31 22:00:00+00,ofac_sdn.xml,28084541,f,,N,-1
ch,2026-04-02 19:00:38.517+00,2026-03-31 22:00:00+00,ch.xml,38602057,f,,N,-1
nsdn,2026-04-02 19:00:53.595+00,2026-01-07 23:00:00+00,ofac_non_sdn.xml,978210,f,,N,-1
aq,2026-04-02 19:00:56.26+00,2026-04-01 21:00:04.126+00,onu.xml,2050271,f,,N,-1
eu,2026-04-02 19:00:58.55+00,2026-03-30 22:00:00+00,euea.xml,24233503,f,,N,-1
uk,2026-04-02 19:01:08.376+00,2026-03-30 22:00:00+00,uk.xml,20668722,f,,N,-1
ca,2026-04-02 19:01:12.996+00,2026-04-02 19:01:17.346+00,ca.xml,1776180,f,,N,-1
us,2026-04-02 19:01:20.406+00,2026-04-02 19:01:20.406+00,cuba.xml,262316,f,,N,-1
au,2026-04-03 05:00:06.947+00,2026-03-25 23:00:00+00,au.xlsx,1287413,f,,N,-1
sdn,2026-04-03 05:00:24.217+00,2026-03-31 22:00:00+00,ofac_sdn.xml,28084541,f,,N,-1
ch,2026-04-03 05:00:39.128+00,2026-03-31 22:00:00+00,ch.xml,38602057,f,,N,-1
nsdn,2026-04-03 05:00:58.884+00,2026-01-07 23:00:00+00,ofac_non_sdn.xml,978210,f,,N,-1
aq,2026-04-03 05:01:01.607+00,2026-04-02 21:00:02.14+00,onu.xml,2050271,f,,N,-1
eu,2026-04-03 05:01:03.756+00,2026-03-30 22:00:00+00,euea.xml,24233503,f,,N,-1
uk,2026-04-03 05:01:10.961+00,2026-03-30 22:00:00+00,uk.xml,20668722,f,,N,-1
ca,2026-04-03 05:01:15.281+00,2026-04-03 05:01:19.636+00,ca.xml,1776180,f,,N,-1
us,2026-04-03 05:01:22.621+00,2026-04-03 05:01:22.622+00,cuba.xml,262316,f,,N,-1
au,2026-04-03 19:00:04.916+00,2026-03-25 23:00:00+00,au.xlsx,1287413,f,,N,-1
sdn,2026-04-03 19:00:22.134+00,2026-04-02 22:00:00+00,ofac_sdn.xml,28082580,f,,N,-1
ch,2026-04-03 19:00:37.205+00,2026-03-31 22:00:00+00,ch.xml,38602057,f,,N,-1
nsdn,2026-04-03 19:01:04.551+00,2026-01-07 23:00:00+00,ofac_non_sdn.xml,978210,f,,N,-1
aq,2026-04-03 19:01:07.085+00,2026-04-02 21:00:02.14+00,onu.xml,2050271,f,,N,-1
eu,2026-04-03 19:01:09.389+00,2026-03-30 22:00:00+00,euea.xml,24233503,f,,N,-1
uk,2026-04-03 19:01:18.023+00,2026-03-30 22:00:00+00,uk.xml,20668722,f,,N,-1
ca,2026-04-03 19:01:21.829+00,2026-04-03 19:01:26.271+00,ca.xml,1776180,f,,N,-1
us,2026-04-03 19:01:29.276+00,2026-04-03 19:01:29.277+00,cuba.xml,262316,f,,N,-1
au,2026-04-04 05:00:07.061+00,2026-03-25 23:00:00+00,au.xlsx,1287413,f,,N,-1
sdn,2026-04-04 05:00:23.689+00,2026-04-02 22:00:00+00,ofac_sdn.xml,28082580,f,,N,-1
ch,2026-04-04 05:00:37.883+00,2026-03-31 22:00:00+00,ch.xml,38602057,f,,N,-1
nsdn,2026-04-04 05:00:52.789+00,2026-01-07 23:00:00+00,ofac_non_sdn.xml,978210,f,,N,-1
aq,2026-04-04 05:00:55.246+00,2026-04-03 21:00:07.299+00,onu.xml,2050271,f,,N,-1
eu,2026-04-04 05:00:57.42+00,2026-03-30 22:00:00+00,euea.xml,24233503,f,,N,-1
uk,2026-04-04 05:01:04.491+00,2026-03-30 22:00:00+00,uk.xml,20668722,f,,N,-1
ca,2026-04-04 05:01:08.279+00,2026-04-04 05:01:12.658+00,ca.xml,1776180,f,,N,-1
us,2026-04-04 05:01:15.218+00,2026-04-04 05:01:15.219+00,cuba.xml,262316,f,,N,-1
au,2026-04-04 19:00:01.814+00,2026-03-25 23:00:00+00,au.xlsx,1287413,f,,N,-1
sdn,2026-04-04 19:00:19.158+00,2026-04-02 22:00:00+00,ofac_sdn.xml,28082580,f,,N,-1
ch,2026-04-04 19:00:33.551+00,2026-03-31 22:00:00+00,ch.xml,38602057,f,,N,-1
nsdn,2026-04-04 19:00:47.339+00,2026-01-07 23:00:00+00,ofac_non_sdn.xml,978210,f,,N,-1
aq,2026-04-04 19:00:49.941+00,2026-04-03 21:00:07.299+00,onu.xml,2050271,f,,N,-1
eu,2026-04-04 19:00:52.305+00,2026-03-30 22:00:00+00,euea.xml,24233503,f,,N,-1
uk,2026-04-04 19:01:02.259+00,2026-03-30 22:00:00+00,uk.xml,20668722,f,,N,-1
ca,2026-04-04 19:01:06.643+00,2026-04-04 19:01:11.031+00,ca.xml,1776180,f,,N,-1
us,2026-04-04 19:01:13.564+00,2026-04-04 19:01:13.564+00,cuba.xml,262316,f,,N,-1
au,2026-04-05 05:00:02.454+00,2026-03-25 23:00:00+00,au.xlsx,1287413,f,,N,-1
sdn,2026-04-05 05:00:18.572+00,2026-04-02 22:00:00+00,ofac_sdn.xml,28082580,f,,N,-1
ch,2026-04-05 05:00:33.15+00,2026-03-31 22:00:00+00,ch.xml,38602057,f,,N,-1
nsdn,2026-04-05 05:00:54.881+00,2026-01-07 23:00:00+00,ofac_non_sdn.xml,978210,f,,N,-1
aq,2026-04-05 05:00:57.478+00,2026-04-04 21:00:06.652+00,onu.xml,2050271,f,,N,-1
eu,2026-04-05 05:00:59.767+00,2026-03-30 22:00:00+00,euea.xml,24233503,f,,N,-1
uk,2026-04-05 05:01:09.179+00,2026-03-30 22:00:00+00,uk.xml,20668722,f,,N,-1
ca,2026-04-05 05:01:13.578+00,2026-04-05 05:01:17.897+00,ca.xml,1776180,f,,N,-1
us,2026-04-05 05:01:20.827+00,2026-04-05 05:01:20.827+00,cuba.xml,262316,f,,N,-1
au,2026-04-05 19:00:03.553+00,2026-03-25 23:00:00+00,au.xlsx,1287413,f,,N,-1
sdn,2026-04-05 19:00:19.402+00,2026-04-02 22:00:00+00,ofac_sdn.xml,28082580,f,,N,-1
ch,2026-04-05 19:00:35.397+00,2026-03-31 22:00:00+00,ch.xml,38602057,f,,N,-1
nsdn,2026-04-05 19:00:48.466+00,2026-01-07 23:00:00+00,ofac_non_sdn.xml,978210,f,,N,-1
aq,2026-04-05 19:00:50.91+00,2026-04-04 21:00:06.652+00,onu.xml,2050271,f,,N,-1
eu,2026-04-05 19:00:53.255+00,2026-03-30 22:00:00+00,euea.xml,24233503,f,,N,-1
uk,2026-04-05 19:01:00.844+00,2026-03-30 22:00:00+00,uk.xml,20668722,f,,N,-1
ca,2026-04-05 19:01:05.424+00,2026-04-05 19:01:09.738+00,ca.xml,1776180,f,,N,-1
us,2026-04-05 19:01:12.583+00,2026-04-05 19:01:12.584+00,cuba.xml,262316,f,,N,-1
au,2026-04-06 05:00:01.268+00,2026-03-25 23:00:00+00,au.xlsx,1287413,f,,N,-1
sdn,2026-04-06 05:00:17.641+00,2026-04-02 22:00:00+00,ofac_sdn.xml,28082580,f,,N,-1
ch,2026-04-06 05:00:33.038+00,2026-03-31 22:00:00+00,ch.xml,38602057,f,,N,-1
nsdn,2026-04-06 05:00:54.368+00,2026-01-07 23:00:00+00,ofac_non_sdn.xml,978210,f,,N,-1
aq,2026-04-06 05:00:57.002+00,2026-04-04 21:00:06.652+00,onu.xml,2050271,f,,N,-1
eu,2026-04-06 05:00:59.292+00,2026-03-30 22:00:00+00,euea.xml,24233503,f,,N,-1
uk,2026-04-06 05:01:07.483+00,2026-03-30 22:00:00+00,uk.xml,20668722,f,,N,-1
ca,2026-04-06 05:01:12.004+00,2026-04-06 05:01:16.661+00,ca.xml,1776180,f,,N,-1
us,2026-04-06 05:01:20.099+00,2026-04-06 05:01:20.1+00,cuba.xml,262316,f,,N,-1
au,2026-04-06 19:00:06.119+00,2026-03-25 23:00:00+00,au.xlsx,1287413,f,,N,-1
sdn,2026-04-06 19:00:22.757+00,2026-04-02 22:00:00+00,ofac_sdn.xml,28082580,f,,N,-1
ch,2026-04-06 19:00:36.892+00,2026-03-31 22:00:00+00,ch.xml,38602057,f,,N,-1
nsdn,2026-04-06 19:00:52.275+00,2026-01-07 23:00:00+00,ofac_non_sdn.xml,978210,f,,N,-1
aq,2026-04-06 19:00:54.678+00,2026-04-04 21:00:06.652+00,onu.xml,2050271,f,,N,-1
eu,2026-04-06 19:00:56.884+00,2026-03-30 22:00:00+00,euea.xml,24233503,f,,N,-1
uk,2026-04-06 19:01:04.169+00,2026-03-30 22:00:00+00,uk.xml,20668722,f,,N,-1
ca,2026-04-06 19:01:08.592+00,2026-04-06 19:01:13.019+00,ca.xml,1776180,f,,N,-1
us,2026-04-06 19:01:16.02+00,2026-04-06 19:01:16.02+00,cuba.xml,262316,f,,N,-1
au,2026-04-07 05:00:02.001+00,2026-03-25 23:00:00+00,au.xlsx,1287413,f,,N,-1
sdn,2026-04-07 05:00:17.807+00,2026-04-02 22:00:00+00,ofac_sdn.xml,28082580,f,,N,-1
ch,2026-04-07 05:00:31.34+00,2026-03-31 22:00:00+00,ch.xml,38602057,f,,N,-1
nsdn,2026-04-07 05:00:44.363+00,2026-01-07 23:00:00+00,ofac_non_sdn.xml,978210,f,,N,-1
aq,2026-04-07 05:00:46.691+00,2026-04-06 21:00:04.232+00,onu.xml,2050271,f,,N,-1
eu,2026-04-07 05:00:49.028+00,2026-03-30 22:00:00+00,euea.xml,24233503,f,,N,-1
uk,2026-04-07 05:00:58.121+00,2026-03-30 22:00:00+00,uk.xml,20668722,f,,N,-1
ca,2026-04-07 05:01:02.295+00,2026-04-07 05:01:06.883+00,ca.xml,1776180,f,,N,-1
us,2026-04-07 05:01:09.527+00,2026-04-07 05:01:09.528+00,cuba.xml,262316,f,,N,-1
au,2026-04-07 19:00:01.134+00,2026-03-25 23:00:00+00,au.xlsx,1287413,f,,N,-1
sdn,2026-04-07 19:00:20.033+00,2026-04-02 22:00:00+00,ofac_sdn.xml,28082580,f,,N,-1
ch,2026-04-07 19:00:36.802+00,2026-03-31 22:00:00+00,ch.xml,38602057,f,,N,-1
nsdn,2026-04-07 19:00:47.023+00,2026-01-07 23:00:00+00,ofac_non_sdn.xml,978210,f,,N,-1
aq,2026-04-07 19:00:49.373+00,2026-04-06 21:00:04.232+00,onu.xml,2050271,f,,N,-1
eu,2026-04-07 19:00:51.624+00,2026-03-30 22:00:00+00,euea.xml,24233503,f,,N,-1
uk,2026-04-07 19:01:01.966+00,2026-03-30 22:00:00+00,uk.xml,20668722,f,,N,-1
ca,2026-04-07 19:01:06.077+00,2026-04-07 19:01:10.367+00,ca.xml,1776180,f,,N,-1
us,2026-04-07 19:01:13.283+00,2026-04-07 19:01:13.283+00,cuba.xml,262316,f,,N,-1
au,2026-04-08 05:00:02.09+00,2026-03-25 23:00:00+00,au.xlsx,1287413,f,,N,-1
sdn,2026-04-08 05:00:19.159+00,2026-04-02 22:00:00+00,ofac_sdn.xml,28082580,f,,N,-1
ch,2026-04-08 05:00:33.812+00,2026-03-31 22:00:00+00,ch.xml,38602057,f,,N,-1
nsdn,2026-04-08 05:00:52.745+00,2026-01-07 23:00:00+00,ofac_non_sdn.xml,978210,f,,N,-1
aq,2026-04-08 05:00:55.27+00,2026-04-07 21:00:02.383+00,onu.xml,2050271,f,,N,-1
eu,2026-04-08 05:00:57.664+00,2026-03-30 22:00:00+00,euea.xml,24233503,f,,N,-1
uk,2026-04-08 05:01:04.709+00,2026-03-30 22:00:00+00,uk.xml,20668722,f,,N,-1
ca,2026-04-08 05:01:08.65+00,2026-04-08 05:01:13.01+00,ca.xml,1776180,f,,N,-1
us,2026-04-08 05:01:15.896+00,2026-04-08 05:01:15.897+00,cuba.xml,262316,f,,N,-1
au,2026-04-08 19:00:05.504+00,2026-03-25 23:00:00+00,au.xlsx,1287413,f,,N,-1
sdn,2026-04-08 19:00:23.349+00,2026-04-02 22:00:00+00,ofac_sdn.xml,28082580,f,,N,-1
ch,2026-04-08 19:00:39.868+00,2026-03-31 22:00:00+00,ch.xml,38602057,f,,N,-1
nsdn,2026-04-08 19:00:54.459+00,2026-01-07 23:00:00+00,ofac_non_sdn.xml,978210,f,,N,-1
aq,2026-04-08 19:00:57.217+00,2026-04-07 21:00:02.383+00,onu.xml,2050271,f,,N,-1
eu,2026-04-08 19:00:59.736+00,2026-03-30 22:00:00+00,euea.xml,24233503,f,,N,-1
uk,2026-04-08 19:01:09.987+00,2026-03-30 22:00:00+00,uk.xml,20668722,f,,N,-1
ca,2026-04-08 19:01:14.641+00,2026-04-08 19:01:19.121+00,ca.xml,1776180,f,,N,-1
us,2026-04-08 19:01:22.166+00,2026-04-08 19:01:22.166+00,cuba.xml,262316,f,,N,-1
au,2026-04-09 05:00:06.024+00,2026-03-25 23:00:00+00,au.xlsx,1287413,f,,N,-1
sdn,2026-04-09 05:00:21.829+00,2026-04-02 22:00:00+00,ofac_sdn.xml,28082580,f,,N,-1
ch,2026-04-09 05:00:37.426+00,2026-03-31 22:00:00+00,ch.xml,38602057,f,,N,-1
nsdn,2026-04-09 05:00:54.964+00,2026-01-07 23:00:00+00,ofac_non_sdn.xml,978210,f,,N,-1
aq,2026-04-09 05:00:57.428+00,2026-04-08 21:00:06.713+00,onu.xml,2050271,f,,N,-1
eu,2026-04-09 05:00:59.715+00,2026-03-30 22:00:00+00,euea.xml,24233503,f,,N,-1
uk,2026-04-09 05:01:06.72+00,2026-03-30 22:00:00+00,uk.xml,20668722,f,,N,-1
ca,2026-04-09 05:01:11.002+00,2026-04-09 05:01:15.425+00,ca.xml,1776180,f,,N,-1
us,2026-04-09 05:01:18.056+00,2026-04-09 05:01:18.056+00,cuba.xml,262316,f,,N,-1
au,2026-04-09 19:00:03.089+00,2026-03-25 23:00:00+00,au.xlsx,1287413,f,,N,-1
sdn,2026-04-09 19:00:19.973+00,2026-04-02 22:00:00+00,ofac_sdn.xml,28082580,f,,N,-1
ch,2026-04-09 19:00:38.359+00,2026-03-31 22:00:00+00,ch.xml,38602057,f,,N,-1
nsdn,2026-04-09 19:00:50.041+00,2026-01-07 23:00:00+00,ofac_non_sdn.xml,978210,f,,N,-1
aq,2026-04-09 19:00:52.487+00,2026-04-08 21:00:06.713+00,onu.xml,2050271,f,,N,-1
eu,2026-04-09 19:00:55.034+00,2026-03-30 22:00:00+00,euea.xml,24233503,f,,N,-1
uk,2026-04-09 19:01:04.063+00,2026-03-30 22:00:00+00,uk.xml,20668722,f,,N,-1
ca,2026-04-09 19:01:08.069+00,2026-04-09 19:01:12.53+00,ca.xml,1776180,f,,N,-1
us,2026-04-09 19:01:15.245+00,2026-04-09 19:01:15.245+00,cuba.xml,262316,f,,N,-1
au,2026-04-10 05:00:05.115+00,2026-03-25 23:00:00+00,au.xlsx,1287413,f,,N,-1
sdn,2026-04-10 05:00:21.064+00,2026-04-02 22:00:00+00,ofac_sdn.xml,28082580,f,,N,-1
ch,2026-04-10 05:00:40.064+00,2026-03-31 22:00:00+00,ch.xml,38602057,f,,N,-1
nsdn,2026-04-10 05:00:54.111+00,2026-01-07 23:00:00+00,ofac_non_sdn.xml,978210,f,,N,-1
aq,2026-04-10 05:00:56.445+00,2026-04-09 21:00:03.55+00,onu.xml,2050271,f,,N,-1
eu,2026-04-10 05:00:58.663+00,2026-03-30 22:00:00+00,euea.xml,24233503,f,,N,-1
uk,2026-04-10 05:01:05.782+00,2026-03-30 22:00:00+00,uk.xml,20668722,f,,N,-1
ca,2026-04-10 05:01:09.775+00,2026-04-10 05:01:14.333+00,ca.xml,1776180,f,,N,-1
us,2026-04-10 05:01:17.06+00,2026-04-10 05:01:17.06+00,cuba.xml,262316,f,,N,-1
au,2026-04-10 19:00:03.045+00,2026-04-08 22:00:00+00,au.xlsx,1330368,f,,N,-1
sdn,2026-04-10 19:00:19.579+00,2026-04-02 22:00:00+00,ofac_sdn.xml,28082580,f,,N,-1
ch,2026-04-10 19:00:35.067+00,2026-03-31 22:00:00+00,ch.xml,38602057,f,,N,-1
nsdn,2026-04-10 19:00:44.04+00,2026-01-07 23:00:00+00,ofac_non_sdn.xml,978210,f,,N,-1
aq,2026-04-10 19:00:46.533+00,2026-04-09 21:00:03.55+00,onu.xml,2050271,f,,N,-1
eu,2026-04-10 19:00:48.983+00,2026-04-09 22:00:00+00,euea.xml,24263206,f,,N,-1
uk,2026-04-10 19:01:01.373+00,2026-03-30 22:00:00+00,uk.xml,20668722,f,,N,-1
ca,2026-04-10 19:01:05.43+00,2026-04-10 19:01:09.993+00,ca.xml,1776180,f,,N,-1
us,2026-04-10 19:01:12.565+00,2026-04-10 19:01:12.566+00,cuba.xml,262316,f,,N,-1
au,2026-04-11 05:00:03.785+00,2026-04-08 22:00:00+00,au.xlsx,1330368,f,,N,-1
sdn,2026-04-11 05:00:19.39+00,2026-04-02 22:00:00+00,ofac_sdn.xml,28082580,f,,N,-1
ch,2026-04-11 05:00:34.839+00,2026-03-31 22:00:00+00,ch.xml,38602057,f,,N,-1
nsdn,2026-04-11 05:00:52.541+00,2026-01-07 23:00:00+00,ofac_non_sdn.xml,978210,f,,N,-1
aq,2026-04-11 05:00:55.168+00,2026-04-10 21:00:05.067+00,onu.xml,2050271,f,,N,-1
eu,2026-04-11 05:00:57.409+00,2026-04-09 22:00:00+00,euea.xml,24263206,f,,N,-1
uk,2026-04-11 05:01:06.791+00,2026-03-30 22:00:00+00,uk.xml,20668722,f,,N,-1
ca,2026-04-11 05:01:11.171+00,2026-04-11 05:01:15.503+00,ca.xml,1776180,f,,N,-1
us,2026-04-11 05:01:18.382+00,2026-04-11 05:01:18.382+00,cuba.xml,262316,f,,N,-1
au,2026-04-11 19:00:05.164+00,2026-04-08 22:00:00+00,au.xlsx,1330368,f,,N,-1
sdn,2026-04-11 19:00:21.246+00,2026-04-02 22:00:00+00,ofac_sdn.xml,28082580,f,,N,-1
ch,2026-04-11 19:00:34.512+00,2026-03-31 22:00:00+00,ch.xml,38602057,f,,N,-1
nsdn,2026-04-11 19:00:44.649+00,2026-01-07 23:00:00+00,ofac_non_sdn.xml,978210,f,,N,-1
aq,2026-04-11 19:00:47.136+00,2026-04-10 21:00:05.067+00,onu.xml,2050271,f,,N,-1
eu,2026-04-11 19:00:49.191+00,2026-04-09 22:00:00+00,euea.xml,24263206,f,,N,-1
uk,2026-04-11 19:00:58.058+00,2026-03-30 22:00:00+00,uk.xml,20668722,f,,N,-1
ca,2026-04-11 19:01:02.213+00,2026-04-11 19:01:06.689+00,ca.xml,1776180,f,,N,-1
us,2026-04-11 19:01:09.316+00,2026-04-11 19:01:09.317+00,cuba.xml,262316,f,,N,-1
au,2026-04-12 05:00:05.779+00,2026-04-08 22:00:00+00,au.xlsx,1330368,f,,N,-1
sdn,2026-04-12 05:00:21.517+00,2026-04-02 22:00:00+00,ofac_sdn.xml,28082580,f,,N,-1
ch,2026-04-12 05:00:35.181+00,2026-03-31 22:00:00+00,ch.xml,38602057,f,,N,-1
nsdn,2026-04-12 05:00:45.722+00,2026-01-07 23:00:00+00,ofac_non_sdn.xml,978210,f,,N,-1
aq,2026-04-12 05:00:48.414+00,2026-04-11 21:00:03.535+00,onu.xml,2050271,f,,N,-1
eu,2026-04-12 05:00:50.74+00,2026-04-09 22:00:00+00,euea.xml,24263206,f,,N,-1
uk,2026-04-12 05:01:09.661+00,2026-03-30 22:00:00+00,uk.xml,20668722,f,,N,-1
ca,2026-04-12 05:01:13.584+00,2026-04-12 05:01:17.862+00,ca.xml,1776180,f,,N,-1
us,2026-04-12 05:01:20.319+00,2026-04-12 05:01:20.32+00,cuba.xml,262316,f,,N,-1
au,2026-04-12 19:00:08.63+00,2026-04-08 22:00:00+00,au.xlsx,1330368,f,,N,-1
sdn,2026-04-12 19:00:23.659+00,2026-04-02 22:00:00+00,ofac_sdn.xml,28082580,f,,N,-1
ch,2026-04-12 19:00:38.139+00,2026-03-31 22:00:00+00,ch.xml,38602057,f,,N,-1
nsdn,2026-04-12 19:00:48.333+00,2026-01-07 23:00:00+00,ofac_non_sdn.xml,978210,f,,N,-1
aq,2026-04-12 19:00:50.751+00,2026-04-11 21:00:03.535+00,onu.xml,2050271,f,,N,-1
eu,2026-04-12 19:00:52.921+00,2026-04-09 22:00:00+00,euea.xml,24263206,f,,N,-1
uk,2026-04-12 19:01:00.454+00,2026-03-30 22:00:00+00,uk.xml,20668722,f,,N,-1
ca,2026-04-12 19:01:04.932+00,2026-04-12 19:01:09.425+00,ca.xml,1776180,f,,N,-1
us,2026-04-12 19:01:12.286+00,2026-04-12 19:01:12.287+00,cuba.xml,262316,f,,N,-1
au,2026-04-13 05:00:07.34+00,2026-04-08 22:00:00+00,au.xlsx,1330368,f,,N,-1
sdn,2026-04-13 05:00:22.488+00,2026-04-02 22:00:00+00,ofac_sdn.xml,28082580,f,,N,-1
ch,2026-04-13 05:00:36.899+00,2026-03-31 22:00:00+00,ch.xml,38602057,f,,N,-1
nsdn,2026-04-13 05:01:00.453+00,2026-01-07 23:00:00+00,ofac_non_sdn.xml,978210,f,,N,-1
aq,2026-04-13 05:01:03.103+00,2026-04-11 21:00:03.535+00,onu.xml,2050271,f,,N,-1
eu,2026-04-13 05:01:05.307+00,2026-04-09 22:00:00+00,euea.xml,24263206,f,,N,-1
uk,2026-04-13 05:01:13.915+00,2026-03-30 22:00:00+00,uk.xml,20668722,f,,N,-1
ca,2026-04-13 05:01:17.962+00,2026-04-13 05:01:23.654+00,ca.xml,1776180,f,,N,-1
us,2026-04-13 05:01:26.289+00,2026-04-13 05:01:26.29+00,cuba.xml,262316,f,,N,-1
au,2026-04-13 19:00:06.436+00,2026-04-08 22:00:00+00,au.xlsx,1330368,f,,N,-1
sdn,2026-04-13 19:00:22.446+00,2026-04-02 22:00:00+00,ofac_sdn.xml,28082580,f,,N,-1
ch,2026-04-13 19:00:36.109+00,2026-03-31 22:00:00+00,ch.xml,38602057,f,,N,-1
nsdn,2026-04-13 19:00:44.566+00,2026-01-07 23:00:00+00,ofac_non_sdn.xml,978210,f,,N,-1
aq,2026-04-13 19:00:47.011+00,2026-04-11 21:00:03.535+00,onu.xml,2050271,f,,N,-1
eu,2026-04-13 19:00:49.227+00,2026-04-09 22:00:00+00,euea.xml,24263206,f,,N,-1
uk,2026-04-13 19:00:57.995+00,2026-03-30 22:00:00+00,uk.xml,20668722,f,,N,-1
ca,2026-04-13 19:01:01.937+00,2026-04-13 19:01:06.386+00,ca.xml,1776180,f,,N,-1
us,2026-04-13 19:01:08.952+00,2026-04-13 19:01:08.952+00,cuba.xml,262316,f,,N,-1
au,2026-04-14 05:00:02.267+00,2026-04-08 22:00:00+00,au.xlsx,1330368,f,,N,-1
sdn,2026-04-14 05:00:17.452+00,2026-04-02 22:00:00+00,ofac_sdn.xml,28082580,f,,N,-1
ch,2026-04-14 05:00:31.003+00,2026-04-13 22:00:00+00,ch.xml,38646342,f,,N,-1
nsdn,2026-04-14 05:00:49.196+00,2026-01-07 23:00:00+00,ofac_non_sdn.xml,978210,f,,N,-1
aq,2026-04-14 05:00:51.829+00,2026-04-13 21:00:03.409+00,onu.xml,2050397,f,,N,-1
eu,2026-04-14 05:00:54.061+00,2026-04-09 22:00:00+00,euea.xml,24263206,f,,N,-1
uk,2026-04-14 05:01:03.318+00,2026-03-30 22:00:00+00,uk.xml,20668722,f,,N,-1
ca,2026-04-14 05:01:07.193+00,2026-04-14 05:01:11.64+00,ca.xml,1776180,f,,N,-1
us,2026-04-14 05:01:14.334+00,2026-04-14 05:01:14.335+00,cuba.xml,262316,f,,N,-1
au,2026-04-14 19:00:04.819+00,2026-04-08 22:00:00+00,au.xlsx,1330368,f,,N,-1
sdn,2026-04-14 19:00:20.524+00,2026-04-13 22:00:00+00,ofac_sdn.xml,28091947,f,,N,-1
ch,2026-04-14 19:00:35.655+00,2026-04-13 22:00:00+00,ch.xml,38650234,f,,N,-1
nsdn,2026-04-14 19:00:45.427+00,2026-01-07 23:00:00+00,ofac_non_sdn.xml,978210,f,,N,-1
aq,2026-04-14 19:00:47.91+00,2026-04-13 21:00:03.409+00,onu.xml,2050397,f,,N,-1
eu,2026-04-14 19:00:50.13+00,2026-04-09 22:00:00+00,euea.xml,24263206,f,,N,-1
uk,2026-04-14 19:00:57.935+00,2026-04-13 22:00:00+00,uk.xml,20668671,f,,N,-1
ca,2026-04-14 19:01:02.152+00,2026-04-14 19:01:20.888+00,ca.xml,1776180,f,,N,-1
us,2026-04-14 19:01:23.373+00,2026-04-14 19:01:23.373+00,cuba.xml,262316,f,,N,-1
au,2026-04-15 05:00:05.688+00,2026-04-08 22:00:00+00,au.xlsx,1330368,f,,N,-1
sdn,2026-04-15 05:00:22.081+00,2026-04-13 22:00:00+00,ofac_sdn.xml,28090193,f,,N,-1
ch,2026-04-15 05:00:35.924+00,2026-04-13 22:00:00+00,ch.xml,38650234,f,,N,-1
nsdn,2026-04-15 05:01:01.183+00,2026-01-07 23:00:00+00,ofac_non_sdn.xml,978210,f,,N,-1
aq,2026-04-15 05:01:03.78+00,2026-04-14 21:00:02.666+00,onu.xml,2050397,f,,N,-1
eu,2026-04-15 05:01:06.081+00,2026-04-09 22:00:00+00,euea.xml,24263206,f,,N,-1
uk,2026-04-15 05:01:13.85+00,2026-04-13 22:00:00+00,uk.xml,20668671,f,,N,-1
ca,2026-04-15 05:01:18.028+00,2026-04-15 05:01:22.503+00,ca.xml,1776180,f,,N,-1
us,2026-04-15 05:01:25.167+00,2026-04-15 05:01:25.167+00,cuba.xml,262316,f,,N,-1
au,2026-04-15 19:00:04.311+00,2026-04-08 22:00:00+00,au.xlsx,1330368,f,,N,-1
sdn,2026-04-15 19:00:21.279+00,2026-04-14 22:00:00+00,ofac_sdn.xml,28128567,f,,N,-1
ch,2026-04-15 19:00:36.913+00,2026-04-13 22:00:00+00,ch.xml,38650234,f,,N,-1
nsdn,2026-04-15 19:01:13.05+00,2026-01-07 23:00:00+00,ofac_non_sdn.xml,978210,f,,N,-1
aq,2026-04-15 19:01:15.675+00,2026-04-14 21:00:02.666+00,onu.xml,2050397,f,,N,-1
eu,2026-04-15 19:01:17.944+00,2026-04-09 22:00:00+00,euea.xml,24263206,f,,N,-1
uk,2026-04-15 19:01:25.352+00,2026-04-13 22:00:00+00,uk.xml,20668671,f,,N,-1
ca,2026-04-15 19:01:29.256+00,2026-04-15 19:01:33.598+00,ca.xml,1776180,f,,N,-1
us,2026-04-15 19:01:36.074+00,2026-04-15 19:01:36.074+00,cuba.xml,262316,f,,N,-1
au,2026-04-17 19:00:08.556+00,2026-04-08 22:00:00+00,au.xlsx,1330368,f,,N,-1
sdn,2026-04-17 19:00:26.42+00,2026-04-16 22:00:00+00,ofac_sdn.xml,28165624,f,,N,-1
ch,2026-04-17 19:00:39.868+00,2026-04-14 22:00:00+00,ch.xml,38672925,f,,N,-1
nsdn,2026-04-17 19:00:54.472+00,2026-01-07 23:00:00+00,ofac_non_sdn.xml,978210,f,,N,-1
aq,2026-04-17 19:00:56.945+00,2026-04-16 21:00:03.909+00,onu.xml,2344429,f,,N,-1
eu,2026-04-17 19:01:00.536+00,2026-04-09 22:00:00+00,euea.xml,24263206,f,,N,-1
uk,2026-04-17 19:01:08.379+00,2026-04-15 22:00:00+00,uk.xml,20664100,f,,N,-1
ca,2026-04-17 19:01:12.815+00,2026-04-17 19:01:17.541+00,ca.xml,1776180,f,,N,-1
us,2026-04-17 19:01:19.917+00,2026-04-17 19:01:19.917+00,cuba.xml,262316,f,,N,-1
au,2026-04-18 05:00:01.239+00,2026-04-08 22:00:00+00,au.xlsx,1330368,f,,N,-1
sdn,2026-04-18 05:00:18.098+00,2026-04-16 22:00:00+00,ofac_sdn.xml,28165624,f,,N,-1
ch,2026-04-18 05:00:33.565+00,2026-04-14 22:00:00+00,ch.xml,38672925,f,,N,-1
nsdn,2026-04-18 05:00:56.255+00,2026-01-07 23:00:00+00,ofac_non_sdn.xml,978210,f,,N,-1
aq,2026-04-18 05:00:58.94+00,2026-04-17 21:00:06.464+00,onu.xml,2344429,f,,N,-1
eu,2026-04-18 05:01:01.225+00,2026-04-09 22:00:00+00,euea.xml,24263206,f,,N,-1
uk,2026-04-18 05:01:09.686+00,2026-04-15 22:00:00+00,uk.xml,20664100,f,,N,-1
ca,2026-04-18 05:01:13.975+00,2026-04-18 05:01:18.465+00,ca.xml,1776180,f,,N,-1
us,2026-04-18 05:01:21.318+00,2026-04-18 05:01:21.318+00,cuba.xml,262316,f,,N,-1
au,2026-04-18 19:00:02.882+00,2026-04-08 22:00:00+00,au.xlsx,1330368,f,,N,-1
sdn,2026-04-18 19:00:19.627+00,2026-04-16 22:00:00+00,ofac_sdn.xml,28165624,f,,N,-1
ch,2026-04-18 19:00:34.799+00,2026-04-14 22:00:00+00,ch.xml,38672925,f,,N,-1
nsdn,2026-04-18 19:00:52.604+00,2026-01-07 23:00:00+00,ofac_non_sdn.xml,978210,f,,N,-1
aq,2026-04-18 19:00:55.213+00,2026-04-17 21:00:06.464+00,onu.xml,2344429,f,,N,-1
eu,2026-04-18 19:00:57.559+00,2026-04-09 22:00:00+00,euea.xml,24263206,f,,N,-1
uk,2026-04-18 19:01:04.894+00,2026-04-15 22:00:00+00,uk.xml,20664100,f,,N,-1
ca,2026-04-18 19:01:08.841+00,2026-04-18 19:01:12.983+00,ca.xml,1776180,f,,N,-1
us,2026-04-18 19:01:15.548+00,2026-04-18 19:01:15.548+00,cuba.xml,262316,f,,N,-1
au,2026-04-19 05:00:04.803+00,2026-04-08 22:00:00+00,au.xlsx,1330368,f,,N,-1
sdn,2026-04-19 05:00:20.532+00,2026-04-16 22:00:00+00,ofac_sdn.xml,28165624,f,,N,-1
ch,2026-04-19 05:00:35.603+00,2026-04-14 22:00:00+00,ch.xml,38672925,f,,N,-1
nsdn,2026-04-19 05:00:54.685+00,2026-01-07 23:00:00+00,ofac_non_sdn.xml,978210,f,,N,-1
aq,2026-04-19 05:00:57.217+00,2026-04-18 21:00:07.677+00,onu.xml,2344429,f,,N,-1
eu,2026-04-19 05:00:59.391+00,2026-04-09 22:00:00+00,euea.xml,24263206,f,,N,-1
uk,2026-04-19 05:01:07.521+00,2026-04-15 22:00:00+00,uk.xml,20664100,f,,N,-1
ca,2026-04-19 05:01:11.405+00,2026-04-19 05:01:16.056+00,ca.xml,1776180,f,,N,-1
us,2026-04-19 05:01:18.753+00,2026-04-19 05:01:18.754+00,cuba.xml,262316,f,,N,-1
au,2026-04-19 19:00:05.542+00,2026-04-08 22:00:00+00,au.xlsx,1330368,f,,N,-1
sdn,2026-04-19 19:00:20.601+00,2026-04-16 22:00:00+00,ofac_sdn.xml,28165624,f,,N,-1
ch,2026-04-19 19:00:35.717+00,2026-04-14 22:00:00+00,ch.xml,38672925,f,,N,-1
nsdn,2026-04-19 19:00:48.157+00,2026-01-07 23:00:00+00,ofac_non_sdn.xml,978210,f,,N,-1
aq,2026-04-19 19:00:50.709+00,2026-04-18 21:00:07.677+00,onu.xml,2344429,f,,N,-1
eu,2026-04-19 19:00:52.906+00,2026-04-09 22:00:00+00,euea.xml,24263206,f,,N,-1
uk,2026-04-19 19:01:00.802+00,2026-04-15 22:00:00+00,uk.xml,20664100,f,,N,-1
ca,2026-04-19 19:01:04.921+00,2026-04-19 19:01:09.409+00,ca.xml,1776180,f,,N,-1
us,2026-04-19 19:01:12.451+00,2026-04-19 19:01:12.452+00,cuba.xml,262316,f,,N,-1
au,2026-04-20 05:00:06.196+00,2026-04-08 22:00:00+00,au.xlsx,1330368,f,,N,-1
sdn,2026-04-20 05:00:21.072+00,2026-04-16 22:00:00+00,ofac_sdn.xml,28165624,f,,N,-1
ch,2026-04-20 05:00:35.204+00,2026-04-14 22:00:00+00,ch.xml,38672925,f,,N,-1
nsdn,2026-04-20 05:00:54.574+00,2026-01-07 23:00:00+00,ofac_non_sdn.xml,978210,f,,N,-1
aq,2026-04-20 05:00:57.298+00,2026-04-18 21:00:07.677+00,onu.xml,2344429,f,,N,-1
eu,2026-04-20 05:00:59.542+00,2026-04-09 22:00:00+00,euea.xml,24263206,f,,N,-1
uk,2026-04-20 05:01:07.013+00,2026-04-15 22:00:00+00,uk.xml,20664100,f,,N,-1
ca,2026-04-20 05:01:11.267+00,2026-04-20 05:01:15.495+00,ca.xml,1776180,f,,N,-1
us,2026-04-20 05:01:18.146+00,2026-04-20 05:01:18.146+00,cuba.xml,262316,f,,N,-1
au,2026-04-20 19:00:00.404+00,2026-04-08 22:00:00+00,au.xlsx,1330368,f,,N,-1
sdn,2026-04-20 19:00:15.808+00,2026-04-16 22:00:00+00,ofac_sdn.xml,28165624,f,,N,-1
ch,2026-04-20 19:00:30.046+00,2026-04-14 22:00:00+00,ch.xml,38672925,f,,N,-1
nsdn,2026-04-20 19:00:40.881+00,2026-01-07 23:00:00+00,ofac_non_sdn.xml,978210,f,,N,-1
aq,2026-04-20 19:00:43.373+00,2026-04-20 06:11:12.754+00,onu.xml,2176920,f,,N,-1
eu,2026-04-20 19:00:45.573+00,2026-04-09 22:00:00+00,euea.xml,24263206,f,,N,-1
uk,2026-04-20 19:00:52.949+00,2026-04-15 22:00:00+00,uk.xml,20664100,f,,N,-1
ca,2026-04-20 19:00:57.009+00,2026-04-20 19:01:01.361+00,ca.xml,1776180,f,,N,-1
us,2026-04-20 19:01:04.038+00,2026-04-20 19:01:04.039+00,cuba.xml,262316,f,,N,-1
au,2026-04-21 05:00:05.267+00,2026-04-08 22:00:00+00,au.xlsx,1330368,f,,N,-1
sdn,2026-04-21 05:00:21.519+00,2026-04-16 22:00:00+00,ofac_sdn.xml,28165624,f,,N,-1
ch,2026-04-21 05:00:35.293+00,2026-04-14 22:00:00+00,ch.xml,38672925,f,,N,-1
nsdn,2026-04-21 05:00:53.216+00,2026-01-07 23:00:00+00,ofac_non_sdn.xml,978210,f,,N,-1
aq,2026-04-21 05:00:55.754+00,2026-04-20 21:00:07.473+00,onu.xml,2176920,f,,N,-1
eu,2026-04-21 05:00:57.969+00,2026-04-09 22:00:00+00,euea.xml,24263206,f,,N,-1
uk,2026-04-21 05:01:05.725+00,2026-04-15 22:00:00+00,uk.xml,20664100,f,,N,-1
ca,2026-04-21 05:01:09.529+00,2026-04-21 05:01:13.937+00,ca.xml,1776180,f,,N,-1
us,2026-04-21 05:01:16.604+00,2026-04-21 05:01:16.605+00,cuba.xml,262316,f,,N,-1
au,2026-04-21 19:00:04.388+00,2026-04-08 22:00:00+00,au.xlsx,1330368,f,,N,-1
sdn,2026-04-21 19:00:21.903+00,2026-04-20 22:00:00+00,ofac_sdn.xml,28188114,f,,N,-1
ch,2026-04-21 19:00:37.312+00,2026-04-14 22:00:00+00,ch.xml,38672925,f,,N,-1
nsdn,2026-04-21 19:00:55.267+00,2026-01-07 23:00:00+00,ofac_non_sdn.xml,978210,f,,N,-1
aq,2026-04-21 19:00:57.875+00,2026-04-20 21:00:07.473+00,onu.xml,2176920,f,,N,-1
eu,2026-04-21 19:01:00.272+00,2026-04-09 22:00:00+00,euea.xml,24263206,f,,N,-1
uk,2026-04-21 19:01:07.683+00,2026-04-15 22:00:00+00,uk.xml,20664100,f,,N,-1
ca,2026-04-21 19:01:11.839+00,2026-04-21 19:01:16.244+00,ca.xml,1776180,f,,N,-1
us,2026-04-21 19:01:19.071+00,2026-04-21 19:01:19.071+00,cuba.xml,262316,f,,N,-1
au,2026-04-22 05:00:04.957+00,2026-04-08 22:00:00+00,au.xlsx,1330368,f,,N,-1
sdn,2026-04-22 05:00:21.061+00,2026-04-20 22:00:00+00,ofac_sdn.xml,28188114,f,,N,-1
ch,2026-04-22 05:00:36.015+00,2026-04-14 22:00:00+00,ch.xml,38672925,f,,N,-1
nsdn,2026-04-22 05:00:51.752+00,2026-01-07 23:00:00+00,ofac_non_sdn.xml,978210,f,,N,-1
aq,2026-04-22 05:00:54.402+00,2026-04-21 21:00:02.613+00,onu.xml,2176920,f,,N,-1
eu,2026-04-22 05:00:56.703+00,2026-04-09 22:00:00+00,euea.xml,24263206,f,,N,-1
uk,2026-04-22 05:01:04.015+00,2026-04-15 22:00:00+00,uk.xml,20664100,f,,N,-1
ca,2026-04-22 05:01:08.116+00,2026-04-22 05:01:16.057+00,ca.xml,1776180,f,,N,-1
us,2026-04-22 05:01:18.697+00,2026-04-22 05:01:18.698+00,cuba.xml,262316,f,,N,-1
au,2026-04-22 19:00:05.95+00,2026-04-08 22:00:00+00,au.xlsx,1330368,f,,N,-1
sdn,2026-04-22 19:00:23.663+00,2026-04-20 22:00:00+00,ofac_sdn.xml,28188114,f,,N,-1
ch,2026-04-22 19:00:38.462+00,2026-04-14 22:00:00+00,ch.xml,38672925,f,,N,-1
nsdn,2026-04-22 19:00:50.254+00,2026-01-07 23:00:00+00,ofac_non_sdn.xml,978210,f,,N,-1
aq,2026-04-22 19:00:52.651+00,2026-04-21 21:00:02.613+00,onu.xml,2176920,f,,N,-1
eu,2026-04-22 19:00:54.932+00,2026-04-09 22:00:00+00,euea.xml,24263206,f,,N,-1
uk,2026-04-22 19:01:02.334+00,2026-04-15 22:00:00+00,uk.xml,20664100,f,,N,-1
ca,2026-04-22 19:01:06.546+00,2026-04-22 19:01:10.978+00,ca.xml,1776180,f,,N,-1
us,2026-04-22 19:01:13.576+00,2026-04-22 19:01:13.576+00,cuba.xml,262316,f,,N,-1
au,2026-04-23 05:00:06.445+00,2026-04-08 22:00:00+00,au.xlsx,1330368,f,,N,-1
sdn,2026-04-23 05:00:23.054+00,2026-04-20 22:00:00+00,ofac_sdn.xml,28188114,f,,N,-1
ch,2026-04-23 05:00:37.028+00,2026-04-14 22:00:00+00,ch.xml,38672925,f,,N,-1
nsdn,2026-04-23 05:00:57.864+00,2026-01-07 23:00:00+00,ofac_non_sdn.xml,978210,f,,N,-1
aq,2026-04-23 05:01:00.471+00,2026-04-22 21:00:04.211+00,onu.xml,2176920,f,,N,-1
eu,2026-04-23 05:01:02.685+00,2026-04-09 22:00:00+00,euea.xml,24263206,f,,N,-1
uk,2026-04-23 05:01:10.275+00,2026-04-15 22:00:00+00,uk.xml,20664100,f,,N,-1
ca,2026-04-23 05:01:13.975+00,2026-04-23 05:01:18.509+00,ca.xml,1776180,f,,N,-1
us,2026-04-23 05:01:21.645+00,2026-04-23 05:01:21.645+00,cuba.xml,262316,f,,N,-1
au,2026-04-23 19:00:07.955+00,2026-04-08 22:00:00+00,au.xlsx,1330368,f,,N,-1
sdn,2026-04-23 19:00:25.604+00,2026-04-22 22:00:00+00,ofac_sdn.xml,28260905,f,,N,-1
ch,2026-04-23 19:00:41.561+00,2026-04-14 22:00:00+00,ch.xml,38672925,f,,N,-1
nsdn,2026-04-23 19:00:53.059+00,2026-01-07 23:00:00+00,ofac_non_sdn.xml,978210,f,,N,-1
aq,2026-04-23 19:00:55.457+00,2026-04-22 21:00:04.211+00,onu.xml,2176920,f,,N,-1
eu,2026-04-23 19:00:57.783+00,2026-04-09 22:00:00+00,euea.xml,24263206,f,,N,-1
uk,2026-04-23 19:01:06.339+00,2026-04-15 22:00:00+00,uk.xml,20664100,f,,N,-1
ca,2026-04-23 19:01:10.715+00,2026-04-23 19:01:15.181+00,ca.xml,1776180,f,,N,-1
us,2026-04-23 19:01:18.004+00,2026-04-23 19:01:18.004+00,cuba.xml,262316,f,,N,-1
au,2026-04-24 05:00:08.917+00,2026-04-08 22:00:00+00,au.xlsx,1330368,f,,N,-1
sdn,2026-04-24 05:00:24.81+00,2026-04-22 22:00:00+00,ofac_sdn.xml,28260905,f,,N,-1
ch,2026-04-24 05:00:40.88+00,2026-04-14 22:00:00+00,ch.xml,38672925,f,,N,-1
nsdn,2026-04-24 05:00:58.128+00,2026-01-07 23:00:00+00,ofac_non_sdn.xml,978210,f,,N,-1
aq,2026-04-24 05:01:00.661+00,2026-04-23 21:00:01.359+00,onu.xml,2176920,f,,N,-1
eu,2026-04-24 05:01:03.058+00,2026-04-09 22:00:00+00,euea.xml,24263206,f,,N,-1
uk,2026-04-24 05:01:10.874+00,2026-04-15 22:00:00+00,uk.xml,20664100,f,,N,-1
ca,2026-04-24 05:01:15.682+00,2026-04-24 05:01:20.036+00,ca.xml,1776180,f,,N,-1
us,2026-04-24 05:01:23.044+00,2026-04-24 05:01:23.044+00,cuba.xml,262316,f,,N,-1
au,2026-04-24 19:00:09.759+00,2026-04-08 22:00:00+00,au.xlsx,1330368,f,,N,-1
sdn,2026-04-24 19:00:26.576+00,2026-04-23 22:00:00+00,ofac_sdn.xml,28297484,f,,N,-1
ch,2026-04-24 19:00:42.544+00,2026-04-14 22:00:00+00,ch.xml,38672925,f,,N,-1
nsdn,2026-04-24 19:01:04.326+00,2026-01-07 23:00:00+00,ofac_non_sdn.xml,978210,f,,N,-1
aq,2026-04-24 19:01:06.857+00,2026-04-23 21:00:01.359+00,onu.xml,2176920,f,,N,-1
eu,2026-04-24 19:01:09.139+00,2026-04-23 22:00:00+00,euea.xml,24750131,f,,N,-1
uk,2026-04-24 19:01:27.538+00,2026-04-15 22:00:00+00,uk.xml,20664100,f,,N,-1
ca,2026-04-24 19:01:31.996+00,2026-04-24 19:01:36.682+00,ca.xml,1776180,f,,N,-1
us,2026-04-24 19:01:40.012+00,2026-04-24 19:01:40.013+00,cuba.xml,262316,f,,N,-1
au,2026-04-25 05:00:00.445+00,2026-04-08 22:00:00+00,au.xlsx,1330368,f,,N,-1
sdn,2026-04-25 05:00:17.049+00,2026-04-23 22:00:00+00,ofac_sdn.xml,28297484,f,,N,-1
ch,2026-04-25 05:00:31.925+00,2026-04-14 22:00:00+00,ch.xml,38672925,f,,N,-1
nsdn,2026-04-25 05:00:51.737+00,2026-01-07 23:00:00+00,ofac_non_sdn.xml,978210,f,,N,-1
aq,2026-04-25 05:00:54.392+00,2026-04-24 21:00:02.701+00,onu.xml,2176920,f,,N,-1
eu,2026-04-25 05:00:56.631+00,2026-04-23 22:00:00+00,euea.xml,24750131,f,,N,-1
uk,2026-04-25 05:01:04.741+00,2026-04-15 22:00:00+00,uk.xml,20664100,f,,N,-1
ca,2026-04-25 05:01:08.589+00,2026-04-25 05:01:12.745+00,ca.xml,1776180,f,,N,-1
us,2026-04-25 05:01:15.494+00,2026-04-25 05:01:15.494+00,cuba.xml,262316,f,,N,-1
au,2026-04-25 19:00:01.346+00,2026-04-08 22:00:00+00,au.xlsx,1330368,f,,N,-1
sdn,2026-04-25 19:00:17.493+00,2026-04-23 22:00:00+00,ofac_sdn.xml,28297484,f,,N,-1
ch,2026-04-25 19:00:32.235+00,2026-04-14 22:00:00+00,ch.xml,38672925,f,,N,-1
nsdn,2026-04-25 19:00:41.212+00,2026-01-07 23:00:00+00,ofac_non_sdn.xml,978210,f,,N,-1
aq,2026-04-25 19:00:43.714+00,2026-04-24 21:00:02.701+00,onu.xml,2176920,f,,N,-1
eu,2026-04-25 19:00:46.104+00,2026-04-23 22:00:00+00,euea.xml,24750131,f,,N,-1
uk,2026-04-25 19:00:54.305+00,2026-04-15 22:00:00+00,uk.xml,20664100,f,,N,-1
ca,2026-04-25 19:00:58.135+00,2026-04-25 19:01:02.646+00,ca.xml,1776180,f,,N,-1
us,2026-04-25 19:01:05.349+00,2026-04-25 19:01:05.349+00,cuba.xml,262316,f,,N,-1
au,2026-04-26 05:00:02.225+00,2026-04-08 22:00:00+00,au.xlsx,1330368,f,,N,-1
sdn,2026-04-26 05:00:18.477+00,2026-04-23 22:00:00+00,ofac_sdn.xml,28297484,f,,N,-1
ch,2026-04-26 05:00:34.653+00,2026-04-14 22:00:00+00,ch.xml,38672925,f,,N,-1
nsdn,2026-04-26 05:00:55.265+00,2026-01-07 23:00:00+00,ofac_non_sdn.xml,978210,f,,N,-1
aq,2026-04-26 05:00:57.859+00,2026-04-25 21:00:06.746+00,onu.xml,2176920,f,,N,-1
eu,2026-04-26 05:01:00.198+00,2026-04-23 22:00:00+00,euea.xml,24750131,f,,N,-1
uk,2026-04-26 05:01:10.306+00,2026-04-15 22:00:00+00,uk.xml,20664100,f,,N,-1
ca,2026-04-26 05:01:14.405+00,2026-04-26 05:01:19.078+00,ca.xml,1776180,f,,N,-1
us,2026-04-26 05:01:21.769+00,2026-04-26 05:01:21.769+00,cuba.xml,262316,f,,N,-1
au,2026-04-26 19:00:03.238+00,2026-04-08 22:00:00+00,au.xlsx,1330368,f,,N,-1
sdn,2026-04-26 19:00:20.541+00,2026-04-23 22:00:00+00,ofac_sdn.xml,28297484,f,,N,-1
ch,2026-04-26 19:00:36.937+00,2026-04-14 22:00:00+00,ch.xml,38672925,f,,N,-1
nsdn,2026-04-26 19:00:53.16+00,2026-01-07 23:00:00+00,ofac_non_sdn.xml,978210,f,,N,-1
aq,2026-04-26 19:00:55.803+00,2026-04-25 21:00:06.746+00,onu.xml,2176920,f,,N,-1
eu,2026-04-26 19:00:58.066+00,2026-04-23 22:00:00+00,euea.xml,24750131,f,,N,-1
uk,2026-04-26 19:01:06.949+00,2026-04-15 22:00:00+00,uk.xml,20664100,f,,N,-1
ca,2026-04-26 19:01:11.726+00,2026-04-26 19:01:16.154+00,ca.xml,1776180,f,,N,-1
us,2026-04-26 19:01:19.257+00,2026-04-26 19:01:19.257+00,cuba.xml,262316,f,,N,-1
au,2026-04-27 05:00:02.659+00,2026-04-08 22:00:00+00,au.xlsx,1330368,f,,N,-1
sdn,2026-04-27 05:00:17.936+00,2026-04-23 22:00:00+00,ofac_sdn.xml,28297484,f,,N,-1
ch,2026-04-27 05:00:32.827+00,2026-04-14 22:00:00+00,ch.xml,38672925,f,,N,-1
nsdn,2026-04-27 05:01:07.61+00,2026-01-07 23:00:00+00,ofac_non_sdn.xml,978210,f,,N,-1
aq,2026-04-27 05:01:10.293+00,2026-04-25 21:00:06.746+00,onu.xml,2176920,f,,N,-1
eu,2026-04-27 05:01:12.536+00,2026-04-23 22:00:00+00,euea.xml,24750131,f,,N,-1
uk,2026-04-27 05:01:20.67+00,2026-04-15 22:00:00+00,uk.xml,20664100,f,,N,-1
ca,2026-04-27 05:01:24.94+00,2026-04-27 05:01:29.366+00,ca.xml,1776180,f,,N,-1
us,2026-04-27 05:01:32.109+00,2026-04-27 05:01:32.11+00,cuba.xml,262316,f,,N,-1
au,2026-04-27 19:00:06.767+00,2026-04-08 22:00:00+00,au.xlsx,1330368,f,,N,-1
sdn,2026-04-27 19:00:23.647+00,2026-04-23 22:00:00+00,ofac_sdn.xml,28297484,f,,N,-1
ch,2026-04-27 19:00:38.581+00,2026-04-14 22:00:00+00,ch.xml,38672925,f,,N,-1
nsdn,2026-04-27 19:00:59.258+00,2026-01-07 23:00:00+00,ofac_non_sdn.xml,978210,f,,N,-1
aq,2026-04-27 19:01:01.957+00,2026-04-25 21:00:06.746+00,onu.xml,2176920,f,,N,-1
eu,2026-04-27 19:01:04.154+00,2026-04-23 22:00:00+00,euea.xml,24750131,f,,N,-1
uk,2026-04-27 19:01:11.548+00,2026-04-15 22:00:00+00,uk.xml,20664100,f,,N,-1
ca,2026-04-27 19:01:15.364+00,2026-04-27 19:01:21.181+00,ca.xml,1776180,f,,N,-1
us,2026-04-27 19:01:24.269+00,2026-04-27 19:01:24.27+00,cuba.xml,262316,f,,N,-1
au,2026-04-28 05:00:07.788+00,2026-04-08 22:00:00+00,au.xlsx,1330368,f,,N,-1
sdn,2026-04-28 05:00:23.993+00,2026-04-23 22:00:00+00,ofac_sdn.xml,28297484,f,,N,-1
ch,2026-04-28 05:00:38.986+00,2026-04-14 22:00:00+00,ch.xml,38672925,f,,N,-1
nsdn,2026-04-28 05:01:11.094+00,2026-01-07 23:00:00+00,ofac_non_sdn.xml,978210,f,,N,-1
aq,2026-04-28 05:01:13.701+00,2026-04-27 21:00:04.377+00,onu.xml,2176920,f,,N,-1
eu,2026-04-28 05:01:15.917+00,2026-04-23 22:00:00+00,euea.xml,24750131,f,,N,-1
uk,2026-04-28 05:01:23.95+00,2026-04-15 22:00:00+00,uk.xml,20664100,f,,N,-1
ca,2026-04-28 05:01:28.068+00,2026-04-28 05:01:32.481+00,ca.xml,1776180,f,,N,-1
us,2026-04-28 05:01:35.226+00,2026-04-28 05:01:35.227+00,cuba.xml,262316,f,,N,-1
au,2026-04-28 19:00:00.69+00,2026-04-08 22:00:00+00,au.xlsx,1330368,f,,N,-1
sdn,2026-04-28 19:00:50.562+00,2026-04-27 22:00:00+00,ofac_sdn.xml,28347657,f,,N,-1
ch,2026-04-28 19:01:44.759+00,2026-04-14 22:00:00+00,ch.xml,38672925,f,,N,-1
nsdn,2026-04-28 19:02:34.973+00,2026-01-07 23:00:00+00,ofac_non_sdn.xml,978210,f,,N,-1
aq,2026-04-28 19:02:38.828+00,2026-04-27 21:00:04.377+00,onu.xml,2176920,f,,N,-1
eu,2026-04-28 19:02:46.642+00,2026-04-23 22:00:00+00,euea.xml,24750131,f,,N,-1
uk,2026-04-28 19:03:18.721+00,2026-04-15 22:00:00+00,uk.xml,20664100,f,,N,-1
ca,2026-04-28 19:03:32.98+00,2026-04-28 19:03:38.17+00,ca.xml,1776180,f,,N,-1
us,2026-04-28 19:03:50.657+00,2026-04-28 19:03:50.657+00,cuba.xml,262316,f,,N,-1
au,2026-04-29 05:00:01.406+00,2026-04-08 22:00:00+00,au.xlsx,1330368,f,,N,-1
sdn,2026-04-29 05:00:26.94+00,2026-04-27 22:00:00+00,ofac_sdn.xml,28347657,f,,N,-1
ch,2026-04-29 05:01:20.964+00,2026-04-14 22:00:00+00,ch.xml,38672925,f,,N,-1
nsdn,2026-04-29 05:02:06.762+00,2026-01-07 23:00:00+00,ofac_non_sdn.xml,978210,f,,N,-1
aq,2026-04-29 05:02:10.819+00,2026-04-28 21:00:04.264+00,onu.xml,2190459,f,,N,-1
eu,2026-04-29 05:02:16.757+00,2026-04-23 22:00:00+00,euea.xml,24750131,f,,N,-1
uk,2026-04-29 05:02:38.817+00,2026-04-15 22:00:00+00,uk.xml,20664100,f,,N,-1
ca,2026-04-29 05:02:52.507+00,2026-04-29 05:02:56.941+00,ca.xml,1776180,f,,N,-1
us,2026-04-29 05:03:10.307+00,2026-04-29 05:03:10.307+00,cuba.xml,262316,f,,N,-1
au,2026-04-29 19:00:02.459+00,2026-04-08 22:00:00+00,au.xlsx,1330368,f,,N,-1
sdn,2026-04-29 19:00:28.016+00,2026-04-27 22:00:00+00,ofac_sdn.xml,28347657,f,,N,-1
ch,2026-04-29 19:01:25.505+00,2026-04-27 22:00:00+00,ch.xml,38759860,f,,N,-1
nsdn,2026-04-29 19:02:05.999+00,2026-01-07 23:00:00+00,ofac_non_sdn.xml,978210,f,,N,-1
aq,2026-04-29 19:02:09.677+00,2026-04-28 21:00:04.264+00,onu.xml,2190459,f,,N,-1
eu,2026-04-29 19:02:14.283+00,2026-04-23 22:00:00+00,euea.xml,24750131,f,,N,-1
uk,2026-04-29 19:02:36.875+00,2026-04-28 22:00:00+00,uk.xml,20678416,f,,N,-1
ca,2026-04-29 19:02:50.315+00,2026-04-29 19:02:58.205+00,ca.xml,1776180,f,,N,-1
us,2026-04-29 19:03:11.208+00,2026-04-29 19:03:11.208+00,cuba.xml,262316,f,,N,-1
au,2026-04-30 05:00:03.137+00,2026-04-08 22:00:00+00,au.xlsx,1330368,f,,N,-1
sdn,2026-04-30 05:00:30.216+00,2026-04-27 22:00:00+00,ofac_sdn.xml,28347657,f,,N,-1
ch,2026-04-30 05:01:23.366+00,2026-04-27 22:00:00+00,ch.xml,38759860,f,,N,-1
nsdn,2026-04-30 05:02:15.462+00,2026-01-07 23:00:00+00,ofac_non_sdn.xml,978210,f,,N,-1
aq,2026-04-30 05:02:19.302+00,2026-04-29 21:00:07.247+00,onu.xml,2190459,f,,N,-1
eu,2026-04-30 05:02:23.938+00,2026-04-23 22:00:00+00,euea.xml,24750131,f,,N,-1
uk,2026-04-30 05:02:44.854+00,2026-04-28 22:00:00+00,uk.xml,20678416,f,,N,-1
ca,2026-04-30 05:02:58.194+00,2026-04-30 05:03:02.663+00,ca.xml,1776180,f,,N,-1
us,2026-04-30 05:03:15.671+00,2026-04-30 05:03:15.671+00,cuba.xml,262316,f,,N,-1
au,2026-04-30 19:00:06.164+00,2026-04-08 22:00:00+00,au.xlsx,1330368,f,,N,-1
sdn,2026-04-30 19:00:34.571+00,2026-04-29 22:00:00+00,ofac_sdn.xml,28349053,f,,N,-1
ch,2026-04-30 19:01:31.468+00,2026-04-27 22:00:00+00,ch.xml,38759860,f,,N,-1
nsdn,2026-04-30 19:02:34.259+00,2026-01-07 23:00:00+00,ofac_non_sdn.xml,978210,f,,N,-1
aq,2026-04-30 19:02:37.755+00,2026-04-29 21:00:07.247+00,onu.xml,2190459,f,,N,-1
eu,2026-04-30 19:02:42.898+00,2026-04-29 22:00:00+00,euea.xml,24772689,f,,N,-1
uk,2026-04-30 19:03:13.828+00,2026-04-28 22:00:00+00,uk.xml,20678416,f,,N,-1
ca,2026-04-30 19:03:28.18+00,2026-04-30 19:03:34.443+00,ca.xml,1776180,f,,N,-1
us,2026-04-30 19:03:47.883+00,2026-04-30 19:03:47.884+00,cuba.xml,262316,f,,N,-1
au,2026-05-01 05:00:07.412+00,2026-04-08 22:00:00+00,au.xlsx,1330368,f,,N,-1
sdn,2026-05-01 05:00:34.578+00,2026-04-29 22:00:00+00,ofac_sdn.xml,28349053,f,,N,-1
ch,2026-05-01 05:01:31.022+00,2026-04-27 22:00:00+00,ch.xml,38759860,f,,N,-1
nsdn,2026-05-01 05:02:18.448+00,2026-01-07 23:00:00+00,ofac_non_sdn.xml,978210,f,,N,-1
aq,2026-05-01 05:02:22.471+00,2026-04-30 21:00:02.238+00,onu.xml,2190459,f,,N,-1
eu,2026-05-01 05:02:27.605+00,2026-04-29 22:00:00+00,euea.xml,24772689,f,,N,-1
uk,2026-05-01 05:02:49.869+00,2026-04-28 22:00:00+00,uk.xml,20678416,f,,N,-1
ca,2026-05-01 05:03:04.854+00,2026-05-01 05:03:09.423+00,ca.xml,1776180,f,,N,-1
us,2026-05-01 05:03:22.641+00,2026-05-01 05:03:22.641+00,cuba.xml,262316,f,,N,-1
au,2026-05-01 19:00:09.544+00,2026-04-08 22:00:00+00,au.xlsx,1330368,f,,N,-1
sdn,2026-05-01 19:00:34.955+00,2026-04-30 22:00:00+00,ofac_sdn.xml,28385819,f,,N,-1
ch,2026-05-01 19:01:29.343+00,2026-04-27 22:00:00+00,ch.xml,38759860,f,,N,-1
nsdn,2026-05-01 19:02:15.406+00,2026-01-07 23:00:00+00,ofac_non_sdn.xml,978210,f,,N,-1
aq,2026-05-01 19:02:19.383+00,2026-04-30 21:00:02.238+00,onu.xml,2190459,f,,N,-1
eu,2026-05-01 19:02:24.429+00,2026-04-29 22:00:00+00,euea.xml,24772689,f,,N,-1
uk,2026-05-01 19:02:45.719+00,2026-04-28 22:00:00+00,uk.xml,20678416,f,,N,-1
ca,2026-05-01 19:02:59.194+00,2026-05-01 19:03:03.521+00,ca.xml,1776180,f,,N,-1
us,2026-05-01 19:03:16.081+00,2026-05-01 19:03:16.082+00,cuba.xml,262316,f,,N,-1
au,2026-05-02 05:00:00.615+00,2026-04-08 22:00:00+00,au.xlsx,1330368,f,,N,-1
sdn,2026-05-02 05:00:29.858+00,2026-04-30 22:00:00+00,ofac_sdn.xml,28385819,f,,N,-1
ch,2026-05-02 05:01:28.713+00,2026-04-27 22:00:00+00,ch.xml,38759860,f,,N,-1
nsdn,2026-05-02 05:02:33.907+00,2026-01-07 23:00:00+00,ofac_non_sdn.xml,978210,f,,N,-1
aq,2026-05-02 05:02:38.134+00,2026-05-01 21:00:06.022+00,onu.xml,2190459,f,,N,-1
eu,2026-05-02 05:02:42.76+00,2026-04-29 22:00:00+00,euea.xml,24772689,f,,N,-1
uk,2026-05-02 05:03:05.218+00,2026-04-28 22:00:00+00,uk.xml,20678416,f,,N,-1
ca,2026-05-02 05:03:19.649+00,2026-05-02 05:03:24.071+00,ca.xml,1776180,f,,N,-1
us,2026-05-02 05:03:39.099+00,2026-05-02 05:03:39.1+00,cuba.xml,262316,f,,N,-1
au,2026-05-02 19:00:01.67+00,2026-04-08 22:00:00+00,au.xlsx,1330368,f,,N,-1
sdn,2026-05-02 19:00:26.957+00,2026-04-30 22:00:00+00,ofac_sdn.xml,28385819,f,,N,-1
ch,2026-05-02 19:01:19.591+00,2026-04-27 22:00:00+00,ch.xml,38759860,f,,N,-1
nsdn,2026-05-02 19:01:54.349+00,2026-01-07 23:00:00+00,ofac_non_sdn.xml,978210,f,,N,-1
aq,2026-05-02 19:01:57.917+00,2026-05-01 21:00:06.022+00,onu.xml,2190459,f,,N,-1
eu,2026-05-02 19:02:02.568+00,2026-04-29 22:00:00+00,euea.xml,24772689,f,,N,-1
uk,2026-05-02 19:02:22.9+00,2026-04-28 22:00:00+00,uk.xml,20678416,f,,N,-1
ca,2026-05-02 19:02:36.27+00,2026-05-02 19:02:40.555+00,ca.xml,1776180,f,,N,-1
us,2026-05-02 19:02:52.87+00,2026-05-02 19:02:52.871+00,cuba.xml,262316,f,,N,-1
au,2026-05-03 05:00:02.418+00,2026-04-08 22:00:00+00,au.xlsx,1330368,f,,N,-1
sdn,2026-05-03 05:00:25.363+00,2026-04-30 22:00:00+00,ofac_sdn.xml,28385819,f,,N,-1
ch,2026-05-03 05:01:17.942+00,2026-04-27 22:00:00+00,ch.xml,38759860,f,,N,-1
nsdn,2026-05-03 05:02:01.935+00,2026-01-07 23:00:00+00,ofac_non_sdn.xml,978210,f,,N,-1
aq,2026-05-03 05:02:05.847+00,2026-05-02 21:00:06.632+00,onu.xml,2190459,f,,N,-1
eu,2026-05-03 05:02:10.229+00,2026-04-29 22:00:00+00,euea.xml,24772689,f,,N,-1
uk,2026-05-03 05:02:31.621+00,2026-04-28 22:00:00+00,uk.xml,20678416,f,,N,-1
ca,2026-05-03 05:02:47.135+00,2026-05-03 05:02:51.573+00,ca.xml,1776180,f,,N,-1
us,2026-05-03 05:03:05.803+00,2026-05-03 05:03:05.804+00,cuba.xml,262316,f,,N,-1
au,2026-05-03 19:00:08.506+00,2026-04-08 22:00:00+00,au.xlsx,1330368,f,,N,-1
sdn,2026-05-03 19:00:34.515+00,2026-04-30 22:00:00+00,ofac_sdn.xml,28385819,f,,N,-1
ch,2026-05-03 19:01:30.172+00,2026-04-27 22:00:00+00,ch.xml,38759860,f,,N,-1
nsdn,2026-05-03 19:02:08.246+00,2026-01-07 23:00:00+00,ofac_non_sdn.xml,978210,f,,N,-1
aq,2026-05-03 19:02:12.683+00,2026-05-02 21:00:06.632+00,onu.xml,2190459,f,,N,-1
eu,2026-05-03 19:02:17.483+00,2026-04-29 22:00:00+00,euea.xml,24772689,f,,N,-1
uk,2026-05-03 19:02:40.036+00,2026-04-28 22:00:00+00,uk.xml,20678416,f,,N,-1
ca,2026-05-03 19:02:53.929+00,2026-05-03 19:03:00.476+00,ca.xml,1776180,f,,N,-1
us,2026-05-03 19:03:13.237+00,2026-05-03 19:03:13.238+00,cuba.xml,262316,f,,N,-1
au,2026-05-04 05:00:02.562+00,2026-04-08 22:00:00+00,au.xlsx,1330368,f,,N,-1
sdn,2026-05-04 05:00:29.855+00,2026-04-30 22:00:00+00,ofac_sdn.xml,28385819,f,,N,-1
ch,2026-05-04 05:01:33.25+00,2026-04-27 22:00:00+00,ch.xml,38759860,f,,N,-1
nsdn,2026-05-04 05:02:25.469+00,2026-01-07 23:00:00+00,ofac_non_sdn.xml,978210,f,,N,-1
aq,2026-05-04 05:02:29.499+00,2026-05-02 21:00:06.632+00,onu.xml,2190459,f,,N,-1
eu,2026-05-04 05:02:34.259+00,2026-04-29 22:00:00+00,euea.xml,24772689,f,,N,-1
uk,2026-05-04 05:02:58.229+00,2026-04-28 22:00:00+00,uk.xml,20678416,f,,N,-1
ca,2026-05-04 05:03:14.221+00,2026-05-04 05:03:18.593+00,ca.xml,1776180,f,,N,-1
us,2026-05-04 05:03:32.086+00,2026-05-04 05:03:32.087+00,cuba.xml,262316,f,,N,-1
au,2026-05-04 19:00:04.038+00,2026-04-08 22:00:00+00,au.xlsx,1330368,f,,N,-1
sdn,2026-05-04 19:00:27.216+00,2026-04-30 22:00:00+00,ofac_sdn.xml,28385819,f,,N,-1
ch,2026-05-04 19:01:23.019+00,2026-04-27 22:00:00+00,ch.xml,38759860,f,,N,-1
nsdn,2026-05-04 19:02:01.163+00,2026-01-07 23:00:00+00,ofac_non_sdn.xml,978210,f,,N,-1
aq,2026-05-04 19:02:04.944+00,2026-05-02 21:00:06.632+00,onu.xml,2190459,f,,N,-1
eu,2026-05-04 19:02:09.856+00,2026-04-29 22:00:00+00,euea.xml,24772689,f,,N,-1
uk,2026-05-04 19:02:31.32+00,2026-04-28 22:00:00+00,uk.xml,20678416,f,,N,-1
ca,2026-05-04 19:02:44.652+00,2026-05-04 19:02:55.747+00,ca.xml,1776180,f,,N,-1
us,2026-05-04 19:03:08.66+00,2026-05-04 19:03:08.661+00,cuba.xml,262316,f,,N,-1
au,2026-05-05 05:00:01.944+00,2026-04-08 22:00:00+00,au.xlsx,1330368,f,,N,-1
sdn,2026-05-05 05:00:28.435+00,2026-04-30 22:00:00+00,ofac_sdn.xml,28385819,f,,N,-1
ch,2026-05-05 05:01:27.981+00,2026-04-27 22:00:00+00,ch.xml,38759860,f,,N,-1
nsdn,2026-05-05 05:02:14.784+00,2026-01-07 23:00:00+00,ofac_non_sdn.xml,978210,f,,N,-1
aq,2026-05-05 05:02:18.602+00,2026-05-04 21:00:06.964+00,onu.xml,2190459,f,,N,-1
eu,2026-05-05 05:02:23.328+00,2026-04-29 22:00:00+00,euea.xml,24772689,f,,N,-1
uk,2026-05-05 05:02:44.88+00,2026-04-28 22:00:00+00,uk.xml,20678416,f,,N,-1
ca,2026-05-05 05:02:59.389+00,2026-05-05 05:03:03.935+00,ca.xml,1776180,f,,N,-1
us,2026-05-05 05:03:17.408+00,2026-05-05 05:03:17.409+00,cuba.xml,262316,f,,N,-1
au,2026-05-05 19:00:01.85+00,2026-04-08 22:00:00+00,au.xlsx,1330368,f,,N,-1
sdn,2026-05-05 19:00:27.781+00,2026-04-30 22:00:00+00,ofac_sdn.xml,28385819,f,,N,-1
ch,2026-05-05 19:01:24.778+00,2026-04-27 22:00:00+00,ch.xml,38759860,f,,N,-1
nsdn,2026-05-05 19:02:01.276+00,2026-01-07 23:00:00+00,ofac_non_sdn.xml,978210,f,,N,-1
aq,2026-05-05 19:02:05.071+00,2026-05-04 21:00:06.964+00,onu.xml,2190459,f,,N,-1
eu,2026-05-05 19:02:09.642+00,2026-04-29 22:00:00+00,euea.xml,24772689,f,,N,-1
uk,2026-05-05 19:02:30.897+00,2026-05-04 22:00:00+00,uk.xml,20807011,f,,N,-1
ca,2026-05-05 19:02:44.853+00,2026-05-05 19:02:49.087+00,ca.xml,1776180,f,,N,-1
us,2026-05-05 19:03:01.911+00,2026-05-05 19:03:01.912+00,cuba.xml,262316,f,,N,-1
au,2026-05-06 05:00:08.686+00,2026-04-08 22:00:00+00,au.xlsx,1330368,f,,N,-1
sdn,2026-05-06 05:00:32.036+00,2026-04-30 22:00:00+00,ofac_sdn.xml,28385819,f,,N,-1
ch,2026-05-06 05:01:25.598+00,2026-04-27 22:00:00+00,ch.xml,38759860,f,,N,-1
nsdn,2026-05-06 05:02:20.349+00,2026-01-07 23:00:00+00,ofac_non_sdn.xml,978210,f,,N,-1
aq,2026-05-06 05:02:24.228+00,2026-05-05 21:00:07.062+00,onu.xml,2190459,f,,N,-1
eu,2026-05-06 05:02:28.905+00,2026-04-29 22:00:00+00,euea.xml,24772689,f,,N,-1
uk,2026-05-06 05:02:50.651+00,2026-05-04 22:00:00+00,uk.xml,20807011,f,,N,-1
ca,2026-05-06 05:03:04.342+00,2026-05-06 05:03:08.702+00,ca.xml,1776180,f,,N,-1
us,2026-05-06 05:03:22.059+00,2026-05-06 05:03:22.06+00,cuba.xml,262316,f,,N,-1
au,2026-05-06 19:00:01.95+00,2026-04-08 22:00:00+00,au.xlsx,1330368,f,,N,-1
sdn,2026-05-06 19:00:30.635+00,2026-04-30 22:00:00+00,ofac_sdn.xml,28385819,f,,N,-1
ch,2026-05-06 19:02:55.727+00,2026-04-27 22:00:00+00,ch.xml,38759860,f,,N,-1
nsdn,2026-05-06 19:03:33.988+00,2026-01-07 23:00:00+00,ofac_non_sdn.xml,978210,f,,N,-1
aq,2026-05-06 19:03:40.266+00,2026-05-05 21:00:07.062+00,onu.xml,2190459,f,,N,-1
eu,2026-05-06 19:03:44.713+00,2026-04-29 22:00:00+00,euea.xml,24772689,f,,N,-1
uk,2026-05-06 19:04:07.21+00,2026-05-04 22:00:00+00,uk.xml,20807011,f,,N,-1
ca,2026-05-06 19:04:22.353+00,2026-05-06 19:04:26.689+00,ca.xml,1776180,f,,N,-1
us,2026-05-06 19:04:39.63+00,2026-05-06 19:04:39.63+00,cuba.xml,262316,f,,N,-1
au,2026-05-07 05:00:02.705+00,2026-04-08 22:00:00+00,au.xlsx,1330368,f,,N,-1
sdn,2026-05-07 05:00:29.344+00,2026-04-30 22:00:00+00,ofac_sdn.xml,28385819,f,,N,-1
ch,2026-05-07 05:01:21.656+00,2026-04-27 22:00:00+00,ch.xml,38759860,f,,N,-1
nsdn,2026-05-07 05:01:49.229+00,2026-01-07 23:00:00+00,ofac_non_sdn.xml,978210,f,,N,-1
aq,2026-05-07 05:01:53.137+00,2026-05-06 21:00:04.69+00,onu.xml,2190459,f,,N,-1
eu,2026-05-07 05:01:57.484+00,2026-04-29 22:00:00+00,euea.xml,24772689,f,,N,-1
uk,2026-05-07 05:02:20.74+00,2026-05-04 22:00:00+00,uk.xml,20807011,f,,N,-1
ca,2026-05-07 05:02:35.19+00,2026-05-07 05:02:39.389+00,ca.xml,1776180,f,,N,-1
us,2026-05-07 05:02:52.819+00,2026-05-07 05:02:52.82+00,cuba.xml,262316,f,,N,-1
au,2026-05-07 19:00:05.324+00,2026-04-08 22:00:00+00,au.xlsx,1330368,f,,N,-1
sdn,2026-05-07 19:00:31.044+00,2026-05-06 22:00:00+00,ofac_sdn.xml,28402025,f,,N,-1
ch,2026-05-07 19:01:35.046+00,2026-04-27 22:00:00+00,ch.xml,38759860,f,,N,-1
nsdn,2026-05-07 19:01:55.885+00,2026-01-07 23:00:00+00,ofac_non_sdn.xml,978210,f,,N,-1
aq,2026-05-07 19:02:01.352+00,2026-05-06 21:00:04.69+00,onu.xml,2190459,f,,N,-1
eu,2026-05-07 19:02:07.045+00,2026-04-29 22:00:00+00,euea.xml,24772689,f,,N,-1
uk,2026-05-07 19:02:30.773+00,2026-05-04 22:00:00+00,uk.xml,20807011,f,,N,-1
ca,2026-05-07 19:02:44.923+00,2026-05-07 19:02:49.165+00,ca.xml,1776180,f,,N,-1
us,2026-05-07 19:03:02.124+00,2026-05-07 19:03:02.125+00,cuba.xml,262316,f,,N,-1
au,2026-05-11 19:00:01.005+00,2026-05-07 22:00:00+00,au.xlsx,1331270,f,,N,-1
sdn,2026-05-11 19:00:28.327+00,2026-05-07 22:00:00+00,ofac_sdn.xml,28421447,f,,N,-1
ch,2026-05-11 19:01:27.384+00,2026-04-27 22:00:00+00,ch.xml,38759860,f,,N,-1
nsdn,2026-05-11 19:01:48.717+00,2026-01-07 23:00:00+00,ofac_non_sdn.xml,978210,f,,N,-1
aq,2026-05-11 19:01:52.908+00,2026-05-09 21:00:02.101+00,onu.xml,2190459,f,,N,-1
eu,2026-05-11 19:01:57.537+00,2026-05-07 22:00:00+00,euea.xml,24749570,f,,N,-1
uk,2026-05-11 19:02:28.101+00,2026-05-10 22:00:00+00,uk.xml,21135914,f,,N,-1
ca,2026-05-11 19:02:42.038+00,2026-05-11 19:02:46.359+00,ca.xml,1787885,f,,N,-1
us,2026-05-11 19:02:59.381+00,2026-05-11 19:02:59.381+00,cuba.xml,262316,f,,N,-1
au,2026-05-12 05:00:08.07+00,2026-05-12 05:00:20.698+00,au.xlsx,1164247,t,,N,-1
sdn,2026-05-12 05:00:20.701+00,2026-05-10 22:00:00+00,ofac_sdn.xml,28438994,f,,N,-1
ch,2026-05-12 05:01:27.649+00,2026-04-27 22:00:00+00,ch.xml,38759860,f,,N,-1
nsdn,2026-05-12 05:01:59.929+00,2026-01-07 23:00:00+00,ofac_non_sdn.xml,978210,f,,N,-1
aq,2026-05-12 05:02:04.339+00,2026-05-11 21:00:02.34+00,onu.xml,2190459,f,,N,-1
eu,2026-05-12 05:02:09.465+00,2026-05-07 22:00:00+00,euea.xml,24749570,f,,N,-1
uk,2026-05-12 05:02:32.61+00,2026-05-10 22:00:00+00,uk.xml,21135914,f,,N,-1
ca,2026-05-12 05:02:48.952+00,2026-05-12 05:02:53.241+00,ca.xml,1787885,f,,N,-1
us,2026-05-12 05:03:07.613+00,2026-05-12 05:03:07.614+00,cuba.xml,262316,f,,N,-1
au,2026-05-12 19:00:07.907+00,2026-05-12 19:00:22.245+00,au.xlsx,1164247,t,,N,-1
sdn,2026-05-12 19:00:22.249+00,2026-05-10 22:00:00+00,ofac_sdn.xml,28438994,f,,N,-1
ch,2026-05-12 19:06:37.066+00,2026-04-27 22:00:00+00,ch.xml,38759860,f,,N,-1
nsdn,2026-05-12 19:06:59.73+00,2026-01-07 23:00:00+00,ofac_non_sdn.xml,978210,f,,N,-1
aq,2026-05-12 19:07:10.414+00,2026-05-11 21:00:02.34+00,onu.xml,2190459,f,,N,-1
eu,2026-05-12 19:07:15.192+00,2026-05-07 22:00:00+00,euea.xml,24749570,f,,N,-1
uk,2026-05-12 19:07:36.165+00,2026-05-10 22:00:00+00,uk.xml,21135914,f,,N,-1
ca,2026-05-12 19:07:50.28+00,2026-05-12 19:07:54.576+00,ca.xml,1787885,f,,N,-1
us,2026-05-12 19:08:08.388+00,2026-05-12 19:08:08.388+00,cuba.xml,262316,f,,N,-1
au,2026-05-13 05:00:08.597+00,2026-05-13 05:00:22.464+00,au.xlsx,1164247,t,,N,-1
sdn,2026-05-13 05:00:22.467+00,2026-05-10 22:00:00+00,ofac_sdn.xml,28438994,f,,N,-1
ch,2026-05-13 05:01:16.864+00,2026-04-27 22:00:00+00,ch.xml,38759860,f,,N,-1
nsdn,2026-05-13 05:01:47.551+00,2026-01-07 23:00:00+00,ofac_non_sdn.xml,978210,f,,N,-1
aq,2026-05-13 05:01:51.245+00,2026-05-12 21:00:00.899+00,onu.xml,2190459,f,,N,-1
eu,2026-05-13 05:01:55.519+00,2026-05-07 22:00:00+00,euea.xml,24749570,f,,N,-1
uk,2026-05-13 05:02:17.57+00,2026-05-10 22:00:00+00,uk.xml,21135914,f,,N,-1
ca,2026-05-13 05:02:31.607+00,2026-05-13 05:02:35.727+00,ca.xml,1787885,f,,N,-1
us,2026-05-13 05:02:49.112+00,2026-05-13 05:02:49.113+00,cuba.xml,262316,f,,N,-1
au,2026-05-13 19:00:06.142+00,2026-05-11 22:00:00+00,au.xlsx,1164247,f,,N,-1
sdn,2026-05-13 19:00:36.816+00,2026-05-10 22:00:00+00,ofac_sdn.xml,28438994,f,,N,-1
ch,2026-05-13 19:01:34.315+00,2026-04-27 22:00:00+00,ch.xml,38759860,f,,N,-1
nsdn,2026-05-13 19:01:56.49+00,2026-01-07 23:00:00+00,ofac_non_sdn.xml,978210,f,,N,-1
aq,2026-05-13 19:02:00.34+00,2026-05-12 21:00:00.899+00,onu.xml,2190459,f,,N,-1
eu,2026-05-13 19:02:05.846+00,2026-05-07 22:00:00+00,euea.xml,24749570,f,,N,-1
uk,2026-05-13 19:02:28.663+00,2026-05-10 22:00:00+00,uk.xml,21135914,f,,N,-1
ca,2026-05-13 19:02:43.256+00,2026-05-13 19:02:47.7+00,ca.xml,1787885,f,,N,-1
us,2026-05-13 19:03:02.601+00,2026-05-13 19:03:02.601+00,cuba.xml,262316,f,,N,-1
au,2026-05-14 05:00:09.922+00,2026-05-11 22:00:00+00,au.xlsx,1164247,f,,N,-1
sdn,2026-05-14 05:00:37.887+00,2026-05-10 22:00:00+00,ofac_sdn.xml,28438994,f,,N,-1
ch,2026-05-14 05:01:33.541+00,2026-04-27 22:00:00+00,ch.xml,38759860,f,,N,-1
nsdn,2026-05-14 05:02:04.966+00,2026-01-07 23:00:00+00,ofac_non_sdn.xml,978210,f,,N,-1
aq,2026-05-14 05:02:09.452+00,2026-05-13 21:00:03.355+00,onu.xml,2190459,f,,N,-1
eu,2026-05-14 05:02:14.358+00,2026-05-07 22:00:00+00,euea.xml,24749570,f,,N,-1
uk,2026-05-14 05:02:36.197+00,2026-05-10 22:00:00+00,uk.xml,21135914,f,,N,-1
ca,2026-05-14 05:02:51.082+00,2026-05-14 05:02:55.432+00,ca.xml,1787885,f,,N,-1
us,2026-05-14 05:03:09.989+00,2026-05-14 05:03:09.99+00,cuba.xml,262316,f,,N,-1
au,2026-05-14 19:00:01.013+00,2026-05-11 22:00:00+00,au.xlsx,1164247,f,,N,-1
sdn,2026-05-14 19:00:33.425+00,2026-05-10 22:00:00+00,ofac_sdn.xml,28438994,f,,N,-1
ch,2026-05-14 19:01:33.561+00,2026-04-27 22:00:00+00,ch.xml,38759860,f,,N,-1
nsdn,2026-05-14 19:02:01.445+00,2026-01-07 23:00:00+00,ofac_non_sdn.xml,978210,f,,N,-1
aq,2026-05-14 19:02:05.439+00,2026-05-13 21:00:03.355+00,onu.xml,2190459,f,,N,-1
eu,2026-05-14 19:02:10.825+00,2026-05-07 22:00:00+00,euea.xml,24749570,f,,N,-1
uk,2026-05-14 19:02:36.152+00,2026-05-13 22:00:00+00,uk.xml,21133351,f,,N,-1
ca,2026-05-14 19:02:51.15+00,2026-05-14 19:02:55.381+00,ca.xml,1787885,f,,N,-1
us,2026-05-14 19:03:10.284+00,2026-05-14 19:03:10.285+00,cuba.xml,262316,f,,N,-1
au,2026-05-15 05:00:02.629+00,2026-05-11 22:00:00+00,au.xlsx,1164247,f,,N,-1
sdn,2026-05-15 05:00:30.323+00,2026-05-10 22:00:00+00,ofac_sdn.xml,28438994,f,,N,-1
ch,2026-05-15 05:01:24.084+00,2026-04-27 22:00:00+00,ch.xml,38759860,f,,N,-1
nsdn,2026-05-15 05:01:53.941+00,2026-01-07 23:00:00+00,ofac_non_sdn.xml,978210,f,,N,-1
aq,2026-05-15 05:01:57.837+00,2026-05-14 21:00:02.457+00,onu.xml,2190459,f,,N,-1
eu,2026-05-15 05:02:02.587+00,2026-05-07 22:00:00+00,euea.xml,24749570,f,,N,-1
uk,2026-05-15 05:02:26.355+00,2026-05-13 22:00:00+00,uk.xml,21133351,f,,N,-1
ca,2026-05-15 05:02:40.653+00,2026-05-15 05:02:45.086+00,ca.xml,1787885,f,,N,-1
us,2026-05-15 05:02:58.573+00,2026-05-15 05:02:58.573+00,cuba.xml,262316,f,,N,-1
au,2026-05-15 19:00:04.765+00,2026-05-11 22:00:00+00,au.xlsx,1164247,f,,N,-1
sdn,2026-05-15 19:00:33.855+00,2026-05-10 22:00:00+00,ofac_sdn.xml,28438994,f,,N,-1
ch,2026-05-15 19:01:25.967+00,2026-04-27 22:00:00+00,ch.xml,38759860,f,,N,-1
nsdn,2026-05-15 19:01:47.907+00,2026-01-07 23:00:00+00,ofac_non_sdn.xml,978210,f,,N,-1
aq,2026-05-15 19:01:51.504+00,2026-05-14 21:00:02.457+00,onu.xml,2190459,f,,N,-1
eu,2026-05-15 19:01:56.022+00,2026-05-07 22:00:00+00,euea.xml,24749570,f,,N,-1
uk,2026-05-15 19:02:20.275+00,2026-05-14 22:00:00+00,uk.xml,21135020,f,,N,-1
ca,2026-05-15 19:02:34.348+00,2026-05-15 19:02:38.724+00,ca.xml,1787885,f,,N,-1
us,2026-05-15 19:02:52.989+00,2026-05-15 19:02:52.989+00,cuba.xml,262316,f,,N,-1
au,2026-05-16 05:00:05.39+00,2026-05-11 22:00:00+00,au.xlsx,1164247,f,,N,-1
sdn,2026-05-16 05:00:31.578+00,2026-05-10 22:00:00+00,ofac_sdn.xml,28438994,f,,N,-1
ch,2026-05-16 05:01:26.665+00,2026-04-27 22:00:00+00,ch.xml,38759860,f,,N,-1
nsdn,2026-05-16 05:01:57.366+00,2026-01-07 23:00:00+00,ofac_non_sdn.xml,978210,f,,N,-1
aq,2026-05-16 05:02:01.06+00,2026-05-15 21:00:03.238+00,onu.xml,2190459,f,,N,-1
eu,2026-05-16 05:02:05.928+00,2026-05-07 22:00:00+00,euea.xml,24749570,f,,N,-1
uk,2026-05-16 05:02:29.739+00,2026-05-14 22:00:00+00,uk.xml,21135020,f,,N,-1
ca,2026-05-16 05:02:43.729+00,2026-05-16 05:02:48.133+00,ca.xml,1787885,f,,N,-1
us,2026-05-16 05:03:01.282+00,2026-05-16 05:03:01.282+00,cuba.xml,262316,f,,N,-1
au,2026-05-16 19:00:07.038+00,2026-05-11 22:00:00+00,au.xlsx,1164247,f,,N,-1
sdn,2026-05-16 19:00:32.001+00,2026-05-10 22:00:00+00,ofac_sdn.xml,28438994,f,,N,-1
ch,2026-05-16 19:01:23.613+00,2026-04-27 22:00:00+00,ch.xml,38759860,f,,N,-1
nsdn,2026-05-16 19:01:44.402+00,2026-01-07 23:00:00+00,ofac_non_sdn.xml,978210,f,,N,-1
aq,2026-05-16 19:01:48.067+00,2026-05-15 21:00:03.238+00,onu.xml,2190459,f,,N,-1
uk,2026-05-16 19:01:54.468+00,2026-05-14 22:00:00+00,uk.xml,21135020,f,,N,-1
ca,2026-05-16 19:02:09.065+00,2026-05-16 19:02:13.49+00,ca.xml,1787885,f,,N,-1
us,2026-05-16 19:02:26.709+00,2026-05-16 19:02:26.709+00,cuba.xml,262316,f,,N,-1
au,2026-05-17 05:00:07.821+00,2026-05-11 22:00:00+00,au.xlsx,1164247,f,,N,-1
sdn,2026-05-17 05:00:33.997+00,2026-05-10 22:00:00+00,ofac_sdn.xml,28438994,f,,N,-1
ch,2026-05-17 05:01:26.835+00,2026-04-27 22:00:00+00,ch.xml,38759860,f,,N,-1
nsdn,2026-05-17 05:01:47.736+00,2026-01-07 23:00:00+00,ofac_non_sdn.xml,978210,f,,N,-1
aq,2026-05-17 05:01:51.401+00,2026-05-16 21:00:02.22+00,onu.xml,2190459,f,,N,-1
uk,2026-05-17 05:01:58.617+00,2026-05-14 22:00:00+00,uk.xml,21135020,f,,N,-1
ca,2026-05-17 05:02:13.621+00,2026-05-17 05:02:17.984+00,ca.xml,1787885,f,,N,-1
us,2026-05-17 05:02:31.332+00,2026-05-17 05:02:31.333+00,cuba.xml,262316,f,,N,-1
au,2026-05-17 19:00:09.176+00,2026-05-11 22:00:00+00,au.xlsx,1164247,f,,N,-1
sdn,2026-05-17 19:00:35.367+00,2026-05-10 22:00:00+00,ofac_sdn.xml,28438994,f,,N,-1
ch,2026-05-17 19:02:34.244+00,2026-04-27 22:00:00+00,ch.xml,38759860,f,,N,-1
nsdn,2026-05-17 19:02:58.358+00,2026-01-07 23:00:00+00,ofac_non_sdn.xml,978210,f,,N,-1
aq,2026-05-17 19:03:02.324+00,2026-05-16 21:00:02.22+00,onu.xml,2190459,f,,N,-1
uk,2026-05-17 19:03:08.695+00,2026-05-14 22:00:00+00,uk.xml,21135020,f,,N,-1
ca,2026-05-17 19:03:22.749+00,2026-05-17 19:03:26.987+00,ca.xml,1787885,f,,N,-1
us,2026-05-17 19:03:40.799+00,2026-05-17 19:03:40.799+00,cuba.xml,262316,f,,N,-1
au,2026-05-18 05:00:00.513+00,2026-05-11 22:00:00+00,au.xlsx,1164247,f,,N,-1
sdn,2026-05-18 05:00:26.217+00,2026-05-10 22:00:00+00,ofac_sdn.xml,28438994,f,,N,-1
ch,2026-05-18 05:01:21.074+00,2026-04-27 22:00:00+00,ch.xml,38759860,f,,N,-1
nsdn,2026-05-18 05:01:53.149+00,2026-01-07 23:00:00+00,ofac_non_sdn.xml,978210,f,,N,-1
aq,2026-05-18 05:01:56.963+00,2026-05-16 21:00:02.22+00,onu.xml,2190459,f,,N,-1
uk,2026-05-18 05:02:03.64+00,2026-05-14 22:00:00+00,uk.xml,21135020,f,,N,-1
ca,2026-05-18 05:02:20.665+00,2026-05-18 05:02:25.257+00,ca.xml,1787885,f,,N,-1
us,2026-05-18 05:02:39.309+00,2026-05-18 05:02:39.31+00,cuba.xml,262316,f,,N,-1
au,2026-05-18 19:00:01.848+00,2026-05-11 22:00:00+00,au.xlsx,1164247,f,,N,-1
sdn,2026-05-18 19:00:31.187+00,2026-05-17 22:00:00+00,ofac_sdn.xml,28450412,f,,N,-1
ch,2026-05-18 19:01:35.117+00,2026-04-27 22:00:00+00,ch.xml,38759860,f,,N,-1
nsdn,2026-05-18 19:01:57.229+00,2026-01-07 23:00:00+00,ofac_non_sdn.xml,978210,f,,N,-1
aq,2026-05-18 19:02:01.965+00,2026-05-16 21:00:02.22+00,onu.xml,2190459,f,,N,-1
eu,2026-05-18 19:02:07.925+00,2026-05-07 22:00:00+00,euea.xml,24749570,f,,N,-1
uk,2026-05-18 19:02:29.462+00,2026-05-14 22:00:00+00,uk.xml,21135020,f,,N,-1
ca,2026-05-18 19:02:43.185+00,2026-05-18 19:02:47.854+00,ca.xml,1787885,f,,N,-1
us,2026-05-18 19:03:00.729+00,2026-05-18 19:03:00.729+00,cuba.xml,262316,f,,N,-1
au,2026-05-19 05:00:05.964+00,2026-05-11 22:00:00+00,au.xlsx,1164247,f,,N,-1
sdn,2026-05-19 05:00:30.03+00,2026-05-17 22:00:00+00,ofac_sdn.xml,28450412,f,,N,-1
ch,2026-05-19 05:01:23.362+00,2026-04-27 22:00:00+00,ch.xml,38759860,f,,N,-1
nsdn,2026-05-19 05:01:54.61+00,2026-01-07 23:00:00+00,ofac_non_sdn.xml,978210,f,,N,-1
aq,2026-05-19 05:01:58.229+00,2026-05-18 21:00:06.087+00,onu.xml,2190459,f,,N,-1
eu,2026-05-19 05:02:03.593+00,2026-05-07 22:00:00+00,euea.xml,24749570,f,,N,-1
uk,2026-05-19 05:02:25.53+00,2026-05-14 22:00:00+00,uk.xml,21135020,f,,N,-1
ca,2026-05-19 05:02:39.159+00,2026-05-19 05:02:43.461+00,ca.xml,1787885,f,,N,-1
us,2026-05-19 05:02:56.69+00,2026-05-19 05:02:56.69+00,cuba.xml,262316,f,,N,-1
au,2026-05-19 19:00:03.171+00,2026-05-11 22:00:00+00,au.xlsx,1164247,f,,N,-1
sdn,2026-05-19 19:00:32.039+00,2026-05-18 22:00:00+00,ofac_sdn.xml,28520058,f,,N,-1
ch,2026-05-19 19:01:40.411+00,2026-04-27 22:00:00+00,ch.xml,38759860,f,,N,-1
nsdn,2026-05-19 19:02:01.557+00,2026-01-07 23:00:00+00,ofac_non_sdn.xml,978210,f,,N,-1
aq,2026-05-19 19:02:06.757+00,2026-05-18 21:00:06.087+00,onu.xml,2190459,f,,N,-1
eu,2026-05-19 19:02:11.601+00,2026-05-07 22:00:00+00,euea.xml,24749570,f,,N,-1
uk,2026-05-19 19:02:32.802+00,2026-05-14 22:00:00+00,uk.xml,21135020,f,,N,-1
ca,2026-05-19 19:02:46.649+00,2026-05-19 19:02:51.084+00,ca.xml,1787885,f,,N,-1
us,2026-05-19 19:03:04.478+00,2026-05-19 19:03:04.479+00,cuba.xml,262316,f,,N,-1
au,2026-05-20 05:00:06.604+00,2026-05-11 22:00:00+00,au.xlsx,1164247,f,,N,-1
sdn,2026-05-20 05:00:31.07+00,2026-05-18 22:00:00+00,ofac_sdn.xml,28520058,f,,N,-1
ch,2026-05-20 05:02:52.76+00,2026-04-27 22:00:00+00,ch.xml,38759860,f,,N,-1
nsdn,2026-05-20 05:03:15.033+00,2026-01-07 23:00:00+00,ofac_non_sdn.xml,978210,f,,N,-1
aq,2026-05-20 05:03:18.866+00,2026-05-19 21:00:04.038+00,onu.xml,2190459,f,,N,-1
eu,2026-05-20 05:03:23.35+00,2026-05-07 22:00:00+00,euea.xml,24749570,f,,N,-1
uk,2026-05-20 05:03:44.624+00,2026-05-14 22:00:00+00,uk.xml,21135020,f,,N,-1
ca,2026-05-20 05:03:59.39+00,2026-05-20 05:04:07.043+00,ca.xml,1787885,f,,N,-1
us,2026-05-20 05:04:22.305+00,2026-05-20 05:04:22.305+00,cuba.xml,262316,f,,N,-1
au,2026-05-20 19:00:08.659+00,2026-05-11 22:00:00+00,au.xlsx,1164247,f,,N,-1
sdn,2026-05-20 19:00:38.962+00,2026-05-19 22:00:00+00,ofac_sdn.xml,28542466,f,,N,-1
ch,2026-05-20 19:01:48.368+00,2026-04-27 22:00:00+00,ch.xml,38759860,f,,N,-1
nsdn,2026-05-20 19:02:14.077+00,2026-01-07 23:00:00+00,ofac_non_sdn.xml,978210,f,,N,-1
aq,2026-05-20 19:02:19.666+00,2026-05-19 21:00:04.038+00,onu.xml,2190459,f,,N,-1
eu,2026-05-20 19:02:24.239+00,2026-05-07 22:00:00+00,euea.xml,24749570,f,,N,-1
uk,2026-05-20 19:02:45.981+00,2026-05-14 22:00:00+00,uk.xml,21135020,f,,N,-1
ca,2026-05-20 19:03:00.386+00,2026-05-20 19:03:05.08+00,ca.xml,1787885,f,,N,-1
us,2026-05-20 19:03:18.482+00,2026-05-20 19:03:18.482+00,cuba.xml,262316,f,,N,-1
au,2026-05-21 05:00:09.975+00,2026-05-11 22:00:00+00,au.xlsx,1164247,f,,N,-1
sdn,2026-05-21 05:00:38.023+00,2026-05-19 22:00:00+00,ofac_sdn.xml,28541071,f,,N,-1
ch,2026-05-21 05:01:37.848+00,2026-04-27 22:00:00+00,ch.xml,38759860,f,,N,-1
nsdn,2026-05-21 05:02:14.949+00,2026-01-07 23:00:00+00,ofac_non_sdn.xml,978210,f,,N,-1
aq,2026-05-21 05:02:20.373+00,2026-05-20 21:00:04.714+00,onu.xml,2190459,f,,N,-1
eu,2026-05-21 05:02:25.682+00,2026-05-07 22:00:00+00,euea.xml,24749570,f,,N,-1
uk,2026-05-21 05:02:47.808+00,2026-05-14 22:00:00+00,uk.xml,21135020,f,,N,-1
ca,2026-05-21 05:03:02.663+00,2026-05-21 05:03:07.027+00,ca.xml,1787885,f,,N,-1
us,2026-05-21 05:03:21.158+00,2026-05-21 05:03:21.159+00,cuba.xml,262316,f,,N,-1
au,2026-05-21 19:00:06.811+00,2026-05-11 22:00:00+00,au.xlsx,1164247,f,,N,-1
sdn,2026-05-21 19:00:37.037+00,2026-05-20 22:00:00+00,ofac_sdn.xml,28559864,f,,N,-1
ch,2026-05-21 19:01:43.931+00,2026-04-27 22:00:00+00,ch.xml,38759860,f,,N,-1
nsdn,2026-05-21 19:02:07.272+00,2026-01-07 23:00:00+00,ofac_non_sdn.xml,978210,f,,N,-1
aq,2026-05-21 19:02:13.918+00,2026-05-20 21:00:04.714+00,onu.xml,2190459,f,,N,-1
eu,2026-05-21 19:02:19.128+00,2026-05-07 22:00:00+00,euea.xml,24749570,f,,N,-1
uk,2026-05-21 19:02:40.162+00,2026-05-20 22:00:00+00,uk.xml,21135063,f,,N,-1
ca,2026-05-21 19:02:53.612+00,2026-05-21 19:02:57.919+00,ca.xml,1787885,f,,N,-1
us,2026-05-21 19:03:11.277+00,2026-05-21 19:03:11.278+00,cuba.xml,262316,f,,N,-1
au,2026-05-22 05:00:08.136+00,2026-05-11 22:00:00+00,au.xlsx,1164247,f,,N,-1
sdn,2026-05-22 05:00:34.385+00,2026-05-20 22:00:00+00,ofac_sdn.xml,28559864,f,,N,-1
ch,2026-05-22 05:01:30.648+00,2026-05-21 22:00:00+00,ch.xml,39459255,f,,N,-1
nsdn,2026-05-22 05:02:02.083+00,2026-01-07 23:00:00+00,ofac_non_sdn.xml,978210,f,,N,-1
aq,2026-05-22 05:02:06.348+00,2026-05-21 21:00:00.988+00,onu.xml,2171829,f,,N,-1
eu,2026-05-22 05:02:12.326+00,2026-05-07 22:00:00+00,euea.xml,24749570,f,,N,-1
uk,2026-05-22 05:02:36.038+00,2026-05-20 22:00:00+00,uk.xml,21135063,f,,N,-1
ca,2026-05-22 05:02:50.886+00,2026-05-22 05:02:55.252+00,ca.xml,1787885,f,,N,-1
us,2026-05-22 05:03:09.795+00,2026-05-22 05:03:09.796+00,cuba.xml,262316,f,,N,-1
au,2026-05-22 19:00:00.088+00,2026-05-11 22:00:00+00,au.xlsx,1184925,f,,N,-1
sdn,2026-05-22 19:00:27.766+00,2026-05-20 22:00:00+00,ofac_sdn.xml,28559864,f,,N,-1
ch,2026-05-22 19:01:20.258+00,2026-05-21 22:00:00+00,ch.xml,39471352,f,,N,-1
nsdn,2026-05-22 19:01:49.048+00,2026-01-07 23:00:00+00,ofac_non_sdn.xml,978210,f,,N,-1
aq,2026-05-22 19:01:52.976+00,2026-05-21 21:00:00.988+00,onu.xml,2171829,f,,N,-1
eu,2026-05-22 19:01:57.483+00,2026-05-07 22:00:00+00,euea.xml,24749570,f,,N,-1
uk,2026-05-22 19:02:20.217+00,2026-05-21 22:00:00+00,uk.xml,21106221,f,,N,-1
ca,2026-05-22 19:02:34.13+00,2026-05-22 19:02:38.663+00,ca.xml,1787885,f,,N,-1
us,2026-05-22 19:02:51.443+00,2026-05-22 19:02:51.443+00,cuba.xml,262316,f,,N,-1
au,2026-05-23 05:00:01.02+00,2026-05-11 22:00:00+00,au.xlsx,1184925,f,,N,-1
sdn,2026-05-23 05:00:29.438+00,2026-05-20 22:00:00+00,ofac_sdn.xml,28559864,f,,N,-1
ch,2026-05-23 05:01:25.936+00,2026-05-21 22:00:00+00,ch.xml,39471352,f,,N,-1
nsdn,2026-05-23 05:01:53.183+00,2026-01-07 23:00:00+00,ofac_non_sdn.xml,978210,f,,N,-1
aq,2026-05-23 05:01:57.043+00,2026-05-22 21:00:05.592+00,onu.xml,2171829,f,,N,-1
eu,2026-05-23 05:02:01.834+00,2026-05-07 22:00:00+00,euea.xml,24749570,f,,N,-1
uk,2026-05-23 05:02:25.205+00,2026-05-21 22:00:00+00,uk.xml,21106221,f,,N,-1
ca,2026-05-23 05:02:39.926+00,2026-05-23 05:02:44.153+00,ca.xml,1787885,f,,N,-1
us,2026-05-23 05:02:58.204+00,2026-05-23 05:02:58.204+00,cuba.xml,262316,f,,N,-1
au,2026-05-23 19:00:03.599+00,2026-05-11 22:00:00+00,au.xlsx,1184925,f,,N,-1
sdn,2026-05-23 19:00:29.995+00,2026-05-20 22:00:00+00,ofac_sdn.xml,28559864,f,,N,-1
ch,2026-05-23 19:01:23.832+00,2026-05-21 22:00:00+00,ch.xml,39471352,f,,N,-1
nsdn,2026-05-23 19:01:49.096+00,2026-01-07 23:00:00+00,ofac_non_sdn.xml,978210,f,,N,-1
aq,2026-05-23 19:01:52.894+00,2026-05-22 21:00:05.592+00,onu.xml,2171829,f,,N,-1
eu,2026-05-23 19:01:57.295+00,2026-05-07 22:00:00+00,euea.xml,24749570,f,,N,-1
uk,2026-05-23 19:02:19.794+00,2026-05-21 22:00:00+00,uk.xml,21106221,f,,N,-1
ca,2026-05-23 19:02:33.851+00,2026-05-23 19:02:38.159+00,ca.xml,1787885,f,,N,-1
us,2026-05-23 19:02:51.471+00,2026-05-23 19:02:51.472+00,cuba.xml,262316,f,,N,-1
au,2026-05-24 05:00:05.627+00,2026-05-11 22:00:00+00,au.xlsx,1184925,f,,N,-1
sdn,2026-05-24 05:00:30.678+00,2026-05-20 22:00:00+00,ofac_sdn.xml,28559864,f,,N,-1
ch,2026-05-24 05:01:32.817+00,2026-05-21 22:00:00+00,ch.xml,39471352,f,,N,-1
nsdn,2026-05-24 05:02:03.732+00,2026-01-07 23:00:00+00,ofac_non_sdn.xml,978210,f,,N,-1
aq,2026-05-24 05:02:08.246+00,2026-05-23 21:00:02.214+00,onu.xml,2171829,f,,N,-1
eu,2026-05-24 05:02:13.587+00,2026-05-07 22:00:00+00,euea.xml,24749570,f,,N,-1
uk,2026-05-24 05:02:37.813+00,2026-05-21 22:00:00+00,uk.xml,21106221,f,,N,-1
ca,2026-05-24 05:02:54.011+00,2026-05-24 05:02:58.376+00,ca.xml,1787885,f,,N,-1
us,2026-05-24 05:03:16.25+00,2026-05-24 05:03:16.252+00,cuba.xml,262316,f,,N,-1
au,2026-05-24 19:00:07.145+00,2026-05-11 22:00:00+00,au.xlsx,1184925,f,,N,-1
sdn,2026-05-24 19:00:34.573+00,2026-05-20 22:00:00+00,ofac_sdn.xml,28559864,f,,N,-1
ch,2026-05-24 19:01:31.623+00,2026-05-21 22:00:00+00,ch.xml,39471352,f,,N,-1
nsdn,2026-05-24 19:02:04.839+00,2026-01-07 23:00:00+00,ofac_non_sdn.xml,978210,f,,N,-1
aq,2026-05-24 19:02:08.96+00,2026-05-23 21:00:02.214+00,onu.xml,2171829,f,,N,-1
eu,2026-05-24 19:02:13.739+00,2026-05-07 22:00:00+00,euea.xml,24749570,f,,N,-1
uk,2026-05-24 19:02:36.765+00,2026-05-21 22:00:00+00,uk.xml,21106221,f,,N,-1
ca,2026-05-24 19:02:50.766+00,2026-05-24 19:02:55.212+00,ca.xml,1787885,f,,N,-1
us,2026-05-24 19:03:09.488+00,2026-05-24 19:03:09.489+00,cuba.xml,262316,f,,N,-1
au,2026-05-25 05:00:08.64+00,2026-05-11 22:00:00+00,au.xlsx,1184925,f,,N,-1
sdn,2026-05-25 05:00:37.269+00,2026-05-20 22:00:00+00,ofac_sdn.xml,28559864,f,,N,-1
ch,2026-05-25 05:01:36.536+00,2026-05-21 22:00:00+00,ch.xml,39471352,f,,N,-1
nsdn,2026-05-25 05:02:02.181+00,2026-01-07 23:00:00+00,ofac_non_sdn.xml,978210,f,,N,-1
aq,2026-05-25 05:02:06.371+00,2026-05-23 21:00:02.214+00,onu.xml,2171829,f,,N,-1
eu,2026-05-25 05:02:12.356+00,2026-05-07 22:00:00+00,euea.xml,24749570,f,,N,-1
uk,2026-05-25 05:02:37.005+00,2026-05-21 22:00:00+00,uk.xml,21106221,f,,N,-1
ca,2026-05-25 05:02:51.112+00,2026-05-25 05:02:55.46+00,ca.xml,1787885,f,,N,-1
us,2026-05-25 05:03:10.152+00,2026-05-25 05:03:10.153+00,cuba.xml,262316,f,,N,-1
au,2026-05-25 19:00:07.939+00,2026-05-11 22:00:00+00,au.xlsx,1184925,f,,N,-1
sdn,2026-05-25 19:00:36.683+00,2026-05-20 22:00:00+00,ofac_sdn.xml,28559864,f,,N,-1
ch,2026-05-25 19:01:35.233+00,2026-05-21 22:00:00+00,ch.xml,39471352,f,,N,-1
nsdn,2026-05-25 19:01:59.642+00,2026-01-07 23:00:00+00,ofac_non_sdn.xml,978210,f,,N,-1
aq,2026-05-25 19:02:04.206+00,2026-05-23 21:00:02.214+00,onu.xml,2171829,f,,N,-1
eu,2026-05-25 19:02:09.454+00,2026-05-07 22:00:00+00,euea.xml,24749570,f,,N,-1
uk,2026-05-25 19:02:34.066+00,2026-05-21 22:00:00+00,uk.xml,21106221,f,,N,-1
ca,2026-05-25 19:02:48.771+00,2026-05-25 19:02:53.092+00,ca.xml,1787885,f,,N,-1
us,2026-05-25 19:03:07.631+00,2026-05-25 19:03:07.632+00,cuba.xml,262316,f,,N,-1
au,2026-05-26 05:00:02.419+00,2026-05-11 22:00:00+00,au.xlsx,1184925,f,,N,-1
sdn,2026-05-26 05:00:28.588+00,2026-05-20 22:00:00+00,ofac_sdn.xml,28559864,f,,N,-1
ch,2026-05-26 05:01:26.512+00,2026-05-21 22:00:00+00,ch.xml,39471352,f,,N,-1
nsdn,2026-05-26 05:01:56.744+00,2026-01-07 23:00:00+00,ofac_non_sdn.xml,978210,f,,N,-1
aq,2026-05-26 05:02:00.695+00,2026-05-25 21:00:03.296+00,onu.xml,2171829,f,,N,-1
eu,2026-05-26 05:02:06.084+00,2026-05-07 22:00:00+00,euea.xml,24749570,f,,N,-1
uk,2026-05-26 05:02:28.901+00,2026-05-21 22:00:00+00,uk.xml,21106221,f,,N,-1
ca,2026-05-26 05:02:43.768+00,2026-05-26 05:02:48.12+00,ca.xml,1787885,f,,N,-1
us,2026-05-26 05:03:03.24+00,2026-05-26 05:03:03.241+00,cuba.xml,262316,f,,N,-1
au,2026-05-26 19:00:02.876+00,2026-05-11 22:00:00+00,au.xlsx,1184925,f,,N,-1
sdn,2026-05-26 19:00:39.509+00,2026-05-20 22:00:00+00,ofac_sdn.xml,28559864,f,,N,-1
ch,2026-05-26 19:01:44.479+00,2026-05-21 22:00:00+00,ch.xml,39471352,f,,N,-1
nsdn,2026-05-26 19:02:10.399+00,2026-01-07 23:00:00+00,ofac_non_sdn.xml,978210,f,,N,-1
aq,2026-05-26 19:02:14.777+00,2026-05-25 21:00:03.296+00,onu.xml,2171829,f,,N,-1
eu,2026-05-26 19:02:20.305+00,2026-05-07 22:00:00+00,euea.xml,24749570,f,,N,-1
uk,2026-05-26 19:02:42.81+00,2026-05-25 22:00:00+00,uk.xml,21189221,f,,N,-1
ca,2026-05-26 19:02:59.3+00,2026-05-26 19:03:03.821+00,ca.xml,1787885,f,,N,-1
us,2026-05-26 19:03:19.081+00,2026-05-26 19:03:19.081+00,cuba.xml,262316,f,,N,-1
au,2026-05-27 05:00:04.437+00,2026-05-11 22:00:00+00,au.xlsx,1184925,f,,N,-1
sdn,2026-05-27 05:00:34.246+00,2026-05-20 22:00:00+00,ofac_sdn.xml,28559864,f,,N,-1
ch,2026-05-27 05:01:38.665+00,2026-05-21 22:00:00+00,ch.xml,39471352,f,,N,-1
nsdn,2026-05-27 05:02:09.195+00,2026-01-07 23:00:00+00,ofac_non_sdn.xml,978210,f,,N,-1
aq,2026-05-27 05:02:13.529+00,2026-05-26 21:00:02.301+00,onu.xml,2171829,f,,N,-1
eu,2026-05-27 05:02:19.077+00,2026-05-07 22:00:00+00,euea.xml,24749570,f,,N,-1
uk,2026-05-27 05:02:43.314+00,2026-05-25 22:00:00+00,uk.xml,21189221,f,,N,-1
ca,2026-05-27 05:02:59.247+00,2026-05-27 05:03:03.59+00,ca.xml,1787885,f,,N,-1
us,2026-05-27 05:03:19.724+00,2026-05-27 05:03:19.725+00,cuba.xml,262316,f,,N,-1
au,2026-05-27 19:00:06.372+00,2026-05-11 22:00:00+00,au.xlsx,1184925,f,,N,-1
sdn,2026-05-27 19:00:41.776+00,2026-05-20 22:00:00+00,ofac_sdn.xml,28559864,f,,N,-1
ch,2026-05-27 19:01:45.118+00,2026-05-21 22:00:00+00,ch.xml,39471352,f,,N,-1
nsdn,2026-05-27 19:02:13.522+00,2026-01-07 23:00:00+00,ofac_non_sdn.xml,978210,f,,N,-1
aq,2026-05-27 19:02:17.844+00,2026-05-26 21:00:02.301+00,onu.xml,2171829,f,,N,-1
eu,2026-05-27 19:02:23.336+00,2026-05-07 22:00:00+00,euea.xml,24749570,f,,N,-1
uk,2026-05-27 19:02:46.695+00,2026-05-25 22:00:00+00,uk.xml,21189221,f,,N,-1
ca,2026-05-27 19:03:04.096+00,2026-05-27 19:03:08.545+00,ca.xml,1787885,f,,N,-1
us,2026-05-27 19:03:23.334+00,2026-05-27 19:03:23.334+00,cuba.xml,262316,f,,N,-1
au,2026-05-28 05:00:09.365+00,2026-05-11 22:00:00+00,au.xlsx,1184925,f,,N,-1
sdn,2026-05-28 05:00:37.024+00,2026-05-26 22:00:00+00,ofac_sdn.xml,28562215,f,,N,-1
ch,2026-05-28 05:01:40.923+00,2026-05-21 22:00:00+00,ch.xml,39471352,f,,N,-1
nsdn,2026-05-28 05:02:09.293+00,2026-01-07 23:00:00+00,ofac_non_sdn.xml,978210,f,,N,-1
aq,2026-05-28 05:02:13.443+00,2026-05-27 21:00:02.066+00,onu.xml,2171829,f,,N,-1
eu,2026-05-28 05:02:19.37+00,2026-05-07 22:00:00+00,euea.xml,24749570,f,,N,-1
uk,2026-05-28 05:02:42.933+00,2026-05-25 22:00:00+00,uk.xml,21189221,f,,N,-1
ca,2026-05-28 05:02:59.543+00,2026-05-28 05:03:04.081+00,ca.xml,1787885,f,,N,-1
us,2026-05-28 05:03:19.636+00,2026-05-28 05:03:19.637+00,cuba.xml,262316,f,,N,-1
au,2026-05-28 19:00:01.203+00,2026-05-11 22:00:00+00,au.xlsx,1184925,f,,N,-1
sdn,2026-05-28 19:00:35.497+00,2026-05-27 22:00:00+00,ofac_sdn.xml,28454438,f,,N,-1
ch,2026-05-28 19:01:57.463+00,2026-05-21 22:00:00+00,ch.xml,39471352,f,,N,-1
nsdn,2026-05-28 19:02:25.836+00,2026-01-07 23:00:00+00,ofac_non_sdn.xml,978210,f,,N,-1
aq,2026-05-28 19:02:31.852+00,2026-05-27 21:00:02.066+00,onu.xml,2171829,f,,N,-1
eu,2026-05-28 19:02:36.824+00,2026-05-07 22:00:00+00,euea.xml,24749570,f,,N,-1
uk,2026-05-28 19:03:03.378+00,2026-05-27 22:00:00+00,uk.xml,21189528,f,,N,-1
ca,2026-05-28 19:03:21.064+00,2026-05-28 19:03:25.477+00,ca.xml,1787885,f,,N,-1
us,2026-05-28 19:03:41.284+00,2026-05-28 19:03:41.285+00,cuba.xml,262316,f,,N,-1
au,2026-05-29 05:00:03.6+00,2026-05-11 22:00:00+00,au.xlsx,1184925,f,,N,-1
sdn,2026-05-29 05:00:36.562+00,2026-05-27 22:00:00+00,ofac_sdn.xml,28483330,f,,N,-1
ch,2026-05-29 05:01:51.122+00,2026-05-21 22:00:00+00,ch.xml,39471352,f,,N,-1
nsdn,2026-05-29 05:02:21.419+00,2026-01-07 23:00:00+00,ofac_non_sdn.xml,978210,f,,N,-1
aq,2026-05-29 05:02:26.954+00,2026-05-28 21:00:02.25+00,onu.xml,2171829,f,,N,-1
eu,2026-05-29 05:02:32.222+00,2026-05-07 22:00:00+00,euea.xml,24749570,f,,N,-1
uk,2026-05-29 05:02:56.353+00,2026-05-27 22:00:00+00,uk.xml,21189528,f,,N,-1
ca,2026-05-29 05:03:17.839+00,2026-05-29 05:03:22.129+00,ca.xml,1787885,f,,N,-1
us,2026-05-29 05:03:39.702+00,2026-05-29 05:03:39.703+00,cuba.xml,262316,f,,N,-1
au,2026-05-29 19:00:00.338+00,2026-05-11 22:00:00+00,au.xlsx,1184925,f,,N,-1
sdn,2026-05-29 19:00:32.782+00,2026-05-27 22:00:00+00,ofac_sdn.xml,28483330,f,,N,-1
ch,2026-05-29 19:01:29.184+00,2026-05-21 22:00:00+00,ch.xml,39471352,f,,N,-1
nsdn,2026-05-29 19:01:54.364+00,2026-01-07 23:00:00+00,ofac_non_sdn.xml,978210,f,,N,-1
aq,2026-05-29 19:01:58.12+00,2026-05-28 21:00:02.25+00,onu.xml,2171829,f,,N,-1
eu,2026-05-29 19:02:03.79+00,2026-05-07 22:00:00+00,euea.xml,24749570,f,,N,-1
uk,2026-05-29 19:02:27.194+00,2026-05-27 22:00:00+00,uk.xml,21189528,f,,N,-1
ca,2026-05-29 19:02:42.085+00,2026-05-29 19:02:46.743+00,ca.xml,1787885,f,,N,-1
us,2026-05-29 19:02:59.973+00,2026-05-29 19:02:59.974+00,cuba.xml,262316,f,,N,-1
au,2026-05-30 05:00:05.776+00,2026-05-11 22:00:00+00,au.xlsx,1184925,f,,N,-1
sdn,2026-05-30 05:00:34.579+00,2026-05-28 22:00:00+00,ofac_sdn.xml,28509282,f,,N,-1
ch,2026-05-30 05:01:44.905+00,2026-05-21 22:00:00+00,ch.xml,39471352,f,,N,-1
nsdn,2026-05-30 05:02:12.571+00,2026-01-07 23:00:00+00,ofac_non_sdn.xml,978210,f,,N,-1
aq,2026-05-30 05:02:18.157+00,2026-05-29 21:00:02.136+00,onu.xml,2171829,f,,N,-1
eu,2026-05-30 05:02:23.703+00,2026-05-07 22:00:00+00,euea.xml,24749570,f,,N,-1
uk,2026-05-30 05:02:47.476+00,2026-05-27 22:00:00+00,uk.xml,21189528,f,,N,-1
ca,2026-05-30 05:03:04.901+00,2026-05-30 05:03:09.172+00,ca.xml,1787885,f,,N,-1
us,2026-05-30 05:03:25.51+00,2026-05-30 05:03:25.511+00,cuba.xml,262316,f,,N,-1
au,2026-05-30 19:00:07.427+00,2026-05-11 22:00:00+00,au.xlsx,1184925,f,,N,-1
sdn,2026-05-30 19:00:36.2+00,2026-05-28 22:00:00+00,ofac_sdn.xml,28509282,f,,N,-1
ch,2026-05-30 19:01:35.453+00,2026-05-21 22:00:00+00,ch.xml,39471352,f,,N,-1
nsdn,2026-05-30 19:01:58.397+00,2026-01-07 23:00:00+00,ofac_non_sdn.xml,978210,f,,N,-1
aq,2026-05-30 19:02:02.689+00,2026-05-29 21:00:02.136+00,onu.xml,2171829,f,,N,-1
eu,2026-05-30 19:02:07.595+00,2026-05-07 22:00:00+00,euea.xml,24749570,f,,N,-1
uk,2026-05-30 19:02:32.057+00,2026-05-27 22:00:00+00,uk.xml,21189528,f,,N,-1
ca,2026-05-30 19:02:48.698+00,2026-05-30 19:02:53.055+00,ca.xml,1787885,f,,N,-1
us,2026-05-30 19:03:07.879+00,2026-05-30 19:03:07.879+00,cuba.xml,262316,f,,N,-1
au,2026-05-31 05:00:08.171+00,2026-05-11 22:00:00+00,au.xlsx,1184925,f,,N,-1
sdn,2026-05-31 05:00:36.541+00,2026-05-28 22:00:00+00,ofac_sdn.xml,28509282,f,,N,-1
ch,2026-05-31 05:01:36.901+00,2026-05-21 22:00:00+00,ch.xml,39471352,f,,N,-1
nsdn,2026-05-31 05:02:10.292+00,2026-01-07 23:00:00+00,ofac_non_sdn.xml,978210,f,,N,-1
aq,2026-05-31 05:02:14.519+00,2026-05-30 21:00:05.543+00,onu.xml,2171829,f,,N,-1
eu,2026-05-31 05:02:19.636+00,2026-05-07 22:00:00+00,euea.xml,24749570,f,,N,-1
uk,2026-05-31 05:02:43.725+00,2026-05-27 22:00:00+00,uk.xml,21189528,f,,N,-1
ca,2026-05-31 05:02:59.825+00,2026-05-31 05:03:04.161+00,ca.xml,1787885,f,,N,-1
us,2026-05-31 05:03:20.195+00,2026-05-31 05:03:20.196+00,cuba.xml,262316,f,,N,-1
au,2026-05-31 19:00:02.5+00,2026-05-11 22:00:00+00,au.xlsx,1184925,f,,N,-1
sdn,2026-05-31 19:00:36.235+00,2026-05-28 22:00:00+00,ofac_sdn.xml,28509282,f,,N,-1
ch,2026-05-31 19:01:46.831+00,2026-05-21 22:00:00+00,ch.xml,39471352,f,,N,-1
nsdn,2026-05-31 19:02:22.655+00,2026-01-07 23:00:00+00,ofac_non_sdn.xml,978210,f,,N,-1
aq,2026-05-31 19:02:26.846+00,2026-05-30 21:00:05.543+00,onu.xml,2171829,f,,N,-1
eu,2026-05-31 19:02:32.177+00,2026-05-07 22:00:00+00,euea.xml,24749570,f,,N,-1
uk,2026-05-31 19:02:57.598+00,2026-05-27 22:00:00+00,uk.xml,21189528,f,,N,-1
ca,2026-05-31 19:03:17.064+00,2026-05-31 19:03:21.545+00,ca.xml,1787885,f,,N,-1
us,2026-05-31 19:03:38.745+00,2026-05-31 19:03:38.746+00,cuba.xml,262316,f,,N,-1
au,2026-06-01 05:00:07.066+00,2026-05-11 22:00:00+00,au.xlsx,1184925,f,,N,-1
sdn,2026-06-01 05:00:38.96+00,2026-05-28 22:00:00+00,ofac_sdn.xml,28509282,f,,N,-1
ch,2026-06-01 05:01:44.119+00,2026-05-21 22:00:00+00,ch.xml,39471352,f,,N,-1
nsdn,2026-06-01 05:02:15.925+00,2026-01-07 23:00:00+00,ofac_non_sdn.xml,978210,f,,N,-1
aq,2026-06-01 05:02:20.508+00,2026-05-30 21:00:05.543+00,onu.xml,2171829,f,,N,-1
eu,2026-06-01 05:02:25.774+00,2026-05-07 22:00:00+00,euea.xml,24749570,f,,N,-1
uk,2026-06-01 05:02:52.547+00,2026-05-27 22:00:00+00,uk.xml,21189528,f,,N,-1
ca,2026-06-01 05:03:10.506+00,2026-06-01 05:03:14.849+00,ca.xml,1787885,f,,N,-1
us,2026-06-01 05:03:30.488+00,2026-06-01 05:03:30.488+00,cuba.xml,262316,f,,N,-1
au,2026-06-01 19:00:01.534+00,2026-05-11 22:00:00+00,au.xlsx,1184925,f,,N,-1
sdn,2026-06-01 19:00:37.715+00,2026-05-28 22:00:00+00,ofac_sdn.xml,28509282,f,,N,-1
ch,2026-06-01 19:01:46.252+00,2026-05-21 22:00:00+00,ch.xml,39471352,f,,N,-1
nsdn,2026-06-01 19:02:17.762+00,2026-01-07 23:00:00+00,ofac_non_sdn.xml,978210,f,,N,-1
aq,2026-06-01 19:02:21.72+00,2026-06-01 06:53:49.923+00,onu.xml,2171825,f,,N,-1
eu,2026-06-01 19:02:27.348+00,2026-05-07 22:00:00+00,euea.xml,24749570,f,,N,-1
uk,2026-06-01 19:02:53.152+00,2026-05-27 22:00:00+00,uk.xml,21189528,f,,N,-1
ca,2026-06-01 19:03:12.08+00,2026-06-01 19:03:16.427+00,ca.xml,1787885,f,,N,-1
us,2026-06-01 19:03:32.546+00,2026-06-01 19:03:32.546+00,cuba.xml,262316,f,,N,-1
au,2026-06-02 05:00:01.555+00,2026-06-01 22:00:00+00,au.xlsx,1297657,f,,N,-1
sdn,2026-06-02 05:00:29.603+00,2026-05-28 22:00:00+00,ofac_sdn.xml,28509282,f,,N,-1
ch,2026-06-02 05:01:26.945+00,2026-06-01 22:00:00+00,ch.xml,39713695,f,,N,-1
nsdn,2026-06-02 05:02:16.873+00,2026-01-07 23:00:00+00,ofac_non_sdn.xml,978210,f,,N,-1
aq,2026-06-02 05:02:20.756+00,2026-06-01 21:00:06.012+00,onu.xml,2171825,f,,N,-1
eu,2026-06-02 05:02:25.651+00,2026-05-07 22:00:00+00,euea.xml,24749570,f,,N,-1
uk,2026-06-02 05:02:49.114+00,2026-05-27 22:00:00+00,uk.xml,21189528,f,,N,-1
ca,2026-06-02 05:03:06.071+00,2026-06-02 05:03:12.226+00,ca.xml,1787885,f,,N,-1
us,2026-06-02 05:03:26.664+00,2026-06-02 05:03:26.665+00,cuba.xml,262316,f,,N,-1
au,2026-06-02 19:00:03.401+00,2026-06-01 22:00:00+00,au.xlsx,1297657,f,,N,-1
sdn,2026-06-02 19:00:33.369+00,2026-05-28 22:00:00+00,ofac_sdn.xml,28509282,f,,N,-1
ch,2026-06-02 19:01:33.54+00,2026-06-01 22:00:00+00,ch.xml,39713695,f,,N,-1
nsdn,2026-06-02 19:02:02.906+00,2026-01-07 23:00:00+00,ofac_non_sdn.xml,978210,f,,N,-1
aq,2026-06-02 19:02:08.161+00,2026-06-01 21:00:06.012+00,onu.xml,2171825,f,,N,-1
eu,2026-06-02 19:02:12.942+00,2026-05-07 22:00:00+00,euea.xml,24749570,f,,N,-1
uk,2026-06-02 19:02:37.139+00,2026-06-01 22:00:00+00,uk.xml,21189611,f,,N,-1
ca,2026-06-02 19:02:52.473+00,2026-06-02 19:02:56.838+00,ca.xml,1787885,f,,N,-1
us,2026-06-02 19:03:11.9+00,2026-06-02 19:03:11.901+00,cuba.xml,262316,f,,N,-1
au,2026-06-03 05:00:03.184+00,2026-06-01 22:00:00+00,au.xlsx,1297657,f,,N,-1
sdn,2026-06-03 05:00:31.44+00,2026-06-01 22:00:00+00,ofac_sdn.xml,28526733,f,,N,-1
ch,2026-06-03 05:01:33.605+00,2026-06-01 22:00:00+00,ch.xml,39713695,f,,N,-1
nsdn,2026-06-03 05:02:12.505+00,2026-01-07 23:00:00+00,ofac_non_sdn.xml,978210,f,,N,-1
aq,2026-06-03 05:02:16.462+00,2026-06-02 21:00:02.217+00,onu.xml,2171825,f,,N,-1
eu,2026-06-03 05:02:21.542+00,2026-05-07 22:00:00+00,euea.xml,24749570,f,,N,-1
uk,2026-06-03 05:02:44.235+00,2026-06-01 22:00:00+00,uk.xml,21189611,f,,N,-1
ca,2026-06-03 05:02:59.66+00,2026-06-03 05:03:04.197+00,ca.xml,1787885,f,,N,-1
us,2026-06-03 05:03:18.959+00,2026-06-03 05:03:18.96+00,cuba.xml,262316,f,,N,-1
au,2026-06-03 19:00:05.731+00,2026-06-01 22:00:00+00,au.xlsx,1297657,f,,N,-1
sdn,2026-06-03 19:00:40.181+00,2026-06-01 22:00:00+00,ofac_sdn.xml,28526733,f,,N,-1
ch,2026-06-03 19:01:39.912+00,2026-06-01 22:00:00+00,ch.xml,39713695,f,,N,-1
nsdn,2026-06-03 19:02:06.656+00,2026-01-07 23:00:00+00,ofac_non_sdn.xml,978210,f,,N,-1
aq,2026-06-03 19:02:10.793+00,2026-06-02 21:00:02.217+00,onu.xml,2171825,f,,N,-1
eu,2026-06-03 19:02:16.046+00,2026-05-07 22:00:00+00,euea.xml,24749570,f,,N,-1
uk,2026-06-03 19:02:38.857+00,2026-06-02 22:00:00+00,uk.xml,21189233,f,,N,-1
ca,2026-06-03 19:02:53.294+00,2026-06-03 19:02:57.746+00,ca.xml,1787885,f,,N,-1
us,2026-06-03 19:03:11.803+00,2026-06-03 19:03:11.803+00,cuba.xml,262316,f,,N,-1
au,2026-06-04 05:00:06.362+00,2026-06-01 22:00:00+00,au.xlsx,1297657,f,,N,-1
sdn,2026-06-04 05:00:34.152+00,2026-06-01 22:00:00+00,ofac_sdn.xml,28526733,f,,N,-1
ch,2026-06-04 05:01:31.317+00,2026-06-01 22:00:00+00,ch.xml,39713695,f,,N,-1
nsdn,2026-06-04 05:01:57.256+00,2026-01-07 23:00:00+00,ofac_non_sdn.xml,978210,f,,N,-1
aq,2026-06-04 05:02:01.26+00,2026-06-03 21:00:07.784+00,onu.xml,2171825,f,,N,-1
eu,2026-06-04 05:02:06.845+00,2026-05-07 22:00:00+00,euea.xml,24749570,f,,N,-1
uk,2026-06-04 05:02:30.641+00,2026-06-02 22:00:00+00,uk.xml,21189233,f,,N,-1
ca,2026-06-04 05:02:46.232+00,2026-06-04 05:02:50.483+00,ca.xml,1787885,f,,N,-1
us,2026-06-04 05:03:06.31+00,2026-06-04 05:03:06.31+00,cuba.xml,262316,f,,N,-1
au,2026-06-04 19:00:01.883+00,2026-06-01 22:00:00+00,au.xlsx,1297657,f,,N,-1
sdn,2026-06-04 19:00:40.778+00,2026-06-01 22:00:00+00,ofac_sdn.xml,28526733,f,,N,-1
ch,2026-06-04 19:01:47.446+00,2026-06-01 22:00:00+00,ch.xml,39713695,f,,N,-1
nsdn,2026-06-04 19:02:14.251+00,2026-01-07 23:00:00+00,ofac_non_sdn.xml,978210,f,,N,-1
aq,2026-06-04 19:02:18.215+00,2026-06-03 21:00:07.784+00,onu.xml,2171825,f,,N,-1
eu,2026-06-04 19:02:23.733+00,2026-05-07 22:00:00+00,euea.xml,24749570,f,,N,-1
uk,2026-06-04 19:02:49.267+00,2026-06-03 22:00:00+00,uk.xml,21187312,f,,N,-1
ca,2026-06-04 19:03:04.617+00,2026-06-04 19:03:09.091+00,ca.xml,1787885,f,,N,-1
us,2026-06-04 19:03:23.704+00,2026-06-04 19:03:23.705+00,cuba.xml,262316,f,,N,-1
au,2026-06-05 05:00:04.128+00,2026-06-01 22:00:00+00,au.xlsx,1297657,f,,N,-1
sdn,2026-06-05 05:00:35.176+00,2026-06-03 22:00:00+00,ofac_sdn.xml,28538021,f,,N,-1
ch,2026-06-05 05:01:50.684+00,2026-06-01 22:00:00+00,ch.xml,39713695,f,,N,-1
nsdn,2026-06-05 05:02:20.758+00,2026-01-07 23:00:00+00,ofac_non_sdn.xml,978210,f,,N,-1
aq,2026-06-05 05:02:27.232+00,2026-06-04 21:00:06.837+00,onu.xml,2171825,f,,N,-1
eu,2026-06-05 05:02:33.097+00,2026-05-07 22:00:00+00,euea.xml,24749570,f,,N,-1
uk,2026-06-05 05:02:59.954+00,2026-06-03 22:00:00+00,uk.xml,21187312,f,,N,-1
ca,2026-06-05 05:03:17.97+00,2026-06-05 05:03:22.378+00,ca.xml,1787885,f,,N,-1
us,2026-06-05 05:03:40.846+00,2026-06-05 05:03:40.847+00,cuba.xml,262316,f,,N,-1
au,2026-06-05 19:00:06.257+00,2026-06-01 22:00:00+00,au.xlsx,1297657,f,,N,-1
sdn,2026-06-05 19:00:44.425+00,2026-06-04 22:00:00+00,ofac_sdn.xml,28564702,f,,N,-1
ch,2026-06-05 19:02:24.929+00,2026-06-04 22:00:00+00,ch.xml,39726302,f,,N,-1
nsdn,2026-06-05 19:03:00.355+00,2026-01-07 23:00:00+00,ofac_non_sdn.xml,978210,f,,N,-1
aq,2026-06-05 19:03:06.836+00,2026-06-04 21:00:06.837+00,onu.xml,2171825,f,,N,-1
eu,2026-06-05 19:03:11.891+00,2026-06-04 22:00:00+00,euea.xml,24730335,f,,N,-1
uk,2026-06-05 19:03:47.653+00,2026-06-03 22:00:00+00,uk.xml,21187312,f,,N,-1
ca,2026-06-05 19:04:09.283+00,2026-06-05 19:04:13.572+00,ca.xml,1787885,f,,N,-1
us,2026-06-05 19:04:38.453+00,2026-06-05 19:04:38.453+00,cuba.xml,262316,f,,N,-1
au,2026-06-06 05:00:00.913+00,2026-06-02 22:00:00+00,au.xlsx,1324704,f,,N,-1
sdn,2026-06-06 05:00:29.454+00,2026-06-04 22:00:00+00,ofac_sdn.xml,28564702,f,,N,-1
ch,2026-06-06 05:01:32.309+00,2026-06-04 22:00:00+00,ch.xml,39726302,f,,N,-1
nsdn,2026-06-06 05:02:16.749+00,2026-01-07 23:00:00+00,ofac_non_sdn.xml,978210,f,,N,-1
aq,2026-06-06 05:02:20.589+00,2026-06-05 21:00:04.56+00,onu.xml,2171825,f,,N,-1
eu,2026-06-06 05:02:25.89+00,2026-06-04 22:00:00+00,euea.xml,24730335,f,,N,-1
uk,2026-06-06 05:02:49.898+00,2026-06-03 22:00:00+00,uk.xml,21187312,f,,N,-1
ca,2026-06-06 05:03:05.504+00,2026-06-06 05:03:09.92+00,ca.xml,1787885,f,,N,-1
us,2026-06-06 05:03:24.597+00,2026-06-06 05:03:24.598+00,cuba.xml,262316,f,,N,-1
au,2026-06-06 19:00:01.96+00,2026-06-02 22:00:00+00,au.xlsx,1324704,f,,N,-1
sdn,2026-06-06 19:00:30.431+00,2026-06-04 22:00:00+00,ofac_sdn.xml,28564702,f,,N,-1
ch,2026-06-06 19:01:29.237+00,2026-06-04 22:00:00+00,ch.xml,39726302,f,,N,-1
nsdn,2026-06-06 19:01:53.313+00,2026-01-07 23:00:00+00,ofac_non_sdn.xml,978210,f,,N,-1
aq,2026-06-06 19:01:57.224+00,2026-06-05 21:00:04.56+00,onu.xml,2171825,f,,N,-1
eu,2026-06-06 19:02:02.602+00,2026-06-04 22:00:00+00,euea.xml,24730335,f,,N,-1
uk,2026-06-06 19:02:28.627+00,2026-06-03 22:00:00+00,uk.xml,21187312,f,,N,-1
ca,2026-06-06 19:02:44.544+00,2026-06-06 19:02:48.903+00,ca.xml,1787885,f,,N,-1
us,2026-06-06 19:03:03.143+00,2026-06-06 19:03:03.144+00,cuba.xml,262316,f,,N,-1
au,2026-06-07 05:00:03.337+00,2026-06-02 22:00:00+00,au.xlsx,1324704,f,,N,-1
sdn,2026-06-07 05:00:33.381+00,2026-06-04 22:00:00+00,ofac_sdn.xml,28564702,f,,N,-1
ch,2026-06-07 05:01:34.155+00,2026-06-04 22:00:00+00,ch.xml,39726302,f,,N,-1
nsdn,2026-06-07 05:02:14.102+00,2026-01-07 23:00:00+00,ofac_non_sdn.xml,978210,f,,N,-1
aq,2026-06-07 05:02:17.96+00,2026-06-06 21:00:05.805+00,onu.xml,2171825,f,,N,-1
eu,2026-06-07 05:02:23.021+00,2026-06-04 22:00:00+00,euea.xml,24730335,f,,N,-1
uk,2026-06-07 05:02:45.387+00,2026-06-03 22:00:00+00,uk.xml,21187312,f,,N,-1
ca,2026-06-07 05:03:01.567+00,2026-06-07 05:03:05.822+00,ca.xml,1787885,f,,N,-1
us,2026-06-07 05:03:20.878+00,2026-06-07 05:03:20.879+00,cuba.xml,262316,f,,N,-1
au,2026-06-07 19:00:04.305+00,2026-06-02 22:00:00+00,au.xlsx,1324704,f,,N,-1
sdn,2026-06-07 19:00:34.673+00,2026-06-04 22:00:00+00,ofac_sdn.xml,28564702,f,,N,-1
ch,2026-06-07 19:01:39.411+00,2026-06-04 22:00:00+00,ch.xml,39726302,f,,N,-1
nsdn,2026-06-07 19:02:11.565+00,2026-01-07 23:00:00+00,ofac_non_sdn.xml,978210,f,,N,-1
aq,2026-06-07 19:02:16.17+00,2026-06-06 21:00:05.805+00,onu.xml,2171825,f,,N,-1
eu,2026-06-07 19:02:21.922+00,2026-06-04 22:00:00+00,euea.xml,24730335,f,,N,-1
uk,2026-06-07 19:02:44.942+00,2026-06-03 22:00:00+00,uk.xml,21187312,f,,N,-1
ca,2026-06-07 19:03:01.054+00,2026-06-07 19:03:05.511+00,ca.xml,1787885,f,,N,-1
us,2026-06-07 19:03:20.269+00,2026-06-07 19:03:20.269+00,cuba.xml,262316,f,,N,-1
au,2026-06-08 05:00:01.108+00,2026-06-02 22:00:00+00,au.xlsx,1324704,f,,N,-1
sdn,2026-06-08 05:00:39.293+00,2026-06-04 22:00:00+00,ofac_sdn.xml,28564702,f,,N,-1
ch,2026-06-08 05:01:52.529+00,2026-06-04 22:00:00+00,ch.xml,39726302,f,,N,-1
nsdn,2026-06-08 05:02:33.65+00,2026-01-07 23:00:00+00,ofac_non_sdn.xml,978210,f,,N,-1
aq,2026-06-08 05:02:37.88+00,2026-06-06 21:00:05.805+00,onu.xml,2171825,f,,N,-1
eu,2026-06-08 05:02:43.845+00,2026-06-04 22:00:00+00,euea.xml,24730335,f,,N,-1
uk,2026-06-08 05:03:14.795+00,2026-06-03 22:00:00+00,uk.xml,21187312,f,,N,-1
ca,2026-06-08 05:03:34.176+00,2026-06-08 05:03:38.403+00,ca.xml,1787885,f,,N,-1
us,2026-06-08 05:03:55.975+00,2026-06-08 05:03:55.977+00,cuba.xml,262316,f,,N,-1
au,2026-06-08 19:00:03.217+00,2026-06-02 22:00:00+00,au.xlsx,1324704,f,,N,-1
sdn,2026-06-08 19:00:42.534+00,2026-06-04 22:00:00+00,ofac_sdn.xml,28564702,f,,N,-1
ch,2026-06-08 19:01:54.915+00,2026-06-04 22:00:00+00,ch.xml,39726302,f,,N,-1
nsdn,2026-06-08 19:02:33.673+00,2026-01-07 23:00:00+00,ofac_non_sdn.xml,978210,f,,N,-1
aq,2026-06-08 19:02:37.817+00,2026-06-06 21:00:05.805+00,onu.xml,2171825,f,,N,-1
eu,2026-06-08 19:02:43.877+00,2026-06-04 22:00:00+00,euea.xml,24730335,f,,N,-1
uk,2026-06-08 19:03:12.91+00,2026-06-03 22:00:00+00,uk.xml,21187312,f,,N,-1
ca,2026-06-08 19:03:34.918+00,2026-06-08 19:03:39.259+00,ca.xml,1787885,f,,N,-1
us,2026-06-08 19:04:01.093+00,2026-06-08 19:04:01.094+00,cuba.xml,262316,f,,N,-1
au,2026-06-09 05:00:07.1+00,2026-06-02 22:00:00+00,au.xlsx,1324704,f,,N,-1
sdn,2026-06-09 05:00:33.972+00,2026-06-04 22:00:00+00,ofac_sdn.xml,28564702,f,,N,-1
ch,2026-06-09 05:01:34.533+00,2026-06-04 22:00:00+00,ch.xml,39726302,f,,N,-1
nsdn,2026-06-09 05:02:22.812+00,2026-01-07 23:00:00+00,ofac_non_sdn.xml,978210,f,,N,-1
aq,2026-06-09 05:02:26.87+00,2026-06-08 21:00:06.982+00,onu.xml,2171825,f,,N,-1
eu,2026-06-09 05:02:31.966+00,2026-06-04 22:00:00+00,euea.xml,24730335,f,,N,-1
uk,2026-06-09 05:02:55.204+00,2026-06-03 22:00:00+00,uk.xml,21187312,f,,N,-1
ca,2026-06-09 05:03:10.013+00,2026-06-09 05:03:14.331+00,ca.xml,1787885,f,,N,-1
us,2026-06-09 05:03:30.062+00,2026-06-09 05:03:30.063+00,cuba.xml,262316,f,,N,-1
au,2026-06-09 19:00:09.843+00,2026-06-02 22:00:00+00,au.xlsx,1324704,f,,N,-1
sdn,2026-06-09 19:00:39.942+00,2026-06-04 22:00:00+00,ofac_sdn.xml,28564702,f,,N,-1
ch,2026-06-09 19:01:39.392+00,2026-06-04 22:00:00+00,ch.xml,39726302,f,,N,-1
nsdn,2026-06-09 19:02:04.471+00,2026-01-07 23:00:00+00,ofac_non_sdn.xml,978210,f,,N,-1
aq,2026-06-09 19:02:08.56+00,2026-06-08 21:00:06.982+00,onu.xml,2171825,f,,N,-1
eu,2026-06-09 19:02:13.641+00,2026-06-04 22:00:00+00,euea.xml,24730335,f,,N,-1
uk,2026-06-09 19:02:37.788+00,2026-06-08 22:00:00+00,uk.xml,21214968,f,,N,-1
ca,2026-06-09 19:02:53.982+00,2026-06-09 19:02:58.353+00,ca.xml,1793449,f,,N,-1
us,2026-06-09 19:03:13.176+00,2026-06-09 19:03:13.177+00,cuba.xml,262316,f,,N,-1
au,2026-06-10 05:00:01.502+00,2026-06-02 22:00:00+00,au.xlsx,1324704,f,,N,-1
sdn,2026-06-10 05:00:29.88+00,2026-06-04 22:00:00+00,ofac_sdn.xml,28564702,f,,N,-1
ch,2026-06-10 05:01:27.289+00,2026-06-04 22:00:00+00,ch.xml,39726302,f,,N,-1
nsdn,2026-06-10 05:01:59.237+00,2026-01-07 23:00:00+00,ofac_non_sdn.xml,978210,f,,N,-1
aq,2026-06-10 05:02:03.751+00,2026-06-09 21:00:03.055+00,onu.xml,2171560,f,,N,-1
eu,2026-06-10 05:02:08.841+00,2026-06-04 22:00:00+00,euea.xml,24730335,f,,N,-1
uk,2026-06-10 05:02:33.155+00,2026-06-08 22:00:00+00,uk.xml,21214968,f,,N,-1
ca,2026-06-10 05:02:50.983+00,2026-06-10 05:02:55.326+00,ca.xml,1793449,f,,N,-1
us,2026-06-10 05:03:09.665+00,2026-06-10 05:03:09.666+00,cuba.xml,262316,f,,N,-1
au,2026-06-10 19:00:08.473+00,2026-06-02 22:00:00+00,au.xlsx,1324704,f,,N,-1
sdn,2026-06-10 19:00:43.254+00,2026-06-09 22:00:00+00,ofac_sdn.xml,28581201,f,,N,-1
ch,2026-06-10 19:01:53.363+00,2026-06-04 22:00:00+00,ch.xml,39726302,f,,N,-1
nsdn,2026-06-10 19:02:21.413+00,2026-01-07 23:00:00+00,ofac_non_sdn.xml,978210,f,,N,-1
aq,2026-06-10 19:02:26.509+00,2026-06-09 21:00:03.055+00,onu.xml,2171560,f,,N,-1
eu,2026-06-10 19:02:31.134+00,2026-06-04 22:00:00+00,euea.xml,24730335,f,,N,-1
uk,2026-06-10 19:02:53.554+00,2026-06-09 22:00:00+00,uk.xml,21214968,f,,N,-1
ca,2026-06-10 19:03:10.287+00,2026-06-10 19:03:14.776+00,ca.xml,1793449,f,,N,-1
us,2026-06-10 19:03:29.673+00,2026-06-10 19:03:29.673+00,cuba.xml,262316,f,,N,-1
au,2026-06-11 05:00:09.212+00,2026-06-02 22:00:00+00,au.xlsx,1324704,f,,N,-1
sdn,2026-06-11 05:00:36.281+00,2026-06-09 22:00:00+00,ofac_sdn.xml,28581201,f,,N,-1
ch,2026-06-11 05:01:39.265+00,2026-06-04 22:00:00+00,ch.xml,39726302,f,,N,-1
nsdn,2026-06-11 05:02:14.709+00,2026-01-07 23:00:00+00,ofac_non_sdn.xml,978210,f,,N,-1
aq,2026-06-11 05:02:18.875+00,2026-06-10 21:00:06.557+00,onu.xml,2171560,f,,N,-1
eu,2026-06-11 05:02:24.508+00,2026-06-04 22:00:00+00,euea.xml,24730335,f,,N,-1
uk,2026-06-11 05:02:48.108+00,2026-06-09 22:00:00+00,uk.xml,21214968,f,,N,-1
ca,2026-06-11 05:03:04.349+00,2026-06-11 05:03:08.823+00,ca.xml,1793449,f,,N,-1
us,2026-06-11 05:03:24.136+00,2026-06-11 05:03:24.136+00,cuba.xml,262316,f,,N,-1
au,2026-06-11 19:00:07.082+00,2026-06-02 22:00:00+00,au.xlsx,1324704,f,,N,-1
sdn,2026-06-11 19:00:35.554+00,2026-06-10 22:00:00+00,ofac_sdn.xml,28578223,f,,N,-1
ch,2026-06-11 19:01:40.752+00,2026-06-04 22:00:00+00,ch.xml,39726302,f,,N,-1
nsdn,2026-06-11 19:02:03.59+00,2026-01-07 23:00:00+00,ofac_non_sdn.xml,978210,f,,N,-1
aq,2026-06-11 19:02:09.201+00,2026-06-10 21:00:06.557+00,onu.xml,2171560,f,,N,-1
eu,2026-06-11 19:02:13.84+00,2026-06-04 22:00:00+00,euea.xml,24730335,f,,N,-1
uk,2026-06-11 19:02:35.062+00,2026-06-09 22:00:00+00,uk.xml,21214968,f,,N,-1
ca,2026-06-11 19:02:49.579+00,2026-06-11 19:02:54.08+00,ca.xml,1793449,f,,N,-1
us,2026-06-11 19:03:07.89+00,2026-06-11 19:03:07.891+00,cuba.xml,262316,f,,N,-1
au,2026-06-12 05:00:08.667+00,2026-06-02 22:00:00+00,au.xlsx,1324704,f,,N,-1
sdn,2026-06-12 05:00:35.067+00,2026-06-10 22:00:00+00,ofac_sdn.xml,28578223,f,,N,-1
ch,2026-06-12 05:01:33.491+00,2026-06-04 22:00:00+00,ch.xml,39726302,f,,N,-1
nsdn,2026-06-12 05:02:10.207+00,2026-01-07 23:00:00+00,ofac_non_sdn.xml,978210,f,,N,-1
aq,2026-06-12 05:02:14.213+00,2026-06-11 21:00:02.349+00,onu.xml,2171560,f,,N,-1
eu,2026-06-12 05:02:19.854+00,2026-06-04 22:00:00+00,euea.xml,24730335,f,,N,-1
uk,2026-06-12 05:02:43.435+00,2026-06-09 22:00:00+00,uk.xml,21214968,f,,N,-1
ca,2026-06-12 05:03:00.543+00,2026-06-12 05:03:04.996+00,ca.xml,1793449,f,,N,-1
us,2026-06-12 05:03:21.072+00,2026-06-12 05:03:21.073+00,cuba.xml,262316,f,,N,-1
au,2026-06-12 19:00:02.37+00,2026-06-02 22:00:00+00,au.xlsx,1324704,f,,N,-1
sdn,2026-06-12 19:00:30.388+00,2026-06-10 22:00:00+00,ofac_sdn.xml,28578223,f,,N,-1
ch,2026-06-12 19:01:26.363+00,2026-06-04 22:00:00+00,ch.xml,39726302,f,,N,-1
nsdn,2026-06-12 19:01:51.897+00,2026-01-07 23:00:00+00,ofac_non_sdn.xml,978210,f,,N,-1
aq,2026-06-12 19:01:55.751+00,2026-06-11 21:00:02.349+00,onu.xml,2171560,f,,N,-1
eu,2026-06-12 19:02:00.934+00,2026-06-04 22:00:00+00,euea.xml,24730335,f,,N,-1
uk,2026-06-12 19:02:25.28+00,2026-06-09 22:00:00+00,uk.xml,21214968,f,,N,-1
ca,2026-06-12 19:02:41.996+00,2026-06-12 19:02:46.156+00,ca.xml,1793449,f,,N,-1
us,2026-06-12 19:03:01.41+00,2026-06-12 19:03:01.413+00,cuba.xml,262316,f,,N,-1
au,2026-06-13 05:00:03.618+00,2026-06-02 22:00:00+00,au.xlsx,1324704,f,,N,-1
sdn,2026-06-13 05:00:33.205+00,2026-06-10 22:00:00+00,ofac_sdn.xml,28578223,f,,N,-1
ch,2026-06-13 05:01:31.45+00,2026-06-04 22:00:00+00,ch.xml,39726302,f,,N,-1
nsdn,2026-06-13 05:02:08.121+00,2026-01-07 23:00:00+00,ofac_non_sdn.xml,978210,f,,N,-1
aq,2026-06-13 05:02:12.046+00,2026-06-12 21:00:06.606+00,onu.xml,2171560,f,,N,-1
eu,2026-06-13 05:02:17.079+00,2026-06-04 22:00:00+00,euea.xml,24730335,f,,N,-1
uk,2026-06-13 05:02:40.468+00,2026-06-09 22:00:00+00,uk.xml,21214968,f,,N,-1
ca,2026-06-13 05:02:56.435+00,2026-06-13 05:03:00.927+00,ca.xml,1793449,f,,N,-1
us,2026-06-13 05:03:15.47+00,2026-06-13 05:03:15.471+00,cuba.xml,262316,f,,N,-1
au,2026-06-13 19:00:09.528+00,2026-06-02 22:00:00+00,au.xlsx,1324704,f,,N,-1
sdn,2026-06-13 19:00:40.904+00,2026-06-10 22:00:00+00,ofac_sdn.xml,28578223,f,,N,-1
ch,2026-06-13 19:01:39.312+00,2026-06-04 22:00:00+00,ch.xml,39726302,f,,N,-1
nsdn,2026-06-13 19:02:02.04+00,2026-01-07 23:00:00+00,ofac_non_sdn.xml,978210,f,,N,-1
aq,2026-06-13 19:02:06.709+00,2026-06-12 21:00:06.606+00,onu.xml,2171560,f,,N,-1
eu,2026-06-13 19:02:12.621+00,2026-06-04 22:00:00+00,euea.xml,24730335,f,,N,-1
uk,2026-06-13 19:02:36.75+00,2026-06-09 22:00:00+00,uk.xml,21214968,f,,N,-1
ca,2026-06-13 19:02:53.956+00,2026-06-13 19:02:58.436+00,ca.xml,1793449,f,,N,-1
us,2026-06-13 19:03:12.491+00,2026-06-13 19:03:12.492+00,cuba.xml,262316,f,,N,-1
au,2026-06-14 05:00:00.18+00,2026-06-02 22:00:00+00,au.xlsx,1324704,f,,N,-1
sdn,2026-06-14 05:00:32.678+00,2026-06-10 22:00:00+00,ofac_sdn.xml,28578223,f,,N,-1
ch,2026-06-14 05:01:31.117+00,2026-06-04 22:00:00+00,ch.xml,39726302,f,,N,-1
nsdn,2026-06-14 05:02:00.694+00,2026-01-07 23:00:00+00,ofac_non_sdn.xml,978210,f,,N,-1
aq,2026-06-14 05:02:05.186+00,2026-06-13 21:00:02.168+00,onu.xml,2171560,f,,N,-1
eu,2026-06-14 05:02:10.179+00,2026-06-04 22:00:00+00,euea.xml,24730335,f,,N,-1
uk,2026-06-14 05:02:34.311+00,2026-06-09 22:00:00+00,uk.xml,21214968,f,,N,-1
ca,2026-06-14 05:02:49.974+00,2026-06-14 05:02:54.243+00,ca.xml,1793449,f,,N,-1
us,2026-06-14 05:03:09.152+00,2026-06-14 05:03:09.152+00,cuba.xml,262316,f,,N,-1
au,2026-06-14 19:00:06.047+00,2026-06-02 22:00:00+00,au.xlsx,1324704,f,,N,-1
sdn,2026-06-14 19:00:37.436+00,2026-06-10 22:00:00+00,ofac_sdn.xml,28578223,f,,N,-1
ch,2026-06-14 19:01:44.932+00,2026-06-04 22:00:00+00,ch.xml,39726302,f,,N,-1
nsdn,2026-06-14 19:02:16.921+00,2026-01-07 23:00:00+00,ofac_non_sdn.xml,978210,f,,N,-1
aq,2026-06-14 19:02:21.076+00,2026-06-13 21:00:02.168+00,onu.xml,2171560,f,,N,-1
eu,2026-06-14 19:02:26.282+00,2026-06-04 22:00:00+00,euea.xml,24730335,f,,N,-1
uk,2026-06-14 19:02:53.26+00,2026-06-09 22:00:00+00,uk.xml,21214968,f,,N,-1
ca,2026-06-14 19:03:09.192+00,2026-06-14 19:03:13.538+00,ca.xml,1793449,f,,N,-1
us,2026-06-14 19:03:30.585+00,2026-06-14 19:03:30.586+00,cuba.xml,262316,f,,N,-1
au,2026-06-15 05:00:04.62+00,2026-06-02 22:00:00+00,au.xlsx,1324704,f,,N,-1
sdn,2026-06-15 05:00:39.484+00,2026-06-10 22:00:00+00,ofac_sdn.xml,28578223,f,,N,-1
ch,2026-06-15 05:01:48.154+00,2026-06-04 22:00:00+00,ch.xml,39726302,f,,N,-1
nsdn,2026-06-15 05:02:31.411+00,2026-01-07 23:00:00+00,ofac_non_sdn.xml,978210,f,,N,-1
aq,2026-06-15 05:02:35.927+00,2026-06-13 21:00:02.168+00,onu.xml,2171560,f,,N,-1
eu,2026-06-15 05:02:41.051+00,2026-06-04 22:00:00+00,euea.xml,24730335,f,,N,-1
uk,2026-06-15 05:03:06.85+00,2026-06-09 22:00:00+00,uk.xml,21214968,f,,N,-1
ca,2026-06-15 05:03:24.122+00,2026-06-15 05:03:28.555+00,ca.xml,1793449,f,,N,-1
us,2026-06-15 05:03:45.735+00,2026-06-15 05:03:45.736+00,cuba.xml,262316,f,,N,-1
au,2026-06-15 19:00:09.255+00,2026-06-02 22:00:00+00,au.xlsx,1324704,f,,N,-1
sdn,2026-06-15 19:00:36.36+00,2026-06-10 22:00:00+00,ofac_sdn.xml,28578223,f,,N,-1
ch,2026-06-15 19:01:31.042+00,2026-06-04 22:00:00+00,ch.xml,39726302,f,,N,-1
nsdn,2026-06-15 19:01:54.394+00,2026-01-07 23:00:00+00,ofac_non_sdn.xml,978210,f,,N,-1
aq,2026-06-15 19:01:58.256+00,2026-06-13 21:00:02.168+00,onu.xml,2171560,f,,N,-1
eu,2026-06-15 19:02:03.639+00,2026-06-04 22:00:00+00,euea.xml,24730335,f,,N,-1
uk,2026-06-15 19:02:26.919+00,2026-06-09 22:00:00+00,uk.xml,21214968,f,,N,-1
ca,2026-06-15 19:02:40.834+00,2026-06-15 19:02:45.296+00,ca.xml,1793449,f,,N,-1
us,2026-06-15 19:02:58.739+00,2026-06-15 19:02:58.739+00,cuba.xml,262316,f,,N,-1
au,2026-06-16 05:00:00.581+00,2026-06-02 22:00:00+00,au.xlsx,1324704,f,,N,-1
sdn,2026-06-16 05:00:28.37+00,2026-06-10 22:00:00+00,ofac_sdn.xml,28578223,f,,N,-1
ch,2026-06-16 05:01:23.707+00,2026-06-15 22:00:00+00,ch.xml,39827525,f,,N,-1
nsdn,2026-06-16 05:02:14.477+00,2026-01-07 23:00:00+00,ofac_non_sdn.xml,978210,f,,N,-1
aq,2026-06-16 05:02:18.441+00,2026-06-15 21:00:04.663+00,onu.xml,2171560,f,,N,-1
eu,2026-06-16 05:02:22.947+00,2026-06-04 22:00:00+00,euea.xml,24730335,f,,N,-1
uk,2026-06-16 05:02:44.979+00,2026-06-09 22:00:00+00,uk.xml,21214968,f,,N,-1
ca,2026-06-16 05:02:59.45+00,2026-06-16 05:03:03.781+00,ca.xml,1793449,f,,N,-1
us,2026-06-16 05:03:17.296+00,2026-06-16 05:03:17.297+00,cuba.xml,262316,f,,N,-1
au,2026-06-16 19:00:00.032+00,2026-06-02 22:00:00+00,au.xlsx,1324704,f,,N,-1
sdn,2026-06-16 19:00:31.847+00,2026-06-10 22:00:00+00,ofac_sdn.xml,28578223,f,,N,-1
ch,2026-06-16 19:01:28.021+00,2026-06-15 22:00:00+00,ch.xml,39828311,f,,N,-1
nsdn,2026-06-16 19:01:58.739+00,2026-01-07 23:00:00+00,ofac_non_sdn.xml,978210,f,,N,-1
aq,2026-06-16 19:02:03.286+00,2026-06-15 21:00:04.663+00,onu.xml,2171560,f,,N,-1
eu,2026-06-16 19:02:08.977+00,2026-06-04 22:00:00+00,euea.xml,24730335,f,,N,-1
uk,2026-06-16 19:02:29.898+00,2026-06-15 22:00:00+00,uk.xml,21494453,f,,N,-1
ca,2026-06-16 19:02:43.593+00,2026-06-16 19:02:48.223+00,ca.xml,1851199,f,,N,-1
us,2026-06-16 19:03:01.545+00,2026-06-16 19:03:01.545+00,cuba.xml,262316,f,,N,-1
au,2026-06-17 05:00:00.697+00,2026-06-02 22:00:00+00,au.xlsx,1324704,f,,N,-1
sdn,2026-06-17 05:00:28.477+00,2026-06-10 22:00:00+00,ofac_sdn.xml,28578223,f,,N,-1
ch,2026-06-17 05:01:23.198+00,2026-06-15 22:00:00+00,ch.xml,39828311,f,,N,-1
nsdn,2026-06-17 05:02:01.203+00,2026-01-07 23:00:00+00,ofac_non_sdn.xml,978210,f,,N,-1
aq,2026-06-17 05:02:05.724+00,2026-06-16 21:00:03.527+00,onu.xml,2171560,f,,N,-1
eu,2026-06-17 05:02:10.628+00,2026-06-04 22:00:00+00,euea.xml,24730335,f,,N,-1
uk,2026-06-17 05:02:33.084+00,2026-06-15 22:00:00+00,uk.xml,21494453,f,,N,-1
ca,2026-06-17 05:02:49.285+00,2026-06-17 05:02:53.809+00,ca.xml,1851199,f,,N,-1
us,2026-06-17 05:03:08.445+00,2026-06-17 05:03:08.445+00,cuba.xml,262316,f,,N,-1
au,2026-06-17 19:00:07.634+00,2026-06-02 22:00:00+00,au.xlsx,1324704,f,,N,-1
sdn,2026-06-17 19:00:36.673+00,2026-06-10 22:00:00+00,ofac_sdn.xml,28578223,f,,N,-1
ch,2026-06-17 19:01:36.548+00,2026-06-16 22:00:00+00,ch.xml,39878767,f,,N,-1
nsdn,2026-06-17 19:02:05.234+00,2026-01-07 23:00:00+00,ofac_non_sdn.xml,978210,f,,N,-1
aq,2026-06-17 19:02:09.146+00,2026-06-16 21:00:03.527+00,onu.xml,2171560,f,,N,-1
eu,2026-06-17 19:02:13.864+00,2026-06-04 22:00:00+00,euea.xml,24730335,f,,N,-1
uk,2026-06-17 19:02:36.586+00,2026-06-15 22:00:00+00,uk.xml,21494453,f,,N,-1
ca,2026-06-17 19:02:52.499+00,2026-06-17 19:02:56.898+00,ca.xml,1851199,f,,N,-1
us,2026-06-17 19:03:10.378+00,2026-06-17 19:03:10.379+00,cuba.xml,262316,f,,N,-1
au,2026-06-18 05:00:00.938+00,2026-06-02 22:00:00+00,au.xlsx,1324704,f,,N,-1
sdn,2026-06-18 05:00:30.191+00,2026-06-10 22:00:00+00,ofac_sdn.xml,28578223,f,,N,-1
ch,2026-06-18 05:01:27.055+00,2026-06-16 22:00:00+00,ch.xml,39878767,f,,N,-1
nsdn,2026-06-18 05:02:11.709+00,2026-01-07 23:00:00+00,ofac_non_sdn.xml,978210,f,,N,-1
aq,2026-06-18 05:02:15.632+00,2026-06-17 21:00:03.327+00,onu.xml,2171560,f,,N,-1
eu,2026-06-18 05:02:20.995+00,2026-06-04 22:00:00+00,euea.xml,24730335,f,,N,-1
uk,2026-06-18 05:02:44.621+00,2026-06-15 22:00:00+00,uk.xml,21494453,f,,N,-1
ca,2026-06-18 05:02:59.395+00,2026-06-18 05:03:04.061+00,ca.xml,1851199,f,,N,-1
us,2026-06-18 05:03:18.933+00,2026-06-18 05:03:18.933+00,cuba.xml,262316,f,,N,-1
au,2026-06-18 19:00:01.741+00,2026-06-02 22:00:00+00,au.xlsx,1324704,f,,N,-1
sdn,2026-06-18 19:00:29.834+00,2026-06-17 22:00:00+00,ofac_sdn.xml,28593147,f,,N,-1
ch,2026-06-18 19:01:32.989+00,2026-06-16 22:00:00+00,ch.xml,39878767,f,,N,-1
nsdn,2026-06-18 19:01:56.01+00,2026-01-07 23:00:00+00,ofac_non_sdn.xml,978210,f,,N,-1
aq,2026-06-18 19:02:01.749+00,2026-06-17 21:00:03.327+00,onu.xml,2171560,f,,N,-1
eu,2026-06-18 19:02:06.751+00,2026-06-04 22:00:00+00,euea.xml,24730335,f,,N,-1
uk,2026-06-18 19:02:29.403+00,2026-06-15 22:00:00+00,uk.xml,21494453,f,,N,-1
ca,2026-06-18 19:02:44.202+00,2026-06-18 19:02:48.591+00,ca.xml,1851199,f,,N,-1
us,2026-06-18 19:03:02.346+00,2026-06-18 19:03:02.347+00,cuba.xml,262316,f,,N,-1
au,2026-06-19 05:00:02.589+00,2026-06-02 22:00:00+00,au.xlsx,1324704,f,,N,-1
sdn,2026-06-19 05:00:29.286+00,2026-06-17 22:00:00+00,ofac_sdn.xml,28593147,f,,N,-1
ch,2026-06-19 05:01:25.945+00,2026-06-16 22:00:00+00,ch.xml,39878767,f,,N,-1
nsdn,2026-06-19 05:01:55.742+00,2026-01-07 23:00:00+00,ofac_non_sdn.xml,978210,f,,N,-1
aq,2026-06-19 05:01:59.704+00,2026-06-18 21:00:04.683+00,onu.xml,2171560,f,,N,-1
eu,2026-06-19 05:02:06.219+00,2026-06-04 22:00:00+00,euea.xml,24730335,f,,N,-1
uk,2026-06-19 05:02:30.072+00,2026-06-15 22:00:00+00,uk.xml,21494453,f,,N,-1
ca,2026-06-19 05:02:47.666+00,2026-06-19 05:02:52.131+00,ca.xml,1851199,f,,N,-1
us,2026-06-19 05:03:07.262+00,2026-06-19 05:03:07.263+00,cuba.xml,262316,f,,N,-1
au,2026-06-19 19:00:04.983+00,2026-06-02 22:00:00+00,au.xlsx,1324704,f,,N,-1
sdn,2026-06-19 19:00:31.881+00,2026-06-17 22:00:00+00,ofac_sdn.xml,28593147,f,,N,-1
ch,2026-06-19 19:01:28.459+00,2026-06-16 22:00:00+00,ch.xml,39878767,f,,N,-1
nsdn,2026-06-19 19:01:53.813+00,2026-01-07 23:00:00+00,ofac_non_sdn.xml,978210,f,,N,-1
aq,2026-06-19 19:01:57.382+00,2026-06-18 21:00:04.683+00,onu.xml,2171560,f,,N,-1
eu,2026-06-19 19:02:01.912+00,2026-06-04 22:00:00+00,euea.xml,24730335,f,,N,-1
uk,2026-06-19 19:02:23.141+00,2026-06-15 22:00:00+00,uk.xml,21494453,f,,N,-1
ca,2026-06-19 19:02:36.429+00,2026-06-19 19:02:40.909+00,ca.xml,1851199,f,,N,-1
us,2026-06-19 19:02:53.355+00,2026-06-19 19:02:53.355+00,cuba.xml,262316,f,,N,-1
au,2026-06-20 05:00:05.55+00,2026-06-02 22:00:00+00,au.xlsx,1324704,f,,N,-1
sdn,2026-06-20 05:00:33.633+00,2026-06-17 22:00:00+00,ofac_sdn.xml,28593147,f,,N,-1
ch,2026-06-20 05:01:28.643+00,2026-06-16 22:00:00+00,ch.xml,39878767,f,,N,-1
nsdn,2026-06-20 05:01:53.194+00,2026-01-07 23:00:00+00,ofac_non_sdn.xml,978210,f,,N,-1
aq,2026-06-20 05:01:57.005+00,2026-06-19 21:00:04.801+00,onu.xml,2171560,f,,N,-1
eu,2026-06-20 05:02:01.621+00,2026-06-04 22:00:00+00,euea.xml,24730335,f,,N,-1
uk,2026-06-20 05:02:24.727+00,2026-06-15 22:00:00+00,uk.xml,21494453,f,,N,-1
ca,2026-06-20 05:02:39.416+00,2026-06-20 05:02:43.877+00,ca.xml,1851199,f,,N,-1
us,2026-06-20 05:02:57.65+00,2026-06-20 05:02:57.651+00,cuba.xml,262316,f,,N,-1
au,2026-06-20 19:00:07.822+00,2026-06-02 22:00:00+00,au.xlsx,1324704,f,,N,-1
sdn,2026-06-20 19:00:33.96+00,2026-06-17 22:00:00+00,ofac_sdn.xml,28593147,f,,N,-1
ch,2026-06-20 19:01:27.24+00,2026-06-16 22:00:00+00,ch.xml,39878767,f,,N,-1
nsdn,2026-06-20 19:01:50.095+00,2026-01-07 23:00:00+00,ofac_non_sdn.xml,978210,f,,N,-1
aq,2026-06-20 19:01:53.934+00,2026-06-19 21:00:04.801+00,onu.xml,2171560,f,,N,-1
eu,2026-06-20 19:01:58.463+00,2026-06-04 22:00:00+00,euea.xml,24730335,f,,N,-1
uk,2026-06-20 19:02:20.39+00,2026-06-15 22:00:00+00,uk.xml,21494453,f,,N,-1
ca,2026-06-20 19:02:33.992+00,2026-06-20 19:02:38.495+00,ca.xml,1851199,f,,N,-1
us,2026-06-20 19:02:52.412+00,2026-06-20 19:02:52.412+00,cuba.xml,262316,f,,N,-1
au,2026-06-21 05:00:08.888+00,2026-06-02 22:00:00+00,au.xlsx,1324704,f,,N,-1
sdn,2026-06-21 05:00:36.864+00,2026-06-17 22:00:00+00,ofac_sdn.xml,28593147,f,,N,-1
ch,2026-06-21 05:01:38.294+00,2026-06-16 22:00:00+00,ch.xml,39878767,f,,N,-1
nsdn,2026-06-21 05:02:13.987+00,2026-01-07 23:00:00+00,ofac_non_sdn.xml,978210,f,,N,-1
aq,2026-06-21 05:02:18.241+00,2026-06-20 21:00:05.607+00,onu.xml,2171560,f,,N,-1
eu,2026-06-21 05:02:22.911+00,2026-06-04 22:00:00+00,euea.xml,24730335,f,,N,-1
uk,2026-06-21 05:02:45.766+00,2026-06-15 22:00:00+00,uk.xml,21494453,f,,N,-1
ca,2026-06-21 05:03:01.474+00,2026-06-21 05:03:05.826+00,ca.xml,1851199,f,,N,-1
us,2026-06-21 05:03:21.485+00,2026-06-21 05:03:21.485+00,cuba.xml,262316,f,,N,-1
au,2026-06-21 19:00:03.8+00,2026-06-02 22:00:00+00,au.xlsx,1324704,f,,N,-1
sdn,2026-06-21 19:00:31.901+00,2026-06-17 22:00:00+00,ofac_sdn.xml,28593147,f,,N,-1
ch,2026-06-21 19:01:33.121+00,2026-06-16 22:00:00+00,ch.xml,39878767,f,,N,-1
nsdn,2026-06-21 19:01:58.167+00,2026-01-07 23:00:00+00,ofac_non_sdn.xml,978210,f,,N,-1
aq,2026-06-21 19:02:02.261+00,2026-06-20 21:00:05.607+00,onu.xml,2171560,f,,N,-1
eu,2026-06-21 19:02:07.57+00,2026-06-04 22:00:00+00,euea.xml,24730335,f,,N,-1
uk,2026-06-21 19:02:36.71+00,2026-06-15 22:00:00+00,uk.xml,21494453,f,,N,-1
ca,2026-06-21 19:02:51.127+00,2026-06-21 19:02:55.465+00,ca.xml,1851199,f,,N,-1
us,2026-06-21 19:03:11.396+00,2026-06-21 19:03:11.396+00,cuba.xml,262316,f,,N,-1
au,2026-06-22 05:00:04.474+00,2026-06-02 22:00:00+00,au.xlsx,1324704,f,,N,-1
sdn,2026-06-22 05:00:39.035+00,2026-06-17 22:00:00+00,ofac_sdn.xml,28593147,f,,N,-1
ch,2026-06-22 05:01:39.131+00,2026-06-16 22:00:00+00,ch.xml,39878767,f,,N,-1
nsdn,2026-06-22 05:02:14.014+00,2026-01-07 23:00:00+00,ofac_non_sdn.xml,978210,f,,N,-1
aq,2026-06-22 05:02:18.41+00,2026-06-20 21:00:05.607+00,onu.xml,2171560,f,,N,-1
eu,2026-06-22 05:02:22.977+00,2026-06-04 22:00:00+00,euea.xml,24730335,f,,N,-1
uk,2026-06-22 05:02:46.148+00,2026-06-15 22:00:00+00,uk.xml,21494453,f,,N,-1
ca,2026-06-22 05:03:01.63+00,2026-06-22 05:03:06.016+00,ca.xml,1851199,f,,N,-1
us,2026-06-22 05:03:21.136+00,2026-06-22 05:03:21.137+00,cuba.xml,262316,f,,N,-1
au,2026-06-22 19:00:03.948+00,2026-06-02 22:00:00+00,au.xlsx,1324704,f,,N,-1
sdn,2026-06-22 19:00:28.089+00,2026-06-21 22:00:00+00,ofac_sdn.xml,28611068,f,,N,-1
ch,2026-06-22 19:01:23.217+00,2026-06-16 22:00:00+00,ch.xml,39878767,f,,N,-1
nsdn,2026-06-22 19:01:43.19+00,2026-01-07 23:00:00+00,ofac_non_sdn.xml,978210,f,,N,-1
aq,2026-06-22 19:01:47.002+00,2026-06-20 21:00:05.607+00,onu.xml,2171560,f,,N,-1
eu,2026-06-22 19:01:51.355+00,2026-06-04 22:00:00+00,euea.xml,24730335,f,,N,-1
uk,2026-06-22 19:02:11.707+00,2026-06-15 22:00:00+00,uk.xml,21494453,f,,N,-1
ca,2026-06-22 19:02:24.226+00,2026-06-22 19:02:28.903+00,ca.xml,1851199,f,,N,-1
us,2026-06-22 19:02:40.778+00,2026-06-22 19:02:40.778+00,cuba.xml,262316,f,,N,-1
au,2026-06-23 05:00:01.069+00,2026-06-02 22:00:00+00,au.xlsx,1324704,f,,N,-1
sdn,2026-06-23 05:00:25.866+00,2026-06-21 22:00:00+00,ofac_sdn.xml,28611068,f,,N,-1
ch,2026-06-23 05:01:15.539+00,2026-06-16 22:00:00+00,ch.xml,39878767,f,,N,-1
nsdn,2026-06-23 05:02:02.186+00,2026-01-07 23:00:00+00,ofac_non_sdn.xml,978210,f,,N,-1
aq,2026-06-23 05:02:05.844+00,2026-06-22 21:00:05.934+00,onu.xml,2171560,f,,N,-1
eu,2026-06-23 05:02:10.668+00,2026-06-04 22:00:00+00,euea.xml,24730335,f,,N,-1
uk,2026-06-23 05:02:32.032+00,2026-06-15 22:00:00+00,uk.xml,21494453,f,,N,-1
ca,2026-06-23 05:02:44.822+00,2026-06-23 05:02:49.391+00,ca.xml,1851199,f,,N,-1
us,2026-06-23 05:03:02.491+00,2026-06-23 05:03:02.491+00,cuba.xml,262316,f,,N,-1
au,2026-06-23 19:00:09.249+00,2026-06-02 22:00:00+00,au.xlsx,1324704,f,,N,-1
sdn,2026-06-23 19:00:36.765+00,2026-06-22 22:00:00+00,ofac_sdn.xml,28656588,f,,N,-1
ch,2026-06-23 19:01:35.919+00,2026-06-16 22:00:00+00,ch.xml,39878767,f,,N,-1
nsdn,2026-06-23 19:01:58.203+00,2026-01-07 23:00:00+00,ofac_non_sdn.xml,978210,f,,N,-1
aq,2026-06-23 19:02:02.537+00,2026-06-22 21:00:05.934+00,onu.xml,2171560,f,,N,-1
eu,2026-06-23 19:02:07.133+00,2026-06-04 22:00:00+00,euea.xml,24730335,f,,N,-1
uk,2026-06-23 19:02:28.278+00,2026-06-15 22:00:00+00,uk.xml,21494453,f,,N,-1
ca,2026-06-23 19:02:41.875+00,2026-06-23 19:02:46.429+00,ca.xml,1851199,f,,N,-1
us,2026-06-23 19:02:58.625+00,2026-06-23 19:02:58.626+00,cuba.xml,262316,f,,N,-1
au,2026-06-24 05:00:00.596+00,2026-06-02 22:00:00+00,au.xlsx,1324704,f,,N,-1
sdn,2026-06-24 05:00:25.263+00,2026-06-22 22:00:00+00,ofac_sdn.xml,28656588,f,,N,-1
ch,2026-06-24 05:01:13.877+00,2026-06-16 22:00:00+00,ch.xml,39878767,f,,N,-1
nsdn,2026-06-24 05:01:49.01+00,2026-01-07 23:00:00+00,ofac_non_sdn.xml,978210,f,,N,-1
aq,2026-06-24 05:01:52.667+00,2026-06-23 21:00:06.337+00,onu.xml,2171560,f,,N,-1
eu,2026-06-24 05:01:57.078+00,2026-06-04 22:00:00+00,euea.xml,24730335,f,,N,-1
uk,2026-06-24 05:02:19.536+00,2026-06-15 22:00:00+00,uk.xml,21494453,f,,N,-1
ca,2026-06-24 05:02:31.898+00,2026-06-24 05:02:36.36+00,ca.xml,1851199,f,,N,-1
us,2026-06-24 05:02:48.765+00,2026-06-24 05:02:48.767+00,cuba.xml,262316,f,,N,-1
au,2026-06-24 19:00:05.664+00,2026-06-02 22:00:00+00,au.xlsx,1324704,f,,N,-1
sdn,2026-06-24 19:00:31.499+00,2026-06-23 22:00:00+00,ofac_sdn.xml,28640348,f,,N,-1
ch,2026-06-24 19:01:31.118+00,2026-06-16 22:00:00+00,ch.xml,39878767,f,,N,-1
nsdn,2026-06-24 19:01:52.396+00,2026-01-07 23:00:00+00,ofac_non_sdn.xml,978210,f,,N,-1
aq,2026-06-24 19:01:56.378+00,2026-06-23 21:00:06.337+00,onu.xml,2171560,f,,N,-1
eu,2026-06-24 19:02:00.762+00,2026-06-04 22:00:00+00,euea.xml,24730335,f,,N,-1
uk,2026-06-24 19:02:23.562+00,2026-06-23 22:00:00+00,uk.xml,21494438,f,,N,-1
ca,2026-06-24 19:02:37.498+00,2026-06-24 19:02:41.947+00,ca.xml,1851199,f,,N,-1
us,2026-06-24 19:02:54.965+00,2026-06-24 19:02:54.965+00,cuba.xml,262316,f,,N,-1
au,2026-06-25 05:00:09.853+00,2026-06-02 22:00:00+00,au.xlsx,1324704,f,,N,-1
sdn,2026-06-25 05:00:34.199+00,2026-06-23 22:00:00+00,ofac_sdn.xml,28640348,f,,N,-1
ch,2026-06-25 05:01:28.847+00,2026-06-16 22:00:00+00,ch.xml,39878767,f,,N,-1
nsdn,2026-06-25 05:01:51.784+00,2026-01-07 23:00:00+00,ofac_non_sdn.xml,978210,f,,N,-1
aq,2026-06-25 05:01:55.436+00,2026-06-24 21:00:06.642+00,onu.xml,2171560,f,,N,-1
eu,2026-06-25 05:02:00.979+00,2026-06-04 22:00:00+00,euea.xml,24730335,f,,N,-1
uk,2026-06-25 05:02:24.226+00,2026-06-23 22:00:00+00,uk.xml,21494438,f,,N,-1
ca,2026-06-25 05:02:38.019+00,2026-06-25 05:02:42.603+00,ca.xml,1851199,f,,N,-1
us,2026-06-25 05:02:56.576+00,2026-06-25 05:02:56.576+00,cuba.xml,262316,f,,N,-1
au,2026-06-25 19:00:06.653+00,2026-06-02 22:00:00+00,au.xlsx,1324704,f,,N,-1
sdn,2026-06-25 19:00:32.972+00,2026-06-24 22:00:00+00,ofac_sdn.xml,28648221,f,,N,-1
ch,2026-06-25 19:01:31.637+00,2026-06-16 22:00:00+00,ch.xml,39878767,f,,N,-1
nsdn,2026-06-25 19:01:52.85+00,2026-01-07 23:00:00+00,ofac_non_sdn.xml,978210,f,,N,-1
aq,2026-06-25 19:01:56.566+00,2026-06-24 21:00:06.642+00,onu.xml,2171560,f,,N,-1
eu,2026-06-25 19:02:00.871+00,2026-06-04 22:00:00+00,euea.xml,24730335,f,,N,-1
uk,2026-06-25 19:02:23.817+00,2026-06-23 22:00:00+00,uk.xml,21494438,f,,N,-1
ca,2026-06-25 19:02:36.468+00,2026-06-25 19:02:41.005+00,ca.xml,1851227,f,,N,-1
us,2026-06-25 19:02:53.626+00,2026-06-25 19:02:53.627+00,cuba.xml,262316,f,,N,-1
au,2026-06-26 05:00:07.636+00,2026-06-02 22:00:00+00,au.xlsx,1324704,f,,N,-1
sdn,2026-06-26 05:00:32.666+00,2026-06-24 22:00:00+00,ofac_sdn.xml,28648221,f,,N,-1
ch,2026-06-26 05:01:26.606+00,2026-06-16 22:00:00+00,ch.xml,39878767,f,,N,-1
nsdn,2026-06-26 05:01:56.111+00,2026-01-07 23:00:00+00,ofac_non_sdn.xml,978210,f,,N,-1
aq,2026-06-26 05:02:00.271+00,2026-06-25 21:00:05.687+00,onu.xml,2171560,f,,N,-1
eu,2026-06-26 05:02:06.055+00,2026-06-04 22:00:00+00,euea.xml,24730335,f,,N,-1
uk,2026-06-26 05:02:31.871+00,2026-06-23 22:00:00+00,uk.xml,21494438,f,,N,-1
ca,2026-06-26 05:02:45.966+00,2026-06-26 05:02:50.346+00,ca.xml,1851227,f,,N,-1
us,2026-06-26 05:03:05.042+00,2026-06-26 05:03:05.042+00,cuba.xml,262316,f,,N,-1
au,2026-06-26 19:00:03.762+00,2026-06-02 22:00:00+00,au.xlsx,1324704,f,,N,-1
sdn,2026-06-26 19:00:29.766+00,2026-06-25 22:00:00+00,ofac_sdn.xml,28659315,f,,N,-1
ch,2026-06-26 19:01:23.119+00,2026-06-16 22:00:00+00,ch.xml,39878767,f,,N,-1
nsdn,2026-06-26 19:01:53.901+00,2026-01-07 23:00:00+00,ofac_non_sdn.xml,978210,f,,N,-1
aq,2026-06-26 19:01:57.472+00,2026-06-25 21:00:05.687+00,onu.xml,2171560,f,,N,-1
eu,2026-06-26 19:02:02.251+00,2026-06-04 22:00:00+00,euea.xml,24730335,f,,N,-1
uk,2026-06-26 19:02:21.723+00,2026-06-25 22:00:00+00,uk.xml,21491248,f,,N,-1
ca,2026-06-26 19:02:33.841+00,2026-06-26 19:02:38.418+00,ca.xml,1851227,f,,N,-1
us,2026-06-26 19:02:51.492+00,2026-06-26 19:02:51.492+00,cuba.xml,262316,f,,N,-1
au,2026-06-27 05:00:06.174+00,2026-06-02 22:00:00+00,au.xlsx,1324704,f,,N,-1
sdn,2026-06-27 05:00:29.163+00,2026-06-25 22:00:00+00,ofac_sdn.xml,28659315,f,,N,-1
ch,2026-06-27 05:01:20.209+00,2026-06-16 22:00:00+00,ch.xml,39878767,f,,N,-1
nsdn,2026-06-27 05:01:43.273+00,2026-01-07 23:00:00+00,ofac_non_sdn.xml,978210,f,,N,-1
aq,2026-06-27 05:01:46.978+00,2026-06-26 21:00:03.186+00,onu.xml,2171560,f,,N,-1
eu,2026-06-27 05:01:51.199+00,2026-06-04 22:00:00+00,euea.xml,24730335,f,,N,-1
uk,2026-06-27 05:02:13.124+00,2026-06-25 22:00:00+00,uk.xml,21491248,f,,N,-1
ca,2026-06-27 05:02:26.648+00,2026-06-27 05:02:31.307+00,ca.xml,1851227,f,,N,-1
us,2026-06-27 05:02:44.405+00,2026-06-27 05:02:44.405+00,cuba.xml,262316,f,,N,-1
au,2026-06-27 19:00:07.801+00,2026-06-02 22:00:00+00,au.xlsx,1324704,f,,N,-1
sdn,2026-06-27 19:00:31.52+00,2026-06-25 22:00:00+00,ofac_sdn.xml,28659315,f,,N,-1
ch,2026-06-27 19:01:21.035+00,2026-06-16 22:00:00+00,ch.xml,39878767,f,,N,-1
nsdn,2026-06-27 19:01:41.409+00,2026-01-07 23:00:00+00,ofac_non_sdn.xml,978210,f,,N,-1
aq,2026-06-27 19:01:44.868+00,2026-06-26 21:00:03.186+00,onu.xml,2171560,f,,N,-1
eu,2026-06-27 19:01:49.184+00,2026-06-04 22:00:00+00,euea.xml,24730335,f,,N,-1
uk,2026-06-27 19:02:09.067+00,2026-06-25 22:00:00+00,uk.xml,21491248,f,,N,-1
ca,2026-06-27 19:02:22.711+00,2026-06-27 19:02:27.266+00,ca.xml,1851227,f,,N,-1
us,2026-06-27 19:02:40.067+00,2026-06-27 19:02:40.068+00,cuba.xml,262316,f,,N,-1
au,2026-06-28 05:00:05.242+00,2026-06-02 22:00:00+00,au.xlsx,1324704,f,,N,-1
sdn,2026-06-28 05:00:30.494+00,2026-06-25 22:00:00+00,ofac_sdn.xml,28659315,f,,N,-1
ch,2026-06-28 05:01:21.177+00,2026-06-16 22:00:00+00,ch.xml,39878767,f,,N,-1
nsdn,2026-06-28 05:01:45.982+00,2026-01-07 23:00:00+00,ofac_non_sdn.xml,978210,f,,N,-1
aq,2026-06-28 05:01:49.612+00,2026-06-27 21:00:05.425+00,onu.xml,2171560,f,,N,-1
eu,2026-06-28 05:01:55.517+00,2026-06-04 22:00:00+00,euea.xml,24730335,f,,N,-1
uk,2026-06-28 05:02:19.303+00,2026-06-25 22:00:00+00,uk.xml,21491248,f,,N,-1
ca,2026-06-28 05:02:32.988+00,2026-06-28 05:02:37.492+00,ca.xml,1851227,f,,N,-1
us,2026-06-28 05:02:50.038+00,2026-06-28 05:02:50.038+00,cuba.xml,262316,f,,N,-1
au,2026-06-28 19:00:06.643+00,2026-06-02 22:00:00+00,au.xlsx,1324704,f,,N,-1
sdn,2026-06-28 19:00:30.636+00,2026-06-25 22:00:00+00,ofac_sdn.xml,28659315,f,,N,-1
ch,2026-06-28 19:01:20.522+00,2026-06-16 22:00:00+00,ch.xml,39878767,f,,N,-1
nsdn,2026-06-28 19:01:40.038+00,2026-01-07 23:00:00+00,ofac_non_sdn.xml,978210,f,,N,-1
aq,2026-06-28 19:01:43.706+00,2026-06-27 21:00:05.425+00,onu.xml,2171560,f,,N,-1
eu,2026-06-28 19:01:47.965+00,2026-06-04 22:00:00+00,euea.xml,24730335,f,,N,-1
uk,2026-06-28 19:02:09.068+00,2026-06-25 22:00:00+00,uk.xml,21491248,f,,N,-1
ca,2026-06-28 19:02:23.337+00,2026-06-28 19:02:27.859+00,ca.xml,1851227,f,,N,-1
us,2026-06-28 19:02:40.001+00,2026-06-28 19:02:40.001+00,cuba.xml,262316,f,,N,-1
au,2026-06-29 05:00:04.173+00,2026-06-02 22:00:00+00,au.xlsx,1324704,f,,N,-1
sdn,2026-06-29 05:00:27.578+00,2026-06-25 22:00:00+00,ofac_sdn.xml,28659315,f,,N,-1
ch,2026-06-29 05:01:21.101+00,2026-06-16 22:00:00+00,ch.xml,39878767,f,,N,-1
nsdn,2026-06-29 05:01:46.241+00,2026-01-07 23:00:00+00,ofac_non_sdn.xml,978210,f,,N,-1
aq,2026-06-29 05:01:49.863+00,2026-06-27 21:00:05.425+00,onu.xml,2171560,f,,N,-1
eu,2026-06-29 05:01:54.426+00,2026-06-04 22:00:00+00,euea.xml,24730335,f,,N,-1
uk,2026-06-29 05:02:21.071+00,2026-06-25 22:00:00+00,uk.xml,21491248,f,,N,-1
ca,2026-06-29 05:02:35.03+00,2026-06-29 05:02:39.748+00,ca.xml,1851227,f,,N,-1
us,2026-06-29 05:02:54.713+00,2026-06-29 05:02:54.714+00,cuba.xml,262316,f,,N,-1
au,2026-06-29 19:00:08.442+00,2026-06-02 22:00:00+00,au.xlsx,1324704,f,,N,-1
sdn,2026-06-29 19:00:34.115+00,2026-06-28 22:00:00+00,ofac_sdn.xml,28649540,f,,N,-1
ch,2026-06-29 19:01:28.903+00,2026-06-16 22:00:00+00,ch.xml,39878767,f,,N,-1
nsdn,2026-06-29 19:01:49.251+00,2026-01-07 23:00:00+00,ofac_non_sdn.xml,978210,f,,N,-1
aq,2026-06-29 19:01:54.124+00,2026-06-27 21:00:05.425+00,onu.xml,2171560,f,,N,-1
eu,2026-06-29 19:01:58.847+00,2026-06-04 22:00:00+00,euea.xml,24730335,f,,N,-1
uk,2026-06-29 19:02:21.927+00,2026-06-25 22:00:00+00,uk.xml,21491248,f,,N,-1
ca,2026-06-29 19:02:35.579+00,2026-06-29 19:02:40.294+00,ca.xml,1851227,f,,N,-1
us,2026-06-29 19:02:54.237+00,2026-06-29 19:02:54.238+00,cuba.xml,262316,f,,N,-1
au,2026-06-30 05:00:03.962+00,2026-06-02 22:00:00+00,au.xlsx,1324704,f,,N,-1
sdn,2026-06-30 05:00:26.298+00,2026-06-28 22:00:00+00,ofac_sdn.xml,28649540,f,,N,-1
ch,2026-06-30 05:01:15.747+00,2026-06-16 22:00:00+00,ch.xml,39878767,f,,N,-1
nsdn,2026-06-30 05:01:48.789+00,2026-01-07 23:00:00+00,ofac_non_sdn.xml,978210,f,,N,-1
aq,2026-06-30 05:01:54.21+00,2026-06-29 21:00:05.331+00,onu.xml,2171560,f,,N,-1
eu,2026-06-30 05:01:58.679+00,2026-06-04 22:00:00+00,euea.xml,24730335,f,,N,-1
uk,2026-06-30 05:02:20.375+00,2026-06-25 22:00:00+00,uk.xml,21491248,f,,N,-1
ca,2026-06-30 05:02:33.327+00,2026-06-30 05:02:37.922+00,ca.xml,1851227,f,,N,-1
us,2026-06-30 05:02:50.382+00,2026-06-30 05:02:50.383+00,cuba.xml,262316,f,,N,-1
au,2026-06-30 19:00:04.574+00,2026-06-02 22:00:00+00,au.xlsx,1324704,f,,N,-1
sdn,2026-06-30 19:00:33.18+00,2026-06-29 22:00:00+00,ofac_sdn.xml,28659594,f,,N,-1
ch,2026-06-30 19:01:28.745+00,2026-06-16 22:00:00+00,ch.xml,39878767,f,,N,-1
nsdn,2026-06-30 19:02:18.932+00,2026-01-07 23:00:00+00,ofac_non_sdn.xml,978210,f,,N,-1
aq,2026-06-30 19:02:22.996+00,2026-06-29 21:00:05.331+00,onu.xml,2171560,f,,N,-1
eu,2026-06-30 19:02:27.789+00,2026-06-04 22:00:00+00,euea.xml,24730335,f,,N,-1
uk,2026-06-30 19:02:48.101+00,2026-06-25 22:00:00+00,uk.xml,21491248,f,,N,-1
ca,2026-06-30 19:03:01.68+00,2026-06-30 19:03:06.383+00,ca.xml,1851227,f,,N,-1
us,2026-06-30 19:03:18.638+00,2026-06-30 19:03:18.639+00,cuba.xml,262316,f,,N,-1
au,2026-07-01 05:00:08.742+00,2026-06-02 22:00:00+00,au.xlsx,1324704,f,,N,-1
sdn,2026-07-01 05:00:30.655+00,2026-06-29 22:00:00+00,ofac_sdn.xml,28659594,f,,N,-1
ch,2026-07-01 05:01:19.418+00,2026-06-16 22:00:00+00,ch.xml,39878767,f,,N,-1
nsdn,2026-07-01 05:02:00.494+00,2026-01-07 23:00:00+00,ofac_non_sdn.xml,978210,f,,N,-1
aq,2026-07-01 05:02:04.603+00,2026-06-30 21:00:06.368+00,onu.xml,2171560,f,,N,-1
eu,2026-07-01 05:02:09.337+00,2026-06-04 22:00:00+00,euea.xml,24730335,f,,N,-1
uk,2026-07-01 05:02:28.977+00,2026-06-25 22:00:00+00,uk.xml,21491248,f,,N,-1
ca,2026-07-01 05:02:42.722+00,2026-07-01 05:02:47.234+00,ca.xml,1851227,f,,N,-1
us,2026-07-01 05:03:00.431+00,2026-07-01 05:03:00.432+00,cuba.xml,262316,f,,N,-1
au,2026-07-01 19:00:07.738+00,2026-06-02 22:00:00+00,au.xlsx,1324704,f,,N,-1
sdn,2026-07-01 19:00:35.594+00,2026-06-30 22:00:00+00,ofac_sdn.xml,28693057,f,,N,-1
ch,2026-07-01 19:01:36.243+00,2026-06-16 22:00:00+00,ch.xml,39878767,f,,N,-1
nsdn,2026-07-01 19:01:56.077+00,2026-01-07 23:00:00+00,ofac_non_sdn.xml,978210,f,,N,-1
aq,2026-07-01 19:01:59.966+00,2026-06-30 21:00:06.368+00,onu.xml,2171560,f,,N,-1
eu,2026-07-01 19:02:05.278+00,2026-06-04 22:00:00+00,euea.xml,24730335,f,,N,-1
uk,2026-07-01 19:02:25.104+00,2026-06-25 22:00:00+00,uk.xml,21491248,f,,N,-1
ca,2026-07-01 19:02:38.373+00,2026-07-01 19:02:44.407+00,ca.xml,1851227,f,,N,-1
us,2026-07-01 19:02:57.072+00,2026-07-01 19:02:57.073+00,cuba.xml,262316,f,,N,-1
au,2026-07-02 05:00:09.053+00,2026-06-02 22:00:00+00,au.xlsx,1324704,f,,N,-1
sdn,2026-07-02 05:00:32.93+00,2026-06-30 22:00:00+00,ofac_sdn.xml,28693057,f,,N,-1
ch,2026-07-02 05:01:22.671+00,2026-06-16 22:00:00+00,ch.xml,39878767,f,,N,-1
nsdn,2026-07-02 05:01:57.743+00,2026-01-07 23:00:00+00,ofac_non_sdn.xml,978210,f,,N,-1
aq,2026-07-02 05:02:01.464+00,2026-07-01 21:00:02.275+00,onu.xml,2171560,f,,N,-1
eu,2026-07-02 05:02:06.575+00,2026-06-04 22:00:00+00,euea.xml,24730335,f,,N,-1
uk,2026-07-02 05:02:27.885+00,2026-06-25 22:00:00+00,uk.xml,21491248,f,,N,-1
ca,2026-07-02 05:02:40.812+00,2026-07-02 05:02:45.24+00,ca.xml,1851227,f,,N,-1
us,2026-07-02 05:02:58.219+00,2026-07-02 05:02:58.22+00,cuba.xml,262316,f,,N,-1
au,2026-07-02 19:00:01.219+00,2026-06-02 22:00:00+00,au.xlsx,1324704,f,,N,-1
sdn,2026-07-02 19:00:35.797+00,2026-06-30 22:00:00+00,ofac_sdn.xml,28693057,f,,N,-1
ch,2026-07-02 19:01:35.433+00,2026-06-16 22:00:00+00,ch.xml,39878767,f,,N,-1
nsdn,2026-07-02 19:01:58.728+00,2026-01-07 23:00:00+00,ofac_non_sdn.xml,978210,f,,N,-1
aq,2026-07-02 19:02:03.248+00,2026-07-01 21:00:02.275+00,onu.xml,2171560,f,,N,-1
eu,2026-07-02 19:02:09.597+00,2026-06-04 22:00:00+00,euea.xml,24730335,f,,N,-1
uk,2026-07-02 19:02:33.89+00,2026-06-25 22:00:00+00,uk.xml,21491248,f,,N,-1
ca,2026-07-02 19:02:49.979+00,2026-07-02 19:02:55.86+00,ca.xml,1851227,f,,N,-1
us,2026-07-02 19:03:09.682+00,2026-07-02 19:03:09.702+00,cuba.xml,262316,f,,N,-1
au,2026-07-03 05:00:03.462+00,2026-06-02 22:00:00+00,au.xlsx,1324704,f,,N,-1
sdn,2026-07-03 05:00:31.779+00,2026-06-30 22:00:00+00,ofac_sdn.xml,28693057,f,,N,-1
ch,2026-07-03 05:01:36.939+00,2026-06-16 22:00:00+00,ch.xml,39878767,f,,N,-1
nsdn,2026-07-03 05:02:22.021+00,2026-01-07 23:00:00+00,ofac_non_sdn.xml,978210,f,,N,-1
aq,2026-07-03 05:02:26.184+00,2026-07-02 21:00:02.007+00,onu.xml,2171560,f,,N,-1
eu,2026-07-03 05:02:31.314+00,2026-06-04 22:00:00+00,euea.xml,24730335,f,,N,-1
uk,2026-07-03 05:02:54.234+00,2026-06-25 22:00:00+00,uk.xml,21491248,f,,N,-1
ca,2026-07-03 05:03:08.427+00,2026-07-03 05:03:12.915+00,ca.xml,1851227,f,,N,-1
us,2026-07-03 05:03:25.578+00,2026-07-03 05:03:25.579+00,cuba.xml,262316,f,,N,-1
au,2026-07-03 19:00:02.617+00,2026-06-02 22:00:00+00,au.xlsx,1324704,f,,N,-1
sdn,2026-07-03 19:00:32.347+00,2026-06-30 22:00:00+00,ofac_sdn.xml,28693057,f,,N,-1
ch,2026-07-03 19:01:22.139+00,2026-06-16 22:00:00+00,ch.xml,39878767,f,,N,-1
nsdn,2026-07-03 19:01:42.37+00,2026-01-07 23:00:00+00,ofac_non_sdn.xml,978210,f,,N,-1
aq,2026-07-03 19:01:46.344+00,2026-07-02 21:00:02.007+00,onu.xml,2171560,f,,N,-1
eu,2026-07-03 19:01:50.497+00,2026-06-04 22:00:00+00,euea.xml,24730335,f,,N,-1
uk,2026-07-03 19:02:10.648+00,2026-06-25 22:00:00+00,uk.xml,21491248,f,,N,-1
ca,2026-07-03 19:02:23.679+00,2026-07-03 19:02:28.34+00,ca.xml,1851227,f,,N,-1
us,2026-07-03 19:02:40.277+00,2026-07-03 19:02:40.277+00,cuba.xml,262316,f,,N,-1
au,2026-07-04 05:00:05.74+00,2026-06-02 22:00:00+00,au.xlsx,1324704,f,,N,-1
sdn,2026-07-04 05:00:30.238+00,2026-06-30 22:00:00+00,ofac_sdn.xml,28693057,f,,N,-1
ch,2026-07-04 05:01:20.193+00,2026-06-16 22:00:00+00,ch.xml,39878767,f,,N,-1
nsdn,2026-07-04 05:01:55.643+00,2026-01-07 23:00:00+00,ofac_non_sdn.xml,978210,f,,N,-1
aq,2026-07-04 05:01:59.152+00,2026-07-03 21:00:04.445+00,onu.xml,2171560,f,,N,-1
eu,2026-07-04 05:02:04.182+00,2026-06-04 22:00:00+00,euea.xml,24730335,f,,N,-1
uk,2026-07-04 05:02:25.739+00,2026-06-25 22:00:00+00,uk.xml,21491248,f,,N,-1
ca,2026-07-04 05:02:41.165+00,2026-07-04 05:02:45.641+00,ca.xml,1851227,f,,N,-1
us,2026-07-04 05:02:59.813+00,2026-07-04 05:02:59.814+00,cuba.xml,262316,f,,N,-1
au,2026-07-04 19:00:08.058+00,2026-06-02 22:00:00+00,au.xlsx,1324704,f,,N,-1
sdn,2026-07-04 19:00:36.857+00,2026-06-30 22:00:00+00,ofac_sdn.xml,28693057,f,,N,-1
ch,2026-07-04 19:01:28.638+00,2026-06-16 22:00:00+00,ch.xml,39878767,f,,N,-1
nsdn,2026-07-04 19:01:50.523+00,2026-01-07 23:00:00+00,ofac_non_sdn.xml,978210,f,,N,-1
aq,2026-07-04 19:01:54.238+00,2026-07-03 21:00:04.445+00,onu.xml,2171560,f,,N,-1
eu,2026-07-04 19:01:58.858+00,2026-06-04 22:00:00+00,euea.xml,24730335,f,,N,-1
uk,2026-07-04 19:02:22.071+00,2026-06-25 22:00:00+00,uk.xml,21491248,f,,N,-1
ca,2026-07-04 19:02:35.873+00,2026-07-04 19:02:40.472+00,ca.xml,1851227,f,,N,-1
us,2026-07-04 19:02:53.389+00,2026-07-04 19:02:53.39+00,cuba.xml,262316,f,,N,-1
au,2026-07-05 05:00:04.296+00,2026-06-02 22:00:00+00,au.xlsx,1324704,f,,N,-1
sdn,2026-07-05 05:00:30.091+00,2026-06-30 22:00:00+00,ofac_sdn.xml,28693057,f,,N,-1
ch,2026-07-05 05:01:22.915+00,2026-06-16 22:00:00+00,ch.xml,39878767,f,,N,-1
nsdn,2026-07-05 05:01:45.48+00,2026-01-07 23:00:00+00,ofac_non_sdn.xml,978210,f,,N,-1
aq,2026-07-05 05:01:49.177+00,2026-07-04 21:00:06.467+00,onu.xml,2171560,f,,N,-1
eu,2026-07-05 05:01:53.624+00,2026-06-04 22:00:00+00,euea.xml,24730335,f,,N,-1
uk,2026-07-05 05:02:19.13+00,2026-06-25 22:00:00+00,uk.xml,21491248,f,,N,-1
ca,2026-07-05 05:02:34.1+00,2026-07-05 05:02:38.56+00,ca.xml,1851227,f,,N,-1
us,2026-07-05 05:02:53.382+00,2026-07-05 05:02:53.382+00,cuba.xml,262316,f,,N,-1
au,2026-07-05 19:00:05.847+00,2026-06-02 22:00:00+00,au.xlsx,1324704,f,,N,-1
sdn,2026-07-05 19:00:28.973+00,2026-06-30 22:00:00+00,ofac_sdn.xml,28693057,f,,N,-1
ch,2026-07-05 19:01:18.554+00,2026-06-16 22:00:00+00,ch.xml,39878767,f,,N,-1
nsdn,2026-07-05 19:01:38.528+00,2026-01-07 23:00:00+00,ofac_non_sdn.xml,978210,f,,N,-1
aq,2026-07-05 19:01:42.359+00,2026-07-04 21:00:06.467+00,onu.xml,2171560,f,,N,-1
eu,2026-07-05 19:01:48.097+00,2026-06-04 22:00:00+00,euea.xml,24730335,f,,N,-1
uk,2026-07-05 19:02:09.227+00,2026-06-25 22:00:00+00,uk.xml,21491248,f,,N,-1
ca,2026-07-05 19:02:21.295+00,2026-07-05 19:02:25.813+00,ca.xml,1851227,f,,N,-1
us,2026-07-05 19:02:37.638+00,2026-07-05 19:02:37.639+00,cuba.xml,262316,f,,N,-1
au,2026-07-06 05:00:07.316+00,2026-06-02 22:00:00+00,au.xlsx,1324704,f,,N,-1
sdn,2026-07-06 05:00:36.212+00,2026-06-30 22:00:00+00,ofac_sdn.xml,28693057,f,,N,-1
ch,2026-07-06 05:01:30.622+00,2026-06-16 22:00:00+00,ch.xml,39878767,f,,N,-1
nsdn,2026-07-06 05:02:16.14+00,2026-01-07 23:00:00+00,ofac_non_sdn.xml,978210,f,,N,-1
aq,2026-07-06 05:02:20.183+00,2026-07-04 21:00:06.467+00,onu.xml,2171560,f,,N,-1
eu,2026-07-06 05:02:24.847+00,2026-06-04 22:00:00+00,euea.xml,24730335,f,,N,-1
uk,2026-07-06 05:02:44.835+00,2026-06-25 22:00:00+00,uk.xml,21491248,f,,N,-1
ca,2026-07-06 05:02:57.387+00,2026-07-06 05:03:01.872+00,ca.xml,1851227,f,,N,-1
us,2026-07-06 05:03:14.911+00,2026-07-06 05:03:14.912+00,cuba.xml,262316,f,,N,-1
au,2026-07-06 19:00:01.076+00,2026-06-02 22:00:00+00,au.xlsx,1324704,f,,N,-1
sdn,2026-07-06 19:00:31.119+00,2026-06-30 22:00:00+00,ofac_sdn.xml,28693057,f,,N,-1
ch,2026-07-06 19:01:24.695+00,2026-06-16 22:00:00+00,ch.xml,39878767,f,,N,-1
nsdn,2026-07-06 19:01:54.105+00,2026-01-07 23:00:00+00,ofac_non_sdn.xml,978210,f,,N,-1
aq,2026-07-06 19:01:57.718+00,2026-07-04 21:00:06.467+00,onu.xml,2171560,f,,N,-1
eu,2026-07-06 19:02:02.141+00,2026-06-04 22:00:00+00,euea.xml,24730335,f,,N,-1
uk,2026-07-06 19:02:22.653+00,2026-07-05 22:00:00+00,uk.xml,21520075,f,,N,-1
ca,2026-07-06 19:02:35.563+00,2026-07-06 19:02:40.205+00,ca.xml,1850424,f,,N,-1
us,2026-07-06 19:02:55.127+00,2026-07-06 19:02:55.128+00,cuba.xml,262316,f,,N,-1
au,2026-07-07 05:00:00.47+00,2026-06-02 22:00:00+00,au.xlsx,1324704,f,,N,-1
sdn,2026-07-07 05:00:27.304+00,2026-06-30 22:00:00+00,ofac_sdn.xml,28693057,f,,N,-1
ch,2026-07-07 05:01:18.089+00,2026-06-16 22:00:00+00,ch.xml,39878767,f,,N,-1
nsdn,2026-07-07 05:02:06.3+00,2026-01-07 23:00:00+00,ofac_non_sdn.xml,978210,f,,N,-1
aq,2026-07-07 05:02:10.198+00,2026-07-06 21:00:02.195+00,onu.xml,2171560,f,,N,-1
eu,2026-07-07 05:02:14.597+00,2026-06-04 22:00:00+00,euea.xml,24730335,f,,N,-1
uk,2026-07-07 05:02:34.986+00,2026-07-05 22:00:00+00,uk.xml,21520075,f,,N,-1
ca,2026-07-07 05:02:48+00,2026-07-07 05:02:52.565+00,ca.xml,1850424,f,,N,-1
us,2026-07-07 05:03:05.094+00,2026-07-07 05:03:05.095+00,cuba.xml,262316,f,,N,-1
au,2026-07-07 19:00:03.64+00,2026-06-02 22:00:00+00,au.xlsx,1324704,f,,N,-1
sdn,2026-07-07 19:00:36.665+00,2026-06-30 22:00:00+00,ofac_sdn.xml,28693057,f,,N,-1
ch,2026-07-07 19:01:33.82+00,2026-06-16 22:00:00+00,ch.xml,39878767,f,,N,-1
nsdn,2026-07-07 19:01:59.585+00,2026-01-07 23:00:00+00,ofac_non_sdn.xml,978210,f,,N,-1
aq,2026-07-07 19:02:04.033+00,2026-07-06 21:00:02.195+00,onu.xml,2171560,f,,N,-1
eu,2026-07-07 19:02:08.987+00,2026-06-04 22:00:00+00,euea.xml,24730335,f,,N,-1
uk,2026-07-07 19:02:34.661+00,2026-07-06 22:00:00+00,uk.xml,21516813,f,,N,-1
ca,2026-07-07 19:02:51.406+00,2026-07-07 19:02:55.909+00,ca.xml,1850424,f,,N,-1
us,2026-07-07 19:03:10.189+00,2026-07-07 19:03:10.19+00,cuba.xml,262316,f,,N,-1
au,2026-07-08 05:00:05.132+00,2026-06-02 22:00:00+00,au.xlsx,1324704,f,,N,-1
sdn,2026-07-08 05:00:28.062+00,2026-06-30 22:00:00+00,ofac_sdn.xml,28693057,f,,N,-1
ch,2026-07-08 05:01:17.619+00,2026-06-16 22:00:00+00,ch.xml,39878767,f,,N,-1
nsdn,2026-07-08 05:02:09.704+00,2026-01-07 23:00:00+00,ofac_non_sdn.xml,978210,f,,N,-1
aq,2026-07-08 05:02:13.22+00,2026-07-07 21:00:02.264+00,onu.xml,2171560,f,,N,-1
eu,2026-07-08 05:02:17.267+00,2026-06-04 22:00:00+00,euea.xml,24730335,f,,N,-1
uk,2026-07-08 05:02:36.785+00,2026-07-06 22:00:00+00,uk.xml,21516813,f,,N,-1
ca,2026-07-08 05:02:50.178+00,2026-07-08 05:02:54.727+00,ca.xml,1850424,f,,N,-1
us,2026-07-08 05:03:07.926+00,2026-07-08 05:03:07.927+00,cuba.xml,262316,f,,N,-1
au,2026-07-08 19:00:08.373+00,2026-06-02 22:00:00+00,au.xlsx,1324704,f,,N,-1
sdn,2026-07-08 19:00:36.322+00,2026-06-30 22:00:00+00,ofac_sdn.xml,28693057,f,,N,-1
ch,2026-07-08 19:01:28.446+00,2026-06-16 22:00:00+00,ch.xml,39878767,f,,N,-1
nsdn,2026-07-08 19:01:52.617+00,2026-01-07 23:00:00+00,ofac_non_sdn.xml,978210,f,,N,-1
aq,2026-07-08 19:01:56.413+00,2026-07-07 21:00:02.264+00,onu.xml,2171560,f,,N,-1
eu,2026-07-08 19:02:00.686+00,2026-06-04 22:00:00+00,euea.xml,24730335,f,,N,-1
uk,2026-07-08 19:02:22.004+00,2026-07-06 22:00:00+00,uk.xml,21516813,f,,N,-1
ca,2026-07-08 19:02:34.194+00,2026-07-08 19:02:38.997+00,ca.xml,1850424,f,,N,-1
us,2026-07-08 19:02:51.637+00,2026-07-08 19:02:51.637+00,cuba.xml,262316,f,,N,-1
au,2026-07-09 05:00:04.744+00,2026-06-02 22:00:00+00,au.xlsx,1324704,f,,N,-1
sdn,2026-07-09 05:00:29.004+00,2026-06-30 22:00:00+00,ofac_sdn.xml,28693057,f,,N,-1
ch,2026-07-09 05:01:23.844+00,2026-06-16 22:00:00+00,ch.xml,39878767,f,,N,-1
nsdn,2026-07-09 05:02:16.082+00,2026-01-07 23:00:00+00,ofac_non_sdn.xml,978210,f,,N,-1
aq,2026-07-09 05:02:20.162+00,2026-07-08 21:00:03.183+00,onu.xml,2171796,f,,N,-1
eu,2026-07-09 05:02:24.843+00,2026-06-04 22:00:00+00,euea.xml,24730335,f,,N,-1
uk,2026-07-09 05:02:45.378+00,2026-07-06 22:00:00+00,uk.xml,21516813,f,,N,-1
ca,2026-07-09 05:02:59.392+00,2026-07-09 05:03:04.053+00,ca.xml,1850424,f,,N,-1
us,2026-07-09 05:03:17.713+00,2026-07-09 05:03:17.714+00,cuba.xml,262316,f,,N,-1
au,2026-07-09 19:00:05.521+00,2026-06-02 22:00:00+00,au.xlsx,1324704,f,,N,-1
sdn,2026-07-09 19:00:32.498+00,2026-06-30 22:00:00+00,ofac_sdn.xml,28693057,f,,N,-1
ch,2026-07-09 19:01:22.972+00,2026-06-16 22:00:00+00,ch.xml,39878767,f,,N,-1
nsdn,2026-07-09 19:01:43.836+00,2026-01-07 23:00:00+00,ofac_non_sdn.xml,978210,f,,N,-1
aq,2026-07-09 19:01:47.577+00,2026-07-08 21:00:03.183+00,onu.xml,2171796,f,,N,-1
eu,2026-07-09 19:01:52.967+00,2026-06-04 22:00:00+00,euea.xml,24730335,f,,N,-1
uk,2026-07-09 19:02:14.305+00,2026-07-06 22:00:00+00,uk.xml,21516813,f,,N,-1
ca,2026-07-09 19:02:26.987+00,2026-07-09 19:02:31.552+00,ca.xml,1850424,f,,N,-1
us,2026-07-09 19:02:43.142+00,2026-07-09 19:02:43.142+00,cuba.xml,262316,f,,N,-1
au,2026-07-10 05:00:06.854+00,2026-07-09 22:00:00+00,au.xlsx,1291287,f,,N,-1
sdn,2026-07-10 05:00:38.248+00,2026-06-30 22:00:00+00,ofac_sdn.xml,28693057,f,,N,-1
ch,2026-07-10 05:01:31.008+00,2026-06-16 22:00:00+00,ch.xml,39878767,f,,N,-1
nsdn,2026-07-10 05:02:11.573+00,2026-01-07 23:00:00+00,ofac_non_sdn.xml,978210,f,,N,-1
aq,2026-07-10 05:02:15.378+00,2026-07-09 21:00:06.095+00,onu.xml,2171796,f,,N,-1
eu,2026-07-10 05:02:19.677+00,2026-06-04 22:00:00+00,euea.xml,24730335,f,,N,-1
uk,2026-07-10 05:02:40.465+00,2026-07-06 22:00:00+00,uk.xml,21516813,f,,N,-1
ca,2026-07-10 05:02:54.923+00,2026-07-10 05:02:59.464+00,ca.xml,1850424,f,,N,-1
us,2026-07-10 05:03:12.627+00,2026-07-10 05:03:12.627+00,cuba.xml,262316,f,,N,-1
au,2026-07-10 19:00:09.138+00,2026-07-09 22:00:00+00,au.xlsx,1298322,f,,N,-1
sdn,2026-07-10 19:00:42.607+00,2026-07-09 22:00:00+00,ofac_sdn.xml,28716113,f,,N,-1
ch,2026-07-10 19:01:38.169+00,2026-07-07 22:00:00+00,ch.xml,39884780,f,,N,-1
nsdn,2026-07-10 19:01:59.186+00,2026-01-07 23:00:00+00,ofac_non_sdn.xml,978210,f,,N,-1
aq,2026-07-10 19:02:06.564+00,2026-07-09 21:00:06.095+00,onu.xml,2171796,f,,N,-1
eu,2026-07-10 19:02:12.578+00,2026-06-04 22:00:00+00,euea.xml,24730335,f,,N,-1
uk,2026-07-10 19:02:33.404+00,2026-07-09 22:00:00+00,uk.xml,21516880,f,,N,-1
ca,2026-07-10 19:02:47.664+00,2026-07-10 19:02:52.366+00,ca.xml,1850424,f,,N,-1
us,2026-07-10 19:03:05.158+00,2026-07-10 19:03:05.159+00,cuba.xml,262316,f,,N,-1
au,2026-07-11 05:00:09.845+00,2026-07-09 22:00:00+00,au.xlsx,1298322,f,,N,-1
sdn,2026-07-11 05:00:33.765+00,2026-07-09 22:00:00+00,ofac_sdn.xml,28716113,f,,N,-1
ch,2026-07-11 05:01:25.683+00,2026-07-07 22:00:00+00,ch.xml,39884780,f,,N,-1
nsdn,2026-07-11 05:02:01.612+00,2026-01-07 23:00:00+00,ofac_non_sdn.xml,978210,f,,N,-1
aq,2026-07-11 05:02:05.573+00,2026-07-10 21:00:04.172+00,onu.xml,2171796,f,,N,-1
eu,2026-07-11 05:02:10.33+00,2026-06-04 22:00:00+00,euea.xml,24730335,f,,N,-1
uk,2026-07-11 05:02:31.416+00,2026-07-09 22:00:00+00,uk.xml,21516880,f,,N,-1
ca,2026-07-11 05:02:45.036+00,2026-07-11 05:02:49.634+00,ca.xml,1850424,f,,N,-1
us,2026-07-11 05:03:02.478+00,2026-07-11 05:03:02.478+00,cuba.xml,262316,f,,N,-1
au,2026-07-11 19:00:01.107+00,2026-07-09 22:00:00+00,au.xlsx,1298322,f,,N,-1
sdn,2026-07-11 19:00:25.585+00,2026-07-09 22:00:00+00,ofac_sdn.xml,28716113,f,,N,-1
ch,2026-07-11 19:01:16.117+00,2026-07-07 22:00:00+00,ch.xml,39884780,f,,N,-1
nsdn,2026-07-11 19:01:38.819+00,2026-01-07 23:00:00+00,ofac_non_sdn.xml,978210,f,,N,-1
aq,2026-07-11 19:01:42.59+00,2026-07-10 21:00:04.172+00,onu.xml,2171796,f,,N,-1
eu,2026-07-11 19:01:48.005+00,2026-06-04 22:00:00+00,euea.xml,24730335,f,,N,-1
uk,2026-07-11 19:02:08.332+00,2026-07-09 22:00:00+00,uk.xml,21516880,f,,N,-1
ca,2026-07-11 19:02:22.044+00,2026-07-11 19:02:26.651+00,ca.xml,1850424,f,,N,-1
us,2026-07-11 19:02:39.163+00,2026-07-11 19:02:39.163+00,cuba.xml,262316,f,,N,-1
au,2026-07-12 05:00:01.838+00,2026-07-09 22:00:00+00,au.xlsx,1298322,f,,N,-1
sdn,2026-07-12 05:00:27.771+00,2026-07-09 22:00:00+00,ofac_sdn.xml,28716113,f,,N,-1
ch,2026-07-12 05:01:18.733+00,2026-07-07 22:00:00+00,ch.xml,39884780,f,,N,-1
nsdn,2026-07-12 05:02:05.11+00,2026-01-07 23:00:00+00,ofac_non_sdn.xml,978210,f,,N,-1
aq,2026-07-12 05:02:09.077+00,2026-07-11 21:00:02.271+00,onu.xml,2171796,f,,N,-1
eu,2026-07-12 05:02:13.802+00,2026-06-04 22:00:00+00,euea.xml,24730335,f,,N,-1
uk,2026-07-12 05:02:33.865+00,2026-07-09 22:00:00+00,uk.xml,21516880,f,,N,-1
ca,2026-07-12 05:02:47.674+00,2026-07-12 05:02:52.31+00,ca.xml,1850424,f,,N,-1
us,2026-07-12 05:03:04.878+00,2026-07-12 05:03:04.879+00,cuba.xml,262316,f,,N,-1
au,2026-07-12 19:00:03.14+00,2026-07-09 22:00:00+00,au.xlsx,1298322,f,,N,-1
sdn,2026-07-12 19:00:28.353+00,2026-07-09 22:00:00+00,ofac_sdn.xml,28716113,f,,N,-1
ch,2026-07-12 19:01:20.346+00,2026-07-07 22:00:00+00,ch.xml,39884780,f,,N,-1
nsdn,2026-07-12 19:01:40.887+00,2026-01-07 23:00:00+00,ofac_non_sdn.xml,978210,f,,N,-1
aq,2026-07-12 19:01:44.752+00,2026-07-11 21:00:02.271+00,onu.xml,2171796,f,,N,-1
eu,2026-07-12 19:01:50.297+00,2026-06-04 22:00:00+00,euea.xml,24730335,f,,N,-1
uk,2026-07-12 19:02:11.673+00,2026-07-09 22:00:00+00,uk.xml,21516880,f,,N,-1
ca,2026-07-12 19:02:26.72+00,2026-07-12 19:02:31.444+00,ca.xml,1850424,f,,N,-1
us,2026-07-12 19:02:44.756+00,2026-07-12 19:02:44.756+00,cuba.xml,262316,f,,N,-1
au,2026-07-13 05:00:05.028+00,2026-07-09 22:00:00+00,au.xlsx,1298322,f,,N,-1
sdn,2026-07-13 05:00:32.393+00,2026-07-09 22:00:00+00,ofac_sdn.xml,28716113,f,,N,-1
ch,2026-07-13 05:01:27.029+00,2026-07-07 22:00:00+00,ch.xml,39884780,f,,N,-1
nsdn,2026-07-13 05:02:04.724+00,2026-01-07 23:00:00+00,ofac_non_sdn.xml,978210,f,,N,-1
aq,2026-07-13 05:02:08.881+00,2026-07-11 21:00:02.271+00,onu.xml,2171796,f,,N,-1
eu,2026-07-13 05:02:13.751+00,2026-06-04 22:00:00+00,euea.xml,24730335,f,,N,-1
uk,2026-07-13 05:02:34.07+00,2026-07-09 22:00:00+00,uk.xml,21516880,f,,N,-1
ca,2026-07-13 05:02:48.062+00,2026-07-13 05:02:52.55+00,ca.xml,1850424,f,,N,-1
us,2026-07-13 05:03:05.537+00,2026-07-13 05:03:05.538+00,cuba.xml,262316,f,,N,-1
au,2026-07-13 19:00:07.882+00,2026-07-09 22:00:00+00,au.xlsx,1298322,f,,N,-1
sdn,2026-07-13 19:00:31.308+00,2026-07-12 22:00:00+00,ofac_sdn.xml,28737056,f,,N,-1
ch,2026-07-13 19:01:22.356+00,2026-07-07 22:00:00+00,ch.xml,39884780,f,,N,-1
nsdn,2026-07-13 19:01:46.248+00,2026-01-07 23:00:00+00,ofac_non_sdn.xml,978210,f,,N,-1
aq,2026-07-13 19:01:50.355+00,2026-07-11 21:00:02.271+00,onu.xml,2171796,f,,N,-1
eu,2026-07-13 19:01:54.902+00,2026-06-04 22:00:00+00,euea.xml,24730335,f,,N,-1
uk,2026-07-13 19:02:16.09+00,2026-07-12 22:00:00+00,uk.xml,21600408,f,,N,-1
ca,2026-07-13 19:02:28.067+00,2026-07-13 19:02:32.719+00,ca.xml,1850424,f,,N,-1
us,2026-07-13 19:02:44.937+00,2026-07-13 19:02:44.938+00,cuba.xml,262316,f,,N,-1
au,2026-07-14 05:00:01.202+00,2026-07-09 22:00:00+00,au.xlsx,1298322,f,,N,-1
sdn,2026-07-14 05:00:24.561+00,2026-07-12 22:00:00+00,ofac_sdn.xml,28737056,f,,N,-1
ch,2026-07-14 05:01:11.802+00,2026-07-07 22:00:00+00,ch.xml,39884780,f,,N,-1
nsdn,2026-07-14 05:01:45.703+00,2026-01-07 23:00:00+00,ofac_non_sdn.xml,978210,f,,N,-1
aq,2026-07-14 05:01:49.159+00,2026-07-13 21:00:03.294+00,onu.xml,2171796,f,,N,-1
eu,2026-07-14 05:01:54.331+00,2026-06-04 22:00:00+00,euea.xml,24730335,f,,N,-1
uk,2026-07-14 05:02:14.425+00,2026-07-12 22:00:00+00,uk.xml,21600408,f,,N,-1
ca,2026-07-14 05:02:27.711+00,2026-07-14 05:02:32.397+00,ca.xml,1850424,f,,N,-1
us,2026-07-14 05:02:45.295+00,2026-07-14 05:02:45.296+00,cuba.xml,262316,f,,N,-1
au,2026-07-14 19:00:04.417+00,2026-07-09 22:00:00+00,au.xlsx,1298322,f,,N,-1
sdn,2026-07-14 19:00:32.712+00,2026-07-12 22:00:00+00,ofac_sdn.xml,28737056,f,,N,-1
ch,2026-07-14 19:01:24.946+00,2026-07-07 22:00:00+00,ch.xml,39884780,f,,N,-1
nsdn,2026-07-14 19:01:45.278+00,2026-01-07 23:00:00+00,ofac_non_sdn.xml,978210,f,,N,-1
aq,2026-07-14 19:01:49.124+00,2026-07-13 21:00:03.294+00,onu.xml,2171796,f,,N,-1
eu,2026-07-14 19:01:54.612+00,2026-06-04 22:00:00+00,euea.xml,24730335,f,,N,-1
uk,2026-07-14 19:02:14.946+00,2026-07-13 22:00:00+00,uk.xml,21600068,f,,N,-1
ca,2026-07-14 19:02:27.776+00,2026-07-14 19:02:32.591+00,ca.xml,1850424,f,,N,-1
us,2026-07-14 19:02:45.533+00,2026-07-14 19:02:45.534+00,cuba.xml,262316,f,,N,-1
au,2026-07-15 05:00:08.563+00,2026-07-09 22:00:00+00,au.xlsx,1298322,f,,N,-1
sdn,2026-07-15 05:00:30.956+00,2026-07-13 22:00:00+00,ofac_sdn.xml,28803325,f,,N,-1
ch,2026-07-15 05:01:28.347+00,2026-07-07 22:00:00+00,ch.xml,39884780,f,,N,-1
nsdn,2026-07-15 05:02:06.271+00,2026-01-07 23:00:00+00,ofac_non_sdn.xml,978210,f,,N,-1
aq,2026-07-15 05:02:11.196+00,2026-07-14 21:00:06.76+00,onu.xml,2171796,f,,N,-1
eu,2026-07-15 05:02:17.608+00,2026-06-04 22:00:00+00,euea.xml,24730335,f,,N,-1
uk,2026-07-15 05:02:37.247+00,2026-07-13 22:00:00+00,uk.xml,21600068,f,,N,-1
ca,2026-07-15 05:02:51.59+00,2026-07-15 05:02:56.189+00,ca.xml,1850424,f,,N,-1
us,2026-07-15 05:03:09.344+00,2026-07-15 05:03:09.344+00,cuba.xml,262316,f,,N,-1
au,2026-07-15 19:00:09.329+00,2026-07-09 22:00:00+00,au.xlsx,1298322,f,,N,-1
sdn,2026-07-15 19:00:33.82+00,2026-07-14 22:00:00+00,ofac_sdn.xml,28816028,f,,N,-1
ch,2026-07-15 19:01:32.799+00,2026-07-07 22:00:00+00,ch.xml,39884780,f,,N,-1
nsdn,2026-07-15 19:02:05.834+00,2026-01-07 23:00:00+00,ofac_non_sdn.xml,978210,f,,N,-1
aq,2026-07-15 19:02:11.195+00,2026-07-14 21:00:06.76+00,onu.xml,2171796,f,,N,-1
eu,2026-07-15 19:02:16.852+00,2026-06-04 22:00:00+00,euea.xml,24730335,f,,N,-1
uk,2026-07-15 19:02:38.073+00,2026-07-14 22:00:00+00,uk.xml,21600495,f,,N,-1
ca,2026-07-15 19:02:51.75+00,2026-07-15 19:02:56.388+00,ca.xml,1850424,f,,N,-1
us,2026-07-15 19:03:08.866+00,2026-07-15 19:03:08.866+00,cuba.xml,262316,f,,N,-1
au,2026-07-16 05:00:00.74+00,2026-07-09 22:00:00+00,au.xlsx,1298322,f,,N,-1
sdn,2026-07-16 05:00:24.328+00,2026-07-14 22:00:00+00,ofac_sdn.xml,28816028,f,,N,-1
ch,2026-07-16 05:01:15.095+00,2026-07-07 22:00:00+00,ch.xml,39884780,f,,N,-1
nsdn,2026-07-16 05:02:20.923+00,2026-01-07 23:00:00+00,ofac_non_sdn.xml,978210,f,,N,-1
aq,2026-07-16 05:02:25.636+00,2026-07-15 21:00:05.638+00,onu.xml,2171796,f,,N,-1
eu,2026-07-16 05:02:30.017+00,2026-06-04 22:00:00+00,euea.xml,24730335,f,,N,-1
uk,2026-07-16 05:02:50.31+00,2026-07-14 22:00:00+00,uk.xml,21600495,f,,N,-1
ca,2026-07-16 05:03:03.679+00,2026-07-16 05:03:08.35+00,ca.xml,1850424,f,,N,-1
us,2026-07-16 05:03:21.511+00,2026-07-16 05:03:21.511+00,cuba.xml,262316,f,,N,-1
au,2026-07-16 19:00:02.07+00,2026-07-09 22:00:00+00,au.xlsx,1298322,f,,N,-1
sdn,2026-07-16 19:00:30.696+00,2026-07-14 22:00:00+00,ofac_sdn.xml,28816028,f,,N,-1
ch,2026-07-16 19:01:28.352+00,2026-07-07 22:00:00+00,ch.xml,39884780,f,,N,-1
nsdn,2026-07-16 19:01:51.094+00,2026-01-07 23:00:00+00,ofac_non_sdn.xml,978210,f,,N,-1
aq,2026-07-16 19:01:54.807+00,2026-07-16 16:49:40.064+00,onu.xml,2188653,f,,N,-1
eu,2026-07-16 19:01:59.484+00,2026-06-04 22:00:00+00,euea.xml,24730335,f,,N,-1
uk,2026-07-16 19:02:20.263+00,2026-07-15 22:00:00+00,uk.xml,21638025,f,,N,-1
ca,2026-07-16 19:02:33.415+00,2026-07-16 19:02:38.177+00,ca.xml,1850424,f,,N,-1
us,2026-07-16 19:02:51.669+00,2026-07-16 19:02:51.67+00,cuba.xml,262316,f,,N,-1
au,2026-07-17 05:00:03.017+00,2026-07-09 22:00:00+00,au.xlsx,1298322,f,,N,-1
sdn,2026-07-17 05:00:26.787+00,2026-07-14 22:00:00+00,ofac_sdn.xml,28816028,f,,N,-1
ch,2026-07-17 05:01:21.725+00,2026-07-07 22:00:00+00,ch.xml,39884780,f,,N,-1
nsdn,2026-07-17 05:02:09.878+00,2026-01-07 23:00:00+00,ofac_non_sdn.xml,978210,f,,N,-1
aq,2026-07-17 05:02:13.945+00,2026-07-16 16:49:40.064+00,onu.xml,2188653,f,,N,-1
eu,2026-07-17 05:02:20.143+00,2026-06-04 22:00:00+00,euea.xml,24730335,f,,N,-1
uk,2026-07-17 05:02:41.788+00,2026-07-15 22:00:00+00,uk.xml,21638025,f,,N,-1
ca,2026-07-17 05:02:56.264+00,2026-07-17 05:03:01.083+00,ca.xml,1850424,f,,N,-1
us,2026-07-17 05:03:15.861+00,2026-07-17 05:03:15.861+00,cuba.xml,262316,f,,N,-1
au,2026-07-17 19:00:09.388+00,2026-07-09 22:00:00+00,au.xlsx,1298322,f,,N,-1
sdn,2026-07-17 19:00:33.723+00,2026-07-16 22:00:00+00,ofac_sdn.xml,28733475,f,,N,-1
ch,2026-07-17 19:01:32.066+00,2026-07-13 22:00:00+00,ch.xml,39899536,f,,N,-1
nsdn,2026-07-17 19:02:16.041+00,2026-07-16 22:00:00+00,ofac_non_sdn.xml,1058587,f,,N,-1
aq,2026-07-17 19:02:21.341+00,2026-07-16 16:49:40.064+00,onu.xml,2188653,f,,N,-1
eu,2026-07-17 19:02:25.437+00,2026-06-04 22:00:00+00,euea.xml,24730335,f,,N,-1
uk,2026-07-17 19:02:44.963+00,2026-07-16 22:00:00+00,uk.xml,21665186,f,,N,-1
ca,2026-07-17 19:02:59.726+00,2026-07-17 19:03:04.587+00,ca.xml,1850424,f,,N,-1
us,2026-07-17 19:03:16.307+00,2026-07-17 19:03:16.308+00,cuba.xml,262316,f,,N,-1
au,2026-07-18 05:00:04.316+00,2026-07-09 22:00:00+00,au.xlsx,1298322,f,,N,-1
sdn,2026-07-18 05:00:28.239+00,2026-07-16 22:00:00+00,ofac_sdn.xml,28733475,f,,N,-1
ch,2026-07-18 05:01:21.796+00,2026-07-13 22:00:00+00,ch.xml,39899536,f,,N,-1
nsdn,2026-07-18 05:01:46.199+00,2026-07-16 22:00:00+00,ofac_non_sdn.xml,1058587,f,,N,-1
aq,2026-07-18 05:01:50.531+00,2026-07-17 21:00:03.14+00,onu.xml,2188653,f,,N,-1
eu,2026-07-18 05:01:55.285+00,2026-06-04 22:00:00+00,euea.xml,24730335,f,,N,-1
uk,2026-07-18 05:02:19.897+00,2026-07-16 22:00:00+00,uk.xml,21665186,f,,N,-1
ca,2026-07-18 05:02:36.238+00,2026-07-18 05:02:40.953+00,ca.xml,1850424,f,,N,-1
us,2026-07-18 05:02:55.092+00,2026-07-18 05:02:55.093+00,cuba.xml,262316,f,,N,-1
au,2026-07-18 19:00:06.171+00,2026-07-09 22:00:00+00,au.xlsx,1298322,f,,N,-1
sdn,2026-07-18 19:00:28.61+00,2026-07-16 22:00:00+00,ofac_sdn.xml,28733475,f,,N,-1
ch,2026-07-18 19:01:23.821+00,2026-07-13 22:00:00+00,ch.xml,39899536,f,,N,-1
nsdn,2026-07-18 19:01:46.027+00,2026-07-16 22:00:00+00,ofac_non_sdn.xml,1058587,f,,N,-1
aq,2026-07-18 19:01:49.827+00,2026-07-17 21:00:03.14+00,onu.xml,2188653,f,,N,-1
eu,2026-07-18 19:01:54.494+00,2026-06-04 22:00:00+00,euea.xml,24730335,f,,N,-1
uk,2026-07-18 19:02:15.376+00,2026-07-16 22:00:00+00,uk.xml,21665186,f,,N,-1
ca,2026-07-18 19:02:29.138+00,2026-07-18 19:02:33.788+00,ca.xml,1850424,f,,N,-1
us,2026-07-18 19:02:46.263+00,2026-07-18 19:02:46.263+00,cuba.xml,262316,f,,N,-1
au,2026-07-19 05:00:07.379+00,2026-07-09 22:00:00+00,au.xlsx,1298322,f,,N,-1
sdn,2026-07-19 05:00:33.691+00,2026-07-16 22:00:00+00,ofac_sdn.xml,28733475,f,,N,-1
ch,2026-07-19 05:01:27.45+00,2026-07-13 22:00:00+00,ch.xml,39899536,f,,N,-1
nsdn,2026-07-19 05:02:05.056+00,2026-07-16 22:00:00+00,ofac_non_sdn.xml,1058587,f,,N,-1
aq,2026-07-19 05:02:09.579+00,2026-07-18 21:00:00.986+00,onu.xml,2188653,f,,N,-1
eu,2026-07-19 05:02:14.544+00,2026-06-04 22:00:00+00,euea.xml,24730335,f,,N,-1
uk,2026-07-19 05:02:37.49+00,2026-07-16 22:00:00+00,uk.xml,21665186,f,,N,-1
ca,2026-07-19 05:02:52.386+00,2026-07-19 05:02:57.125+00,ca.xml,1850424,f,,N,-1
us,2026-07-19 05:03:10.485+00,2026-07-19 05:03:10.485+00,cuba.xml,262316,f,,N,-1
au,2026-07-19 19:00:08.507+00,2026-07-09 22:00:00+00,au.xlsx,1298322,f,,N,-1
sdn,2026-07-19 19:00:35.965+00,2026-07-16 22:00:00+00,ofac_sdn.xml,28733475,f,,N,-1
ch,2026-07-19 19:01:30.587+00,2026-07-13 22:00:00+00,ch.xml,39899536,f,,N,-1
nsdn,2026-07-19 19:01:57.261+00,2026-07-16 22:00:00+00,ofac_non_sdn.xml,1058587,f,,N,-1
aq,2026-07-19 19:02:01.317+00,2026-07-18 21:00:00.986+00,onu.xml,2188653,f,,N,-1
eu,2026-07-19 19:02:06.992+00,2026-06-04 22:00:00+00,euea.xml,24730335,f,,N,-1
uk,2026-07-19 19:02:29.062+00,2026-07-16 22:00:00+00,uk.xml,21665186,f,,N,-1
ca,2026-07-19 19:02:44.65+00,2026-07-19 19:02:49.412+00,ca.xml,1850424,f,,N,-1
us,2026-07-19 19:03:04.027+00,2026-07-19 19:03:04.029+00,cuba.xml,262316,f,,N,-1
au,2026-07-20 05:00:00.934+00,2026-07-09 22:00:00+00,au.xlsx,1298322,f,,N,-1
sdn,2026-07-20 05:00:30.105+00,2026-07-16 22:00:00+00,ofac_sdn.xml,28733475,f,,N,-1
ch,2026-07-20 05:01:27.088+00,2026-07-13 22:00:00+00,ch.xml,39899536,f,,N,-1
nsdn,2026-07-20 05:01:56.787+00,2026-07-16 22:00:00+00,ofac_non_sdn.xml,1058587,f,,N,-1
aq,2026-07-20 05:02:01.026+00,2026-07-18 21:00:00.986+00,onu.xml,2188653,f,,N,-1
eu,2026-07-20 05:02:07.289+00,2026-06-04 22:00:00+00,euea.xml,24730335,f,,N,-1
uk,2026-07-20 05:02:28.975+00,2026-07-16 22:00:00+00,uk.xml,21665186,f,,N,-1
ca,2026-07-20 05:02:42.89+00,2026-07-20 05:02:47.47+00,ca.xml,1850424,f,,N,-1
us,2026-07-20 05:03:00.445+00,2026-07-20 05:03:00.445+00,cuba.xml,262316,f,,N,-1
au,2026-07-20 19:00:06.388+00,2026-07-09 22:00:00+00,au.xlsx,1298322,f,,N,-1
sdn,2026-07-20 19:00:33.404+00,2026-07-19 22:00:00+00,ofac_sdn.xml,28733896,f,,N,-1
ch,2026-07-20 19:01:23.934+00,2026-07-13 22:00:00+00,ch.xml,39899536,f,,N,-1
nsdn,2026-07-20 19:01:45.174+00,2026-07-16 22:00:00+00,ofac_non_sdn.xml,1058587,f,,N,-1
aq,2026-07-20 19:01:50.298+00,2026-07-18 21:00:00.986+00,onu.xml,2188653,f,,N,-1
eu,2026-07-20 19:01:54.464+00,2026-07-19 22:00:00+00,euea.xml,24816628,f,,N,-1
uk,2026-07-20 19:02:23.455+00,2026-07-19 22:00:00+00,uk.xml,21665186,f,,N,-1
ca,2026-07-20 19:02:35.901+00,2026-07-20 19:02:40.699+00,ca.xml,1850424,f,,N,-1
us,2026-07-20 19:02:53.443+00,2026-07-20 19:02:53.443+00,cuba.xml,262316,f,,N,-1
au,2026-07-21 05:00:02.153+00,2026-07-09 22:00:00+00,au.xlsx,1298322,f,,N,-1
sdn,2026-07-21 05:00:25.99+00,2026-07-19 22:00:00+00,ofac_sdn.xml,28733896,f,,N,-1
ch,2026-07-21 05:01:18.169+00,2026-07-13 22:00:00+00,ch.xml,39899536,f,,N,-1
nsdn,2026-07-21 05:01:56.247+00,2026-07-16 22:00:00+00,ofac_non_sdn.xml,1058587,f,,N,-1
aq,2026-07-21 05:02:00.054+00,2026-07-20 21:00:05.309+00,onu.xml,2188653,f,,N,-1
eu,2026-07-21 05:02:06.18+00,2026-07-19 22:00:00+00,euea.xml,24816628,f,,N,-1
uk,2026-07-21 05:02:27.91+00,2026-07-19 22:00:00+00,uk.xml,21665186,f,,N,-1
ca,2026-07-21 05:02:43.204+00,2026-07-21 05:02:47.877+00,ca.xml,1850424,f,,N,-1
us,2026-07-21 05:03:01.092+00,2026-07-21 05:03:01.092+00,cuba.xml,262316,f,,N,-1
au,2026-07-21 19:00:07.405+00,2026-07-09 22:00:00+00,au.xlsx,1298322,f,,N,-1
sdn,2026-07-21 19:00:35.404+00,2026-07-19 22:00:00+00,ofac_sdn.xml,28733896,f,,N,-1
ch,2026-07-21 19:01:31.581+00,2026-07-13 22:00:00+00,ch.xml,39899536,f,,N,-1
nsdn,2026-07-21 19:01:53.794+00,2026-07-16 22:00:00+00,ofac_non_sdn.xml,1058587,f,,N,-1
aq,2026-07-21 19:01:57.784+00,2026-07-20 21:00:05.309+00,onu.xml,2188653,f,,N,-1
eu,2026-07-21 19:02:03.021+00,2026-07-19 22:00:00+00,euea.xml,24816628,f,,N,-1
uk,2026-07-21 19:02:23.591+00,2026-07-19 22:00:00+00,uk.xml,21665186,f,,N,-1
ca,2026-07-21 19:02:37.966+00,2026-07-21 19:02:42.867+00,ca.xml,1850424,f,,N,-1
us,2026-07-21 19:02:55.863+00,2026-07-21 19:02:55.864+00,cuba.xml,262316,f,,N,-1
au,2026-07-22 05:00:01.927+00,2026-07-09 22:00:00+00,au.xlsx,1298322,f,,N,-1
sdn,2026-07-22 05:00:27.725+00,2026-07-19 22:00:00+00,ofac_sdn.xml,28733896,f,,N,-1
ch,2026-07-22 05:01:19.174+00,2026-07-13 22:00:00+00,ch.xml,39899536,f,,N,-1
nsdn,2026-07-22 05:02:17.164+00,2026-07-16 22:00:00+00,ofac_non_sdn.xml,1058587,f,,N,-1
aq,2026-07-22 05:02:20.944+00,2026-07-21 21:00:06.677+00,onu.xml,2188653,f,,N,-1
eu,2026-07-22 05:02:25.305+00,2026-07-19 22:00:00+00,euea.xml,24816628,f,,N,-1
uk,2026-07-22 05:02:44.685+00,2026-07-19 22:00:00+00,uk.xml,21665186,f,,N,-1
ca,2026-07-22 05:02:58.943+00,2026-07-22 05:03:03.443+00,ca.xml,1850424,f,,N,-1
us,2026-07-22 05:03:15.669+00,2026-07-22 05:03:15.669+00,cuba.xml,262316,f,,N,-1
au,2026-07-22 19:00:00.268+00,2026-07-09 22:00:00+00,au.xlsx,1298322,f,,N,-1
sdn,2026-07-22 19:00:28.005+00,2026-07-19 22:00:00+00,ofac_sdn.xml,28733896,f,,N,-1
ch,2026-07-22 19:01:21.836+00,2026-07-13 22:00:00+00,ch.xml,39899536,f,,N,-1
nsdn,2026-07-22 19:01:47.931+00,2026-07-16 22:00:00+00,ofac_non_sdn.xml,1058587,f,,N,-1
aq,2026-07-22 19:01:51.582+00,2026-07-21 21:00:06.677+00,onu.xml,2188653,f,,N,-1
eu,2026-07-22 19:01:55.703+00,2026-07-19 22:00:00+00,euea.xml,24816628,f,,N,-1
uk,2026-07-22 19:02:18.049+00,2026-07-19 22:00:00+00,uk.xml,21665186,f,,N,-1
ca,2026-07-22 19:02:30.443+00,2026-07-22 19:02:35.12+00,ca.xml,1850424,f,,N,-1
us,2026-07-22 19:02:48.297+00,2026-07-22 19:02:48.297+00,cuba.xml,262316,f,,N,-1
au,2026-07-23 05:00:03.905+00,2026-07-20 22:00:00+00,au.xlsx,1299680,f,,N,-1
sdn,2026-07-23 05:00:26.63+00,2026-07-19 22:00:00+00,ofac_sdn.xml,28733896,f,,N,-1
ch,2026-07-23 05:01:20.899+00,2026-07-13 22:00:00+00,ch.xml,39899536,f,,N,-1
nsdn,2026-07-23 05:01:52.504+00,2026-07-16 22:00:00+00,ofac_non_sdn.xml,1058587,f,,N,-1
aq,2026-07-23 05:01:56.576+00,2026-07-22 21:00:04.536+00,onu.xml,2188653,f,,N,-1
eu,2026-07-23 05:02:02.874+00,2026-07-19 22:00:00+00,euea.xml,24816628,f,,N,-1
uk,2026-07-23 05:02:25.442+00,2026-07-19 22:00:00+00,uk.xml,21665186,f,,N,-1
ca,2026-07-23 05:02:39.788+00,2026-07-23 05:02:44.437+00,ca.xml,1850424,f,,N,-1
us,2026-07-23 05:02:57.605+00,2026-07-23 05:02:57.605+00,cuba.xml,262316,f,,N,-1
au,2026-07-23 19:00:08.342+00,2026-07-20 22:00:00+00,au.xlsx,1299680,f,,N,-1
sdn,2026-07-23 19:00:36.127+00,2026-07-22 22:00:00+00,ofac_sdn.xml,28849789,f,,N,-1
ch,2026-07-23 19:01:44.104+00,2026-07-13 22:00:00+00,ch.xml,39899536,f,,N,-1
nsdn,2026-07-23 19:02:07.286+00,2026-07-16 22:00:00+00,ofac_non_sdn.xml,1058587,f,,N,-1
aq,2026-07-23 19:02:12.225+00,2026-07-23 16:37:21.141+00,onu.xml,2190068,f,,N,-1
eu,2026-07-23 19:02:16.397+00,2026-07-19 22:00:00+00,euea.xml,24816628,f,,N,-1
uk,2026-07-23 19:02:36.651+00,2026-07-22 22:00:00+00,uk.xml,21666720,f,,N,-1
ca,2026-07-23 19:02:49.698+00,2026-07-23 19:02:54.306+00,ca.xml,1850424,f,,N,-1
us,2026-07-23 19:03:07.136+00,2026-07-23 19:03:07.137+00,cuba.xml,262316,f,,N,-1
au,2026-07-24 05:00:09.1+00,2026-07-20 22:00:00+00,au.xlsx,1299680,f,,N,-1
sdn,2026-07-24 05:00:31.486+00,2026-07-22 22:00:00+00,ofac_sdn.xml,28849789,f,,N,-1
ch,2026-07-24 05:01:26.769+00,2026-07-13 22:00:00+00,ch.xml,39899536,f,,N,-1
nsdn,2026-07-24 05:02:17.515+00,2026-07-16 22:00:00+00,ofac_non_sdn.xml,1058587,f,,N,-1
aq,2026-07-24 05:02:21.25+00,2026-07-23 21:00:05.344+00,onu.xml,2190068,f,,N,-1
eu,2026-07-24 05:02:25.914+00,2026-07-19 22:00:00+00,euea.xml,24816628,f,,N,-1
uk,2026-07-24 05:02:46.553+00,2026-07-22 22:00:00+00,uk.xml,21666720,f,,N,-1
ca,2026-07-24 05:03:01.766+00,2026-07-24 05:03:06.276+00,ca.xml,1850424,f,,N,-1
us,2026-07-24 05:03:19.872+00,2026-07-24 05:03:19.872+00,cuba.xml,262316,f,,N,-1
au,2026-07-24 19:00:07.782+00,2026-07-20 22:00:00+00,au.xlsx,1299680,f,,N,-1
sdn,2026-07-24 19:00:35.768+00,2026-07-23 22:00:00+00,ofac_sdn.xml,28871252,f,,N,-1
ch,2026-07-24 19:01:39.346+00,2026-07-13 22:00:00+00,ch.xml,39899536,f,,N,-1
nsdn,2026-07-24 19:02:16.666+00,2026-07-16 22:00:00+00,ofac_non_sdn.xml,1058587,f,,N,-1
aq,2026-07-24 19:02:20.387+00,2026-07-23 21:00:05.344+00,onu.xml,2190068,f,,N,-1
eu,2026-07-24 19:02:24.648+00,2026-07-19 22:00:00+00,euea.xml,24816628,f,,N,-1
uk,2026-07-24 19:02:46.166+00,2026-07-23 22:00:00+00,uk.xml,21670730,f,,N,-1
ca,2026-07-24 19:03:00.148+00,2026-07-24 19:03:04.818+00,ca.xml,1850424,f,,N,-1
us,2026-07-24 19:03:17.6+00,2026-07-24 19:03:17.6+00,cuba.xml,262316,f,,N,-1
au,2026-07-25 05:00:04.395+00,2026-07-20 22:00:00+00,au.xlsx,1299680,f,,N,-1
sdn,2026-07-25 05:00:30.516+00,2026-07-23 22:00:00+00,ofac_sdn.xml,28871252,f,,N,-1
ch,2026-07-25 05:01:30.035+00,2026-07-13 22:00:00+00,ch.xml,39899536,f,,N,-1
nsdn,2026-07-25 05:02:04.876+00,2026-07-16 22:00:00+00,ofac_non_sdn.xml,1058587,f,,N,-1
aq,2026-07-25 05:02:09.545+00,2026-07-24 21:00:04.785+00,onu.xml,2190068,f,,N,-1
eu,2026-07-25 05:02:15.243+00,2026-07-19 22:00:00+00,euea.xml,24816628,f,,N,-1
uk,2026-07-25 05:02:37.439+00,2026-07-23 22:00:00+00,uk.xml,21670730,f,,N,-1
ca,2026-07-25 05:02:52.039+00,2026-07-25 05:02:57.774+00,ca.xml,1850424,f,,N,-1
us,2026-07-25 05:03:13.147+00,2026-07-25 05:03:13.148+00,cuba.xml,262316,f,,N,-1
au,2026-07-25 19:00:01.26+00,2026-07-20 22:00:00+00,au.xlsx,1299680,f,,N,-1
sdn,2026-07-25 19:00:25.722+00,2026-07-23 22:00:00+00,ofac_sdn.xml,28871252,f,,N,-1
ch,2026-07-25 19:01:22.205+00,2026-07-13 22:00:00+00,ch.xml,39899536,f,,N,-1
nsdn,2026-07-25 19:01:46.892+00,2026-07-16 22:00:00+00,ofac_non_sdn.xml,1058587,f,,N,-1
aq,2026-07-25 19:01:51.995+00,2026-07-24 21:00:04.785+00,onu.xml,2190068,f,,N,-1
eu,2026-07-25 19:01:56.888+00,2026-07-19 22:00:00+00,euea.xml,24816628,f,,N,-1
uk,2026-07-25 19:02:17.233+00,2026-07-23 22:00:00+00,uk.xml,21670730,f,,N,-1
ca,2026-07-25 19:02:30.425+00,2026-07-25 19:02:35.057+00,ca.xml,1850424,f,,N,-1
us,2026-07-25 19:02:48.019+00,2026-07-25 19:02:48.019+00,cuba.xml,262316,f,,N,-1
au,2026-07-26 05:00:02.086+00,2026-07-20 22:00:00+00,au.xlsx,1299680,f,,N,-1
sdn,2026-07-26 05:00:34.114+00,2026-07-23 22:00:00+00,ofac_sdn.xml,28871252,f,,N,-1
ch,2026-07-26 05:01:39.405+00,2026-07-13 22:00:00+00,ch.xml,39899536,f,,N,-1
nsdn,2026-07-26 05:02:27.694+00,2026-07-16 22:00:00+00,ofac_non_sdn.xml,1058587,f,,N,-1
aq,2026-07-26 05:02:32.258+00,2026-07-25 21:00:04.401+00,onu.xml,2190068,f,,N,-1
eu,2026-07-26 05:02:37.599+00,2026-07-19 22:00:00+00,euea.xml,24816628,f,,N,-1
uk,2026-07-26 05:03:00.262+00,2026-07-23 22:00:00+00,uk.xml,21670730,f,,N,-1
ca,2026-07-26 05:03:17.081+00,2026-07-26 05:03:21.821+00,ca.xml,1850424,f,,N,-1
us,2026-07-26 05:03:39.743+00,2026-07-26 05:03:39.743+00,cuba.xml,262316,f,,N,-1
au,2026-07-26 19:00:09.936+00,2026-07-20 22:00:00+00,au.xlsx,1299680,f,,N,-1
sdn,2026-07-26 19:00:35.824+00,2026-07-23 22:00:00+00,ofac_sdn.xml,28871252,f,,N,-1
ch,2026-07-26 19:01:28.452+00,2026-07-13 22:00:00+00,ch.xml,39899536,f,,N,-1
nsdn,2026-07-26 19:01:50.801+00,2026-07-16 22:00:00+00,ofac_non_sdn.xml,1058587,f,,N,-1
aq,2026-07-26 19:01:55.867+00,2026-07-25 21:00:04.401+00,onu.xml,2190068,f,,N,-1
eu,2026-07-26 19:02:00.673+00,2026-07-19 22:00:00+00,euea.xml,24816628,f,,N,-1
uk,2026-07-26 19:02:24.829+00,2026-07-23 22:00:00+00,uk.xml,21670730,f,,N,-1
ca,2026-07-26 19:02:38.797+00,2026-07-26 19:02:43.323+00,ca.xml,1850424,f,,N,-1
us,2026-07-26 19:02:55.987+00,2026-07-26 19:02:55.988+00,cuba.xml,262316,f,,N,-1
au,2026-07-27 05:00:02.345+00,2026-07-20 22:00:00+00,au.xlsx,1299680,f,,N,-1
sdn,2026-07-27 05:00:38.896+00,2026-07-23 22:00:00+00,ofac_sdn.xml,28871252,f,,N,-1
ch,2026-07-27 05:01:56.661+00,2026-07-13 22:00:00+00,ch.xml,39899536,f,,N,-1
nsdn,2026-07-27 05:02:32.079+00,2026-07-16 22:00:00+00,ofac_non_sdn.xml,1058587,f,,N,-1
aq,2026-07-27 05:02:36.89+00,2026-07-25 21:00:04.401+00,onu.xml,2190068,f,,N,-1
eu,2026-07-27 05:02:41.611+00,2026-07-19 22:00:00+00,euea.xml,24816628,f,,N,-1
uk,2026-07-27 05:03:04.043+00,2026-07-23 22:00:00+00,uk.xml,21670730,f,,N,-1
ca,2026-07-27 05:03:20.774+00,2026-07-27 05:03:25.38+00,ca.xml,1850424,f,,N,-1
us,2026-07-27 05:03:42.746+00,2026-07-27 05:03:42.747+00,cuba.xml,262316,f,,N,-1
au,2026-07-27 19:00:08.054+00,2026-07-20 22:00:00+00,au.xlsx,1299680,f,,N,-1
sdn,2026-07-27 19:00:32.729+00,2026-07-26 22:00:00+00,ofac_sdn.xml,28748161,f,,N,-1
ch,2026-07-27 19:01:31.619+00,2026-07-13 22:00:00+00,ch.xml,39899536,f,,N,-1
nsdn,2026-07-27 19:01:53.845+00,2026-07-26 22:00:00+00,ofac_non_sdn.xml,1062621,f,,N,-1
aq,2026-07-27 19:01:59.16+00,2026-07-25 21:00:04.401+00,onu.xml,2190068,f,,N,-1
eu,2026-07-27 19:02:03.967+00,2026-07-19 22:00:00+00,euea.xml,24816628,f,,N,-1
uk,2026-07-27 19:02:22.817+00,2026-07-23 22:00:00+00,uk.xml,21670730,f,,N,-1
ca,2026-07-27 19:02:36.478+00,2026-07-27 19:02:41.371+00,ca.xml,1850424,f,,N,-1
us,2026-07-27 19:02:53.635+00,2026-07-27 19:02:53.636+00,cuba.xml,262316,f,,N,-1
au,2026-07-28 05:00:01.78+00,2026-07-20 22:00:00+00,au.xlsx,1299680,f,,N,-1
sdn,2026-07-28 05:00:24.05+00,2026-07-26 22:00:00+00,ofac_sdn.xml,28748161,f,,N,-1
ch,2026-07-28 05:01:13.66+00,2026-07-13 22:00:00+00,ch.xml,39899536,f,,N,-1
nsdn,2026-07-28 05:02:16.498+00,2026-07-26 22:00:00+00,ofac_non_sdn.xml,1062621,f,,N,-1
aq,2026-07-28 05:02:20.668+00,2026-07-27 21:00:06.466+00,onu.xml,2190068,f,,N,-1
eu,2026-07-28 05:02:25.103+00,2026-07-19 22:00:00+00,euea.xml,24816628,f,,N,-1
uk,2026-07-28 05:02:43.515+00,2026-07-23 22:00:00+00,uk.xml,21670730,f,,N,-1
ca,2026-07-28 05:02:56.628+00,2026-07-28 05:03:01.31+00,ca.xml,1850424,f,,N,-1
us,2026-07-28 05:03:13.26+00,2026-07-28 05:03:13.261+00,cuba.xml,262316,f,,N,-1
au,2026-07-28 19:00:02.157+00,2026-07-20 22:00:00+00,au.xlsx,1299680,f,,N,-1
sdn,2026-07-28 19:00:25.272+00,2026-07-26 22:00:00+00,ofac_sdn.xml,28748161,f,,N,-1
ch,2026-07-28 19:01:18.504+00,2026-07-13 22:00:00+00,ch.xml,39899536,f,,N,-1
nsdn,2026-07-28 19:01:43.532+00,2026-07-26 22:00:00+00,ofac_non_sdn.xml,1062621,f,,N,-1
aq,2026-07-28 19:01:47.292+00,2026-07-27 21:00:06.466+00,onu.xml,2190068,f,,N,-1
eu,2026-07-28 19:01:51.485+00,2026-07-27 22:00:00+00,euea.xml,24816725,f,,N,-1
uk,2026-07-28 19:02:15.803+00,2026-07-23 22:00:00+00,uk.xml,21670730,f,,N,-1
ca,2026-07-28 19:02:27.674+00,2026-07-28 19:02:32.428+00,ca.xml,1850424,f,,N,-1
us,2026-07-28 19:02:43.585+00,2026-07-28 19:02:43.585+00,cuba.xml,262316,f,,N,-1
au,2026-07-29 05:00:02.675+00,2026-07-20 22:00:00+00,au.xlsx,1299680,f,,N,-1
sdn,2026-07-29 05:00:25.711+00,2026-07-26 22:00:00+00,ofac_sdn.xml,28748161,f,,N,-1
ch,2026-07-29 05:01:15.291+00,2026-07-13 22:00:00+00,ch.xml,39899536,f,,N,-1
nsdn,2026-07-29 05:02:04.078+00,2026-07-26 22:00:00+00,ofac_non_sdn.xml,1062621,f,,N,-1
aq,2026-07-29 05:02:08.128+00,2026-07-28 21:00:04.108+00,onu.xml,2190068,f,,N,-1
eu,2026-07-29 05:02:12.877+00,2026-07-27 22:00:00+00,euea.xml,24816725,f,,N,-1
uk,2026-07-29 05:02:32.025+00,2026-07-23 22:00:00+00,uk.xml,21670730,f,,N,-1
ca,2026-07-29 05:02:44.57+00,2026-07-29 05:02:49.297+00,ca.xml,1850424,f,,N,-1
us,2026-07-29 05:03:01.686+00,2026-07-29 05:03:01.686+00,cuba.xml,262316,f,,N,-1
au,2026-07-29 19:00:04.141+00,2026-07-20 22:00:00+00,au.xlsx,1299680,f,,N,-1
sdn,2026-07-29 19:00:26.964+00,2026-07-28 22:00:00+00,ofac_sdn.xml,28767534,f,,N,-1
ch,2026-07-29 19:01:22.996+00,2026-07-13 22:00:00+00,ch.xml,39899536,f,,N,-1
nsdn,2026-07-29 19:01:43.905+00,2026-07-26 22:00:00+00,ofac_non_sdn.xml,1062621,f,,N,-1
aq,2026-07-29 19:01:47.569+00,2026-07-28 21:00:04.108+00,onu.xml,2190068,f,,N,-1
eu,2026-07-29 19:01:51.69+00,2026-07-27 22:00:00+00,euea.xml,24816725,f,,N,-1
uk,2026-07-29 19:02:11.799+00,2026-07-23 22:00:00+00,uk.xml,21670730,f,,N,-1
ca,2026-07-29 19:02:25.562+00,2026-07-29 19:02:30.319+00,ca.xml,1850424,f,,N,-1
us,2026-07-29 19:02:41.579+00,2026-07-29 19:02:41.58+00,cuba.xml,262316,f,,N,-1
au,2026-07-30 05:00:04.686+00,2026-07-20 22:00:00+00,au.xlsx,1299680,f,,N,-1
sdn,2026-07-30 05:00:30.518+00,2026-07-28 22:00:00+00,ofac_sdn.xml,28767534,f,,N,-1
ch,2026-07-30 05:01:21.718+00,2026-07-13 22:00:00+00,ch.xml,39899536,f,,N,-1
nsdn,2026-07-30 05:02:05.495+00,2026-07-26 22:00:00+00,ofac_non_sdn.xml,1062621,f,,N,-1
aq,2026-07-30 05:02:09.766+00,2026-07-29 21:00:03.47+00,onu.xml,2190068,f,,N,-1
eu,2026-07-30 05:02:14.636+00,2026-07-27 22:00:00+00,euea.xml,24816725,f,,N,-1
uk,2026-07-30 05:02:35.764+00,2026-07-23 22:00:00+00,uk.xml,21670730,f,,N,-1
ca,2026-07-30 05:02:49.226+00,2026-07-30 05:02:53.825+00,ca.xml,1850424,f,,N,-1
us,2026-07-30 05:03:07.262+00,2026-07-30 05:03:07.262+00,cuba.xml,262316,f,,N,-1
au,2026-07-30 19:00:00.953+00,2026-07-20 22:00:00+00,au.xlsx,1299680,f,,N,-1
sdn,2026-07-30 19:00:26.286+00,2026-07-29 22:00:00+00,ofac_sdn.xml,28779134,f,,N,-1
ch,2026-07-30 19:01:16.941+00,2026-07-13 22:00:00+00,ch.xml,39899536,f,,N,-1
nsdn,2026-07-30 19:01:39.779+00,2026-07-26 22:00:00+00,ofac_non_sdn.xml,1062621,f,,N,-1
aq,2026-07-30 19:01:43.542+00,2026-07-29 21:00:03.47+00,onu.xml,2190068,f,,N,-1
eu,2026-07-30 19:01:47.645+00,2026-07-27 22:00:00+00,euea.xml,24816725,f,,N,-1
uk,2026-07-30 19:02:07.075+00,2026-07-23 22:00:00+00,uk.xml,21670730,f,,N,-1
ca,2026-07-30 19:02:19.566+00,2026-07-30 19:02:24.259+00,ca.xml,1850424,f,,N,-1
us,2026-07-30 19:02:36.056+00,2026-07-30 19:02:36.057+00,cuba.xml,262316,f,,N,-1
au,2026-07-31 05:00:03.818+00,2026-07-20 22:00:00+00,au.xlsx,1299680,f,,N,-1
ch,2026-07-31 05:00:29.487+00,2026-07-13 22:00:00+00,ch.xml,39899536,f,,N,-1
aq,2026-07-31 05:01:22.64+00,2026-07-30 23:28:53.315+00,onu.xml,2192833,f,,N,-1
eu,2026-07-31 05:01:28.597+00,2026-07-27 22:00:00+00,euea.xml,24816725,f,,N,-1
uk,2026-07-31 05:01:47.693+00,2026-07-23 22:00:00+00,uk.xml,21670730,f,,N,-1
ca,2026-07-31 05:02:00.899+00,2026-07-31 05:02:05.676+00,ca.xml,1850424,f,,N,-1
us,2026-07-31 05:02:18.736+00,2026-07-31 05:02:18.736+00,cuba.xml,262316,f,,N,-1
au,2026-07-31 19:00:06.612+00,2026-07-20 22:00:00+00,au.xlsx,1299680,f,,N,-1
sdn,2026-07-31 19:00:29.63+00,2026-07-29 22:00:00+00,ofac_sdn.xml,28779134,f,,N,-1
ch,2026-07-31 19:01:19.344+00,2026-07-29 22:00:00+00,ch.xml,39920777,f,,N,-1
nsdn,2026-07-31 19:01:39.593+00,2026-07-26 22:00:00+00,ofac_non_sdn.xml,1062621,f,,N,-1
aq,2026-07-31 19:01:43.242+00,2026-07-30 23:28:53.315+00,onu.xml,2192833,f,,N,-1
eu,2026-07-31 19:01:47.201+00,2026-07-30 22:00:00+00,euea.xml,25778005,f,,N,-1
uk,2026-07-31 19:02:15.192+00,2026-07-30 22:00:00+00,uk.xml,21672608,f,,N,-1
ca,2026-07-31 19:02:28.134+00,2026-07-31 19:02:32.781+00,ca.xml,1850424,f,,N,-1
us,2026-07-31 19:02:44.051+00,2026-07-31 19:02:44.051+00,cuba.xml,262316,f,,N,-1
au,2026-08-01 05:00:07.343+00,2026-07-20 22:00:00+00,au.xlsx,1299680,f,,N,-1
sdn,2026-08-01 05:00:29.366+00,2026-07-29 22:00:00+00,ofac_sdn.xml,28779134,f,,N,-1
ch,2026-08-01 05:01:22.238+00,2026-07-29 22:00:00+00,ch.xml,39920777,f,,N,-1
nsdn,2026-08-01 05:02:14.428+00,2026-07-26 22:00:00+00,ofac_non_sdn.xml,1062621,f,,N,-1
aq,2026-08-01 05:02:18.343+00,2026-07-31 21:00:04.412+00,onu.xml,2192833,f,,N,-1
eu,2026-08-01 05:02:22.875+00,2026-07-30 22:00:00+00,euea.xml,25778005,f,,N,-1
uk,2026-08-01 05:02:44.427+00,2026-07-30 22:00:00+00,uk.xml,21672608,f,,N,-1
ca,2026-08-01 05:02:57.599+00,2026-08-01 05:03:02.202+00,ca.xml,1850424,f,,N,-1
us,2026-08-01 05:03:15.105+00,2026-08-01 05:03:15.106+00,cuba.xml,262316,f,,N,-1
au,2026-08-01 19:00:09.748+00,2026-07-20 22:00:00+00,au.xlsx,1299680,f,,N,-1
sdn,2026-08-01 19:00:31.632+00,2026-07-29 22:00:00+00,ofac_sdn.xml,28779134,f,,N,-1
ch,2026-08-01 19:01:21.646+00,2026-07-29 22:00:00+00,ch.xml,39920777,f,,N,-1
nsdn,2026-08-01 19:01:41.79+00,2026-07-26 22:00:00+00,ofac_non_sdn.xml,1062621,f,,N,-1
aq,2026-08-01 19:01:45.4+00,2026-07-31 21:00:04.412+00,onu.xml,2192833,f,,N,-1
uk,2026-08-01 19:01:52.982+00,2026-07-30 22:00:00+00,uk.xml,21672608,f,,N,-1
ca,2026-08-01 19:02:06.904+00,2026-08-01 19:02:11.476+00,ca.xml,1850424,f,,N,-1
us,2026-08-01 19:02:24.207+00,2026-08-01 19:02:24.208+00,cuba.xml,262316,f,,N,-1
au,2026-08-02 05:00:00.345+00,2026-07-20 22:00:00+00,au.xlsx,1299680,f,,N,-1
sdn,2026-08-02 05:00:23.881+00,2026-07-29 22:00:00+00,ofac_sdn.xml,28779134,f,,N,-1
ch,2026-08-02 05:01:16.229+00,2026-07-29 22:00:00+00,ch.xml,39920777,f,,N,-1
nsdn,2026-08-02 05:02:17.904+00,2026-07-26 22:00:00+00,ofac_non_sdn.xml,1062621,f,,N,-1
aq,2026-08-02 05:02:21.883+00,2026-08-01 21:00:03.11+00,onu.xml,2192833,f,,N,-1
uk,2026-08-02 05:02:28.094+00,2026-07-30 22:00:00+00,uk.xml,21672608,f,,N,-1
ca,2026-08-02 05:02:41.494+00,2026-08-02 05:02:46.117+00,ca.xml,1850424,f,,N,-1
us,2026-08-02 05:03:00.427+00,2026-08-02 05:03:00.427+00,cuba.xml,262316,f,,N,-1
au,2026-08-02 19:00:01.003+00,2026-07-20 22:00:00+00,au.xlsx,1299680,f,,N,-1
sdn,2026-08-02 19:00:22.761+00,2026-07-29 22:00:00+00,ofac_sdn.xml,28779134,f,,N,-1
ch,2026-08-02 19:01:11.497+00,2026-07-29 22:00:00+00,ch.xml,39920777,f,,N,-1
nsdn,2026-08-02 19:01:30.993+00,2026-07-26 22:00:00+00,ofac_non_sdn.xml,1062621,f,,N,-1
aq,2026-08-02 19:01:34.715+00,2026-08-01 21:00:03.11+00,onu.xml,2192833,f,,N,-1
uk,2026-08-02 19:01:40.799+00,2026-07-30 22:00:00+00,uk.xml,21672608,f,,N,-1
ca,2026-08-02 19:01:53.026+00,2026-08-02 19:01:57.613+00,ca.xml,1850424,f,,N,-1
us,2026-08-02 19:02:10.367+00,2026-08-02 19:02:10.368+00,cuba.xml,262316,f,,N,-1
au,2026-08-03 05:00:02.211+00,2026-07-20 22:00:00+00,au.xlsx,1299680,f,,N,-1
sdn,2026-08-03 05:00:27.737+00,2026-07-29 22:00:00+00,ofac_sdn.xml,28779134,f,,N,-1
ch,2026-08-03 05:01:21.044+00,2026-07-29 22:00:00+00,ch.xml,39920777,f,,N,-1
nsdn,2026-08-03 05:02:22.174+00,2026-07-26 22:00:00+00,ofac_non_sdn.xml,1062621,f,,N,-1
aq,2026-08-03 05:02:25.816+00,2026-08-01 21:00:03.11+00,onu.xml,2192833,f,,N,-1
eu,2026-08-03 05:02:31.265+00,2026-07-30 22:00:00+00,euea.xml,25778005,f,,N,-1
uk,2026-08-03 05:02:52.483+00,2026-07-30 22:00:00+00,uk.xml,21672608,f,,N,-1
ca,2026-08-03 05:03:06.091+00,2026-08-03 05:03:10.78+00,ca.xml,1850424,f,,N,-1
us,2026-08-03 05:03:24.062+00,2026-08-03 05:03:24.062+00,cuba.xml,262316,f,,N,-1
au,2026-08-03 19:00:07.863+00,2026-07-20 22:00:00+00,au.xlsx,1299680,f,,N,-1
sdn,2026-08-03 19:00:29.307+00,2026-07-29 22:00:00+00,ofac_sdn.xml,28779134,f,,N,-1
ch,2026-08-03 19:01:19.538+00,2026-07-29 22:00:00+00,ch.xml,39920777,f,,N,-1
nsdn,2026-08-03 19:01:45.995+00,2026-07-26 22:00:00+00,ofac_non_sdn.xml,1062621,f,,N,-1
eu,2026-08-03 19:01:52.135+00,2026-07-30 22:00:00+00,euea.xml,25778005,f,,N,-1
uk,2026-08-03 19:02:12.628+00,2026-07-30 22:00:00+00,uk.xml,21672608,f,,N,-1
ca,2026-08-03 19:02:25.359+00,2026-08-03 19:02:30.036+00,ca.xml,1850424,f,,N,-1
us,2026-08-03 19:02:41.219+00,2026-08-03 19:02:41.22+00,cuba.xml,262316,f,,N,-1
au,2026-08-04 05:00:08.105+00,2026-07-20 22:00:00+00,au.xlsx,1299680,f,,N,-1
sdn,2026-08-04 05:00:31.038+00,2026-07-29 22:00:00+00,ofac_sdn.xml,28779134,f,,N,-1
ch,2026-08-04 05:01:19.32+00,2026-07-29 22:00:00+00,ch.xml,39920777,f,,N,-1
nsdn,2026-08-04 05:02:10.248+00,2026-07-26 22:00:00+00,ofac_non_sdn.xml,1062621,f,,N,-1
eu,2026-08-04 05:02:17.088+00,2026-07-30 22:00:00+00,euea.xml,25778005,f,,N,-1
uk,2026-08-04 05:02:36.991+00,2026-07-30 22:00:00+00,uk.xml,21672608,f,,N,-1
ca,2026-08-04 05:02:49.805+00,2026-08-04 05:02:54.344+00,ca.xml,1850424,f,,N,-1
us,2026-08-04 05:03:06.857+00,2026-08-04 05:03:06.858+00,cuba.xml,262316,f,,N,-1
au,2026-08-04 19:00:08.266+00,2026-07-20 22:00:00+00,au.xlsx,1299680,f,,N,-1
sdn,2026-08-04 19:00:33.521+00,2026-07-29 22:00:00+00,ofac_sdn.xml,28779134,f,,N,-1
ch,2026-08-04 19:01:22.758+00,2026-07-29 22:00:00+00,ch.xml,39920777,f,,N,-1
nsdn,2026-08-04 19:01:42.701+00,2026-07-26 22:00:00+00,ofac_non_sdn.xml,1062621,f,,N,-1
eu,2026-08-04 19:01:49.328+00,2026-07-30 22:00:00+00,euea.xml,25778005,f,,N,-1
uk,2026-08-04 19:02:10.343+00,2026-08-03 22:00:00+00,uk.xml,21672248,f,,N,-1
ca,2026-08-04 19:02:23.391+00,2026-08-04 19:02:27.937+00,ca.xml,1850424,f,,N,-1
us,2026-08-04 19:02:39.423+00,2026-08-04 19:02:39.423+00,cuba.xml,262316,f,,N,-1
au,2026-08-05 05:00:08.731+00,2026-07-20 22:00:00+00,au.xlsx,1299680,f,,N,-1
sdn,2026-08-05 05:00:31.458+00,2026-07-29 22:00:00+00,ofac_sdn.xml,28779134,f,,N,-1
ch,2026-08-05 05:01:21.695+00,2026-07-29 22:00:00+00,ch.xml,39920777,f,,N,-1
nsdn,2026-08-05 05:02:09.667+00,2026-07-26 22:00:00+00,ofac_non_sdn.xml,1062621,f,,N,-1
eu,2026-08-05 05:02:17.535+00,2026-07-30 22:00:00+00,euea.xml,25778005,f,,N,-1
uk,2026-08-05 05:02:37.423+00,2026-08-03 22:00:00+00,uk.xml,21672248,f,,N,-1
ca,2026-08-05 05:02:50.025+00,2026-08-05 05:02:54.907+00,ca.xml,1850424,f,,N,-1
us,2026-08-05 05:03:07.229+00,2026-08-05 05:03:07.229+00,cuba.xml,262316,f,,N,-1
au,2026-08-05 19:00:03.148+00,2026-07-20 22:00:00+00,au.xlsx,1299680,f,,N,-1
sdn,2026-08-05 19:00:27.968+00,2026-08-04 22:00:00+00,ofac_sdn.xml,28775081,f,,N,-1
ch,2026-08-05 19:01:26.617+00,2026-07-29 22:00:00+00,ch.xml,39920777,f,,N,-1
nsdn,2026-08-05 19:01:49.279+00,2026-07-26 22:00:00+00,ofac_non_sdn.xml,1062621,f,,N,-1
eu,2026-08-05 19:01:57.224+00,2026-08-04 22:00:00+00,euea.xml,25766640,f,,N,-1
uk,2026-08-05 19:02:31.219+00,2026-08-03 22:00:00+00,uk.xml,21672248,f,,N,-1
ca,2026-08-05 19:02:43.972+00,2026-08-05 19:02:48.691+00,ca.xml,1850424,f,,N,-1
us,2026-08-05 19:03:00.778+00,2026-08-05 19:03:00.778+00,cuba.xml,262316,f,,N,-1
au,2026-08-06 05:00:05.134+00,2026-07-20 22:00:00+00,au.xlsx,1299680,f,,N,-1
sdn,2026-08-06 05:00:29.564+00,2026-08-04 22:00:00+00,ofac_sdn.xml,28775081,f,,N,-1
ch,2026-08-06 05:01:20.563+00,2026-07-29 22:00:00+00,ch.xml,39920777,f,,N,-1
nsdn,2026-08-06 05:02:06.441+00,2026-07-26 22:00:00+00,ofac_non_sdn.xml,1062621,f,,N,-1
eu,2026-08-06 05:02:13.372+00,2026-08-04 22:00:00+00,euea.xml,25766640,f,,N,-1
uk,2026-08-06 05:02:35.037+00,2026-08-03 22:00:00+00,uk.xml,21672248,f,,N,-1
ca,2026-08-06 05:02:49.04+00,2026-08-06 05:02:53.734+00,ca.xml,1850424,f,,N,-1
us,2026-08-06 05:03:07.968+00,2026-08-06 05:03:07.968+00,cuba.xml,262316,f,,N,-1
au,2026-08-06 19:00:03.242+00,2026-07-20 22:00:00+00,au.xlsx,1299680,f,,N,-1
sdn,2026-08-06 19:00:28.08+00,2026-08-05 22:00:00+00,ofac_sdn.xml,28789329,f,,N,-1
ch,2026-08-06 19:01:21.244+00,2026-07-29 22:00:00+00,ch.xml,39920777,f,,N,-1
nsdn,2026-08-06 19:01:47.223+00,2026-07-26 22:00:00+00,ofac_non_sdn.xml,1062621,f,,N,-1
eu,2026-08-06 19:01:53.129+00,2026-08-04 22:00:00+00,euea.xml,25766640,f,,N,-1
uk,2026-08-06 19:02:15.685+00,2026-08-05 22:00:00+00,uk.xml,21756051,f,,N,-1
ca,2026-08-06 19:02:28.108+00,2026-08-06 19:02:32.863+00,ca.xml,1850424,f,,N,-1
us,2026-08-06 19:02:43.817+00,2026-08-06 19:02:43.818+00,cuba.xml,262316,f,,N,-1
au,2026-08-07 05:00:03.775+00,2026-07-20 22:00:00+00,au.xlsx,1299680,f,,N,-1
sdn,2026-08-07 05:00:28.278+00,2026-08-05 22:00:00+00,ofac_sdn.xml,28789329,f,,N,-1
ch,2026-08-07 05:01:17.607+00,2026-07-29 22:00:00+00,ch.xml,39920777,f,,N,-1
nsdn,2026-08-07 05:02:03.642+00,2026-07-26 22:00:00+00,ofac_non_sdn.xml,1062621,f,,N,-1
eu,2026-08-07 05:02:10.605+00,2026-08-04 22:00:00+00,euea.xml,25766640,f,,N,-1
uk,2026-08-07 05:02:32.471+00,2026-08-05 22:00:00+00,uk.xml,21756051,f,,N,-1
ca,2026-08-07 05:02:45.789+00,2026-08-07 05:02:50.411+00,ca.xml,1850424,f,,N,-1
us,2026-08-07 05:03:03.264+00,2026-08-07 05:03:03.264+00,cuba.xml,262316,f,,N,-1
au,2026-08-07 15:13:43.013+00,2026-07-20 22:00:00+00,au.xlsx,1299680,f,,N,-1
sdn,2026-08-07 15:14:11.494+00,2026-08-05 22:00:00+00,ofac_sdn.xml,28789329,f,,N,-1
ch,2026-08-07 15:15:01.214+00,2026-07-29 22:00:00+00,ch.xml,39920777,f,,N,-1
nsdn,2026-08-07 15:15:22.166+00,2026-07-26 22:00:00+00,ofac_non_sdn.xml,1062621,f,,N,-1
eu,2026-08-07 15:15:28.517+00,2026-08-04 22:00:00+00,euea.xml,25766640,f,,N,-1
uk,2026-08-07 15:15:49.974+00,2026-08-05 22:00:00+00,uk.xml,21756051,f,,N,-1
ca,2026-08-07 15:16:02.616+00,2026-08-07 15:16:07.456+00,ca.xml,1850424,f,,N,-1
us,2026-08-07 15:16:20.033+00,2026-08-07 15:16:20.034+00,cuba.xml,262316,f,,N,-1
au,2026-08-07 19:00:09.553+00,2026-07-20 22:00:00+00,au.xlsx,1299680,f,,N,-1
sdn,2026-08-07 19:00:34.465+00,2026-08-06 22:00:00+00,ofac_sdn.xml,28809039,f,,N,-1
ch,2026-08-07 19:01:26.244+00,2026-07-29 22:00:00+00,ch.xml,39920777,f,,N,-1
nsdn,2026-08-07 19:02:09.918+00,2026-07-26 22:00:00+00,ofac_non_sdn.xml,1062621,f,,N,-1
eu,2026-08-07 19:02:16.203+00,2026-08-04 22:00:00+00,euea.xml,25766640,f,,N,-1
uk,2026-08-07 19:02:36.01+00,2026-08-05 22:00:00+00,uk.xml,21756051,f,,N,-1
ca,2026-08-07 19:02:48.23+00,2026-08-07 19:02:53.051+00,ca.xml,1850424,f,,N,-1
us,2026-08-07 19:03:05.293+00,2026-08-07 19:03:05.293+00,cuba.xml,262316,f,,N,-1
au,2026-08-08 05:00:00.958+00,2026-07-20 22:00:00+00,au.xlsx,1299680,f,,N,-1
sdn,2026-08-08 05:00:24.127+00,2026-08-06 22:00:00+00,ofac_sdn.xml,28809039,f,,N,-1
ch,2026-08-08 05:01:16.058+00,2026-07-29 22:00:00+00,ch.xml,39920777,f,,N,-1
nsdn,2026-08-08 05:01:54.031+00,2026-07-26 22:00:00+00,ofac_non_sdn.xml,1062621,f,,N,-1
eu,2026-08-08 05:02:00.067+00,2026-08-04 22:00:00+00,euea.xml,25766640,f,,N,-1
uk,2026-08-08 05:02:23.135+00,2026-08-05 22:00:00+00,uk.xml,21756051,f,,N,-1
ca,2026-08-08 05:02:36.09+00,2026-08-08 05:02:40.831+00,ca.xml,1850424,f,,N,-1
us,2026-08-08 05:02:53.76+00,2026-08-08 05:02:53.761+00,cuba.xml,262316,f,,N,-1
au,2026-08-08 19:00:03.155+00,2026-07-20 22:00:00+00,au.xlsx,1299680,f,,N,-1
sdn,2026-08-08 19:00:25.173+00,2026-08-06 22:00:00+00,ofac_sdn.xml,28809039,f,,N,-1
ch,2026-08-08 19:01:13.71+00,2026-07-29 22:00:00+00,ch.xml,39920777,f,,N,-1
nsdn,2026-08-08 19:01:36.181+00,2026-07-26 22:00:00+00,ofac_non_sdn.xml,1062621,f,,N,-1
eu,2026-08-08 19:01:42.138+00,2026-08-04 22:00:00+00,euea.xml,25766640,f,,N,-1
uk,2026-08-08 19:02:00.928+00,2026-08-05 22:00:00+00,uk.xml,21756051,f,,N,-1
ca,2026-08-08 19:02:14.698+00,2026-08-08 19:02:19.354+00,ca.xml,1850424,f,,N,-1
us,2026-08-08 19:02:30.828+00,2026-08-08 19:02:30.829+00,cuba.xml,262316,f,,N,-1
au,2026-08-09 05:00:04.218+00,2026-07-20 22:00:00+00,au.xlsx,1299680,f,,N,-1
sdn,2026-08-09 05:00:30.668+00,2026-08-06 22:00:00+00,ofac_sdn.xml,28809039,f,,N,-1
ch,2026-08-09 05:01:22.837+00,2026-07-29 22:00:00+00,ch.xml,39920777,f,,N,-1
nsdn,2026-08-09 05:02:07.881+00,2026-07-26 22:00:00+00,ofac_non_sdn.xml,1062621,f,,N,-1
eu,2026-08-09 05:02:14.131+00,2026-08-04 22:00:00+00,euea.xml,25766640,f,,N,-1
uk,2026-08-09 05:02:34.62+00,2026-08-05 22:00:00+00,uk.xml,21756051,f,,N,-1
ca,2026-08-09 05:02:48.504+00,2026-08-09 05:02:53.293+00,ca.xml,1850424,f,,N,-1
us,2026-08-09 05:03:07.903+00,2026-08-09 05:03:07.904+00,cuba.xml,262316,f,,N,-1
au,2026-08-09 19:00:07.148+00,2026-07-20 22:00:00+00,au.xlsx,1299680,f,,N,-1
sdn,2026-08-09 19:00:30.647+00,2026-08-06 22:00:00+00,ofac_sdn.xml,28809039,f,,N,-1
ch,2026-08-09 19:01:17.983+00,2026-07-29 22:00:00+00,ch.xml,39920777,f,,N,-1
nsdn,2026-08-09 19:01:39.821+00,2026-07-26 22:00:00+00,ofac_non_sdn.xml,1062621,f,,N,-1
eu,2026-08-09 19:01:46.059+00,2026-08-04 22:00:00+00,euea.xml,25766640,f,,N,-1
uk,2026-08-09 19:02:07.727+00,2026-08-05 22:00:00+00,uk.xml,21756051,f,,N,-1
ca,2026-08-09 19:02:20.394+00,2026-08-09 19:02:25.014+00,ca.xml,1850424,f,,N,-1
us,2026-08-09 19:02:36.413+00,2026-08-09 19:02:36.414+00,cuba.xml,262316,f,,N,-1
au,2026-08-10 05:00:07.686+00,2026-07-20 22:00:00+00,au.xlsx,1299680,f,,N,-1
sdn,2026-08-10 05:00:34.393+00,2026-08-06 22:00:00+00,ofac_sdn.xml,28809039,f,,N,-1
ch,2026-08-10 05:01:25.797+00,2026-07-29 22:00:00+00,ch.xml,39920777,f,,N,-1
nsdn,2026-08-10 05:02:02.1+00,2026-07-26 22:00:00+00,ofac_non_sdn.xml,1062621,f,,N,-1
eu,2026-08-10 05:02:08.566+00,2026-08-04 22:00:00+00,euea.xml,25766640,f,,N,-1
uk,2026-08-10 05:02:29.876+00,2026-08-05 22:00:00+00,uk.xml,21756051,f,,N,-1
ca,2026-08-10 05:02:43.176+00,2026-08-10 05:02:47.664+00,ca.xml,1850424,f,,N,-1
us,2026-08-10 05:03:00.979+00,2026-08-10 05:03:00.98+00,cuba.xml,262316,f,,N,-1
au,2026-08-10 19:00:09.354+00,2026-07-20 22:00:00+00,au.xlsx,1299680,f,,N,-1
sdn,2026-08-10 19:00:36.114+00,2026-08-06 22:00:00+00,ofac_sdn.xml,28809039,f,,N,-1
ch,2026-08-10 19:01:27.159+00,2026-07-29 22:00:00+00,ch.xml,39920777,f,,N,-1
nsdn,2026-08-10 19:01:47.139+00,2026-07-26 22:00:00+00,ofac_non_sdn.xml,1062621,f,,N,-1
eu,2026-08-10 19:01:53.383+00,2026-08-04 22:00:00+00,euea.xml,25766640,f,,N,-1
uk,2026-08-10 19:02:17.037+00,2026-08-05 22:00:00+00,uk.xml,21756051,f,,N,-1
ca,2026-08-10 19:02:30.169+00,2026-08-10 19:02:34.748+00,ca.xml,1850692,f,,N,-1
us,2026-08-10 19:02:47.092+00,2026-08-10 19:02:47.093+00,cuba.xml,262316,f,,N,-1
au,2026-08-11 05:00:07.153+00,2026-07-20 22:00:00+00,au.xlsx,1299680,f,,N,-1
sdn,2026-08-11 05:00:28.851+00,2026-08-06 22:00:00+00,ofac_sdn.xml,28809039,f,,N,-1
ch,2026-08-11 05:01:17.908+00,2026-08-10 22:00:00+00,ch.xml,40102192,f,,N,-1
nsdn,2026-08-11 05:01:50.062+00,2026-07-26 22:00:00+00,ofac_non_sdn.xml,1062621,f,,N,-1
eu,2026-08-11 05:01:55.948+00,2026-08-04 22:00:00+00,euea.xml,25766640,f,,N,-1
uk,2026-08-11 05:02:17.978+00,2026-08-05 22:00:00+00,uk.xml,21756051,f,,N,-1
ca,2026-08-11 05:02:30.407+00,2026-08-11 05:02:34.983+00,ca.xml,1850692,f,,N,-1
us,2026-08-11 05:02:47.571+00,2026-08-11 05:02:47.571+00,cuba.xml,262316,f,,N,-1
au,2026-08-11 19:00:02.356+00,2026-07-20 22:00:00+00,au.xlsx,1299680,f,,N,-1
sdn,2026-08-11 19:00:26.189+00,2026-08-06 22:00:00+00,ofac_sdn.xml,28809039,f,,N,-1
ch,2026-08-11 19:01:15.798+00,2026-08-10 22:00:00+00,ch.xml,40102192,f,,N,-1
nsdn,2026-08-11 19:01:38.301+00,2026-07-26 22:00:00+00,ofac_non_sdn.xml,1062621,f,,N,-1
eu,2026-08-11 19:01:44.63+00,2026-08-04 22:00:00+00,euea.xml,25766640,f,,N,-1
uk,2026-08-11 19:02:05.361+00,2026-08-05 22:00:00+00,uk.xml,21756051,f,,N,-1
ca,2026-08-11 19:02:17.369+00,2026-08-11 19:02:22.065+00,ca.xml,1850692,f,,N,-1
us,2026-08-11 19:02:33.335+00,2026-08-11 19:02:33.336+00,cuba.xml,262316,f,,N,-1
au,2026-08-12 05:00:04.243+00,2026-07-20 22:00:00+00,au.xlsx,1299680,f,,N,-1
sdn,2026-08-12 05:00:28.827+00,2026-08-06 22:00:00+00,ofac_sdn.xml,28809039,f,,N,-1
ch,2026-08-12 05:01:21.365+00,2026-08-10 22:00:00+00,ch.xml,40102192,f,,N,-1
nsdn,2026-08-12 05:01:57.373+00,2026-07-26 22:00:00+00,ofac_non_sdn.xml,1062621,f,,N,-1
eu,2026-08-12 05:02:03.698+00,2026-08-04 22:00:00+00,euea.xml,25766640,f,,N,-1
uk,2026-08-12 05:02:37.044+00,2026-08-05 22:00:00+00,uk.xml,21756051,f,,N,-1
ca,2026-08-12 05:02:49.639+00,2026-08-12 05:02:54.26+00,ca.xml,1850692,f,,N,-1
us,2026-08-12 05:03:12.417+00,2026-08-12 05:03:12.418+00,cuba.xml,262316,f,,N,-1
au,2026-08-12 19:00:04.654+00,2026-07-20 22:00:00+00,au.xlsx,1299680,f,,N,-1
sdn,2026-08-12 19:00:29.469+00,2026-08-06 22:00:00+00,ofac_sdn.xml,28809039,f,,N,-1
ch,2026-08-12 19:01:20.743+00,2026-08-10 22:00:00+00,ch.xml,40102192,f,,N,-1
nsdn,2026-08-12 19:01:43.213+00,2026-07-26 22:00:00+00,ofac_non_sdn.xml,1062621,f,,N,-1
eu,2026-08-12 19:01:50.589+00,2026-08-04 22:00:00+00,euea.xml,25766640,f,,N,-1
uk,2026-08-12 19:02:11.106+00,2026-08-05 22:00:00+00,uk.xml,21756051,f,,N,-1
ca,2026-08-12 19:02:23.278+00,2026-08-12 19:02:27.853+00,ca.xml,1850692,f,,N,-1
us,2026-08-12 19:02:38.673+00,2026-08-12 19:02:38.673+00,cuba.xml,262316,f,,N,-1
au,2026-08-13 05:00:01.75+00,2026-07-20 22:00:00+00,au.xlsx,1299680,f,,N,-1
sdn,2026-08-13 05:00:24.648+00,2026-08-06 22:00:00+00,ofac_sdn.xml,28809039,f,,N,-1
ch,2026-08-13 05:01:14.206+00,2026-08-10 22:00:00+00,ch.xml,40102192,f,,N,-1
nsdn,2026-08-13 05:01:54.478+00,2026-07-26 22:00:00+00,ofac_non_sdn.xml,1062621,f,,N,-1
eu,2026-08-13 05:02:00.735+00,2026-08-04 22:00:00+00,euea.xml,25766640,f,,N,-1
uk,2026-08-13 05:02:21.652+00,2026-08-05 22:00:00+00,uk.xml,21756051,f,,N,-1
ca,2026-08-13 05:02:34.593+00,2026-08-13 05:02:40.733+00,ca.xml,1850692,f,,N,-1
us,2026-08-13 05:02:53.238+00,2026-08-13 05:02:53.238+00,cuba.xml,262316,f,,N,-1
au,2026-08-13 19:00:08.414+00,2026-07-20 22:00:00+00,au.xlsx,1299680,f,,N,-1
sdn,2026-08-13 19:00:31.776+00,2026-08-06 22:00:00+00,ofac_sdn.xml,28809039,f,,N,-1
ch,2026-08-13 19:01:23.842+00,2026-08-10 22:00:00+00,ch.xml,40102192,f,,N,-1
nsdn,2026-08-13 19:01:45.942+00,2026-07-26 22:00:00+00,ofac_non_sdn.xml,1062621,f,,N,-1
eu,2026-08-13 19:01:52.133+00,2026-08-04 22:00:00+00,euea.xml,25766640,f,,N,-1
uk,2026-08-13 19:02:12.708+00,2026-08-05 22:00:00+00,uk.xml,21756051,f,,N,-1
ca,2026-08-13 19:02:25.127+00,2026-08-13 19:02:29.693+00,ca.xml,1850692,f,,N,-1
us,2026-08-13 19:02:41.305+00,2026-08-13 19:02:41.305+00,cuba.xml,262316,f,,N,-1
au,2026-08-14 05:00:08.968+00,2026-07-20 22:00:00+00,au.xlsx,1299680,f,,N,-1
sdn,2026-08-14 05:00:32.808+00,2026-08-06 22:00:00+00,ofac_sdn.xml,28809039,f,,N,-1
ch,2026-08-14 05:01:27.306+00,2026-08-10 22:00:00+00,ch.xml,40102192,f,,N,-1
nsdn,2026-08-14 05:01:50.412+00,2026-07-26 22:00:00+00,ofac_non_sdn.xml,1062621,f,,N,-1
eu,2026-08-14 05:01:56.806+00,2026-08-04 22:00:00+00,euea.xml,25766640,f,,N,-1
uk,2026-08-14 05:02:18.668+00,2026-08-05 22:00:00+00,uk.xml,21756051,f,,N,-1
ca,2026-08-14 05:02:31.785+00,2026-08-14 05:02:36.26+00,ca.xml,1850692,f,,N,-1
us,2026-08-14 05:02:49.216+00,2026-08-14 05:02:49.217+00,cuba.xml,262316,f,,N,-1
au,2026-08-14 19:00:05.407+00,2026-07-20 22:00:00+00,au.xlsx,1299680,f,,N,-1
sdn,2026-08-14 19:00:27.355+00,2026-08-06 22:00:00+00,ofac_sdn.xml,28809039,f,,N,-1
ch,2026-08-14 19:01:14.557+00,2026-08-12 22:00:00+00,ch.xml,40121793,f,,N,-1
nsdn,2026-08-14 19:01:38.607+00,2026-07-26 22:00:00+00,ofac_non_sdn.xml,1062621,f,,N,-1
eu,2026-08-14 19:01:44.901+00,2026-08-04 22:00:00+00,euea.xml,25766640,f,,N,-1
uk,2026-08-14 19:02:03.471+00,2026-08-13 22:00:00+00,uk.xml,21758989,f,,N,-1
ca,2026-08-14 19:02:16.203+00,2026-08-14 19:02:20.756+00,ca.xml,1852010,f,,N,-1
us,2026-08-14 19:02:31.967+00,2026-08-14 19:02:31.968+00,cuba.xml,262316,f,,N,-1
au,2026-08-15 05:00:06.872+00,2026-07-20 22:00:00+00,au.xlsx,1299680,f,,N,-1
sdn,2026-08-15 05:00:27.408+00,2026-08-06 22:00:00+00,ofac_sdn.xml,28809039,f,,N,-1
ch,2026-08-15 05:01:15.553+00,2026-08-12 22:00:00+00,ch.xml,40121793,f,,N,-1
nsdn,2026-08-15 05:01:56.239+00,2026-07-26 22:00:00+00,ofac_non_sdn.xml,1062621,f,,N,-1
eu,2026-08-15 05:02:02.074+00,2026-08-04 22:00:00+00,euea.xml,25766640,f,,N,-1
uk,2026-08-15 05:02:22.559+00,2026-08-13 22:00:00+00,uk.xml,21758989,f,,N,-1
ca,2026-08-15 05:02:34.701+00,2026-08-15 05:02:39.203+00,ca.xml,1852010,f,,N,-1
us,2026-08-15 05:02:51.067+00,2026-08-15 05:02:51.068+00,cuba.xml,262316,f,,N,-1
au,2026-08-15 19:00:08.349+00,2026-07-20 22:00:00+00,au.xlsx,1299680,f,,N,-1
sdn,2026-08-15 19:00:31.222+00,2026-08-06 22:00:00+00,ofac_sdn.xml,28809039,f,,N,-1
ch,2026-08-15 19:01:21.202+00,2026-08-12 22:00:00+00,ch.xml,40121793,f,,N,-1
nsdn,2026-08-15 19:01:40.636+00,2026-07-26 22:00:00+00,ofac_non_sdn.xml,1062621,f,,N,-1
eu,2026-08-15 19:01:46.748+00,2026-08-04 22:00:00+00,euea.xml,25766640,f,,N,-1
uk,2026-08-15 19:02:07.209+00,2026-08-13 22:00:00+00,uk.xml,21758989,f,,N,-1
ca,2026-08-15 19:02:19.885+00,2026-08-15 19:02:24.513+00,ca.xml,1852010,f,,N,-1
us,2026-08-15 19:02:36.001+00,2026-08-15 19:02:36.002+00,cuba.xml,262316,f,,N,-1
au,2026-08-16 05:00:09.392+00,2026-07-20 22:00:00+00,au.xlsx,1299680,f,,N,-1
sdn,2026-08-16 05:00:32.504+00,2026-08-06 22:00:00+00,ofac_sdn.xml,28809039,f,,N,-1
ch,2026-08-16 05:01:28.162+00,2026-08-12 22:00:00+00,ch.xml,40121793,f,,N,-1
nsdn,2026-08-16 05:02:01.791+00,2026-07-26 22:00:00+00,ofac_non_sdn.xml,1062621,f,,N,-1
eu,2026-08-16 05:02:08.426+00,2026-08-04 22:00:00+00,euea.xml,25766640,f,,N,-1
uk,2026-08-16 05:02:31.896+00,2026-08-13 22:00:00+00,uk.xml,21758989,f,,N,-1
ca,2026-08-16 05:02:46.39+00,2026-08-16 05:02:50.952+00,ca.xml,1852010,f,,N,-1
us,2026-08-16 05:03:03.516+00,2026-08-16 05:03:03.517+00,cuba.xml,262316,f,,N,-1
au,2026-08-16 19:00:06.037+00,2026-07-20 22:00:00+00,au.xlsx,1299680,f,,N,-1
sdn,2026-08-16 19:00:29.345+00,2026-08-06 22:00:00+00,ofac_sdn.xml,28809039,f,,N,-1
ch,2026-08-16 19:01:16.59+00,2026-08-12 22:00:00+00,ch.xml,40121793,f,,N,-1
nsdn,2026-08-16 19:01:36.578+00,2026-07-26 22:00:00+00,ofac_non_sdn.xml,1062621,f,,N,-1
eu,2026-08-16 19:01:42.699+00,2026-08-04 22:00:00+00,euea.xml,25766640,f,,N,-1
uk,2026-08-16 19:02:00.795+00,2026-08-13 22:00:00+00,uk.xml,21758989,f,,N,-1
ca,2026-08-16 19:02:13.711+00,2026-08-16 19:02:18.304+00,ca.xml,1852010,f,,N,-1
us,2026-08-16 19:02:29.464+00,2026-08-16 19:02:29.464+00,cuba.xml,262316,f,,N,-1
au,2026-08-17 05:00:06.483+00,2026-07-20 22:00:00+00,au.xlsx,1299680,f,,N,-1
sdn,2026-08-17 05:00:32.811+00,2026-08-06 22:00:00+00,ofac_sdn.xml,28809039,f,,N,-1
ch,2026-08-17 05:01:28.461+00,2026-08-16 22:00:00+00,ch.xml,42169636,f,,N,-1
nsdn,2026-08-17 05:02:06.919+00,2026-07-26 22:00:00+00,ofac_non_sdn.xml,1062621,f,,N,-1
eu,2026-08-17 05:02:13.5+00,2026-08-04 22:00:00+00,euea.xml,25766640,f,,N,-1
uk,2026-08-17 05:02:33.394+00,2026-08-13 22:00:00+00,uk.xml,21758989,f,,N,-1
ca,2026-08-17 05:02:46.875+00,2026-08-17 05:02:51.638+00,ca.xml,1852010,f,,N,-1
us,2026-08-17 05:03:04.434+00,2026-08-17 05:03:04.435+00,cuba.xml,262316,f,,N,-1
au,2026-08-17 19:00:09.797+00,2026-07-20 22:00:00+00,au.xlsx,1299680,f,,N,-1
sdn,2026-08-17 19:00:36.006+00,2026-08-06 22:00:00+00,ofac_sdn.xml,28809039,f,,N,-1
ch,2026-08-17 19:01:27.065+00,2026-08-16 22:00:00+00,ch.xml,42194880,f,,N,-1
nsdn,2026-08-17 19:01:48.007+00,2026-07-26 22:00:00+00,ofac_non_sdn.xml,1062621,f,,N,-1
eu,2026-08-17 19:01:54.256+00,2026-08-04 22:00:00+00,euea.xml,25766640,f,,N,-1
uk,2026-08-17 19:02:16.335+00,2026-08-13 22:00:00+00,uk.xml,21758989,f,,N,-1
ca,2026-08-17 19:02:29.513+00,2026-08-17 19:02:34.191+00,ca.xml,1852010,f,,N,-1
us,2026-08-17 19:02:46.601+00,2026-08-17 19:02:46.601+00,cuba.xml,262316,f,,N,-1
au,2026-08-18 05:00:08.541+00,2026-07-20 22:00:00+00,au.xlsx,1299680,f,,N,-1
sdn,2026-08-18 05:00:32.483+00,2026-08-06 22:00:00+00,ofac_sdn.xml,28809039,f,,N,-1
ch,2026-08-18 05:01:22.369+00,2026-08-17 22:00:00+00,ch.xml,42210300,f,,N,-1
nsdn,2026-08-18 05:02:23.646+00,2026-07-26 22:00:00+00,ofac_non_sdn.xml,1062621,f,,N,-1
eu,2026-08-18 05:02:30.051+00,2026-08-04 22:00:00+00,euea.xml,25766640,f,,N,-1
uk,2026-08-18 05:02:50.066+00,2026-08-13 22:00:00+00,uk.xml,21758989,f,,N,-1
ca,2026-08-18 05:03:02.762+00,2026-08-18 05:03:07.319+00,ca.xml,1852010,f,,N,-1
us,2026-08-18 05:03:19.765+00,2026-08-18 05:03:19.766+00,cuba.xml,262316,f,,N,-1
au,2026-08-18 19:00:03.942+00,2026-07-20 22:00:00+00,au.xlsx,1299680,f,,N,-1
sdn,2026-08-18 19:00:29.574+00,2026-08-17 22:00:00+00,ofac_sdn.xml,28812494,f,,N,-1
ch,2026-08-18 19:01:23.966+00,2026-08-17 22:00:00+00,ch.xml,42210300,f,,N,-1
nsdn,2026-08-18 19:01:46.31+00,2026-07-26 22:00:00+00,ofac_non_sdn.xml,1062621,f,,N,-1
eu,2026-08-18 19:01:52.729+00,2026-08-04 22:00:00+00,euea.xml,25766640,f,,N,-1
uk,2026-08-18 19:02:13.893+00,2026-08-17 22:00:00+00,uk.xml,21759949,f,,N,-1
ca,2026-08-18 19:02:26.109+00,2026-08-18 19:02:30.691+00,ca.xml,1852010,f,,N,-1
us,2026-08-18 19:02:42.511+00,2026-08-18 19:02:42.513+00,cuba.xml,262316,f,,N,-1
au,2026-08-19 05:00:06.36+00,2026-07-20 22:00:00+00,au.xlsx,1299680,f,,N,-1
sdn,2026-08-19 05:00:30.157+00,2026-08-17 22:00:00+00,ofac_sdn.xml,28812494,f,,N,-1
ch,2026-08-19 05:01:19.624+00,2026-08-17 22:00:00+00,ch.xml,42210300,f,,N,-1
nsdn,2026-08-19 05:02:22.449+00,2026-07-26 22:00:00+00,ofac_non_sdn.xml,1062621,f,,N,-1
eu,2026-08-19 05:02:28.706+00,2026-08-04 22:00:00+00,euea.xml,25766640,f,,N,-1
uk,2026-08-19 05:02:47.494+00,2026-08-17 22:00:00+00,uk.xml,21759949,f,,N,-1
ca,2026-08-19 05:02:59.388+00,2026-08-19 05:03:03.928+00,ca.xml,1852010,f,,N,-1
us,2026-08-19 05:03:15.473+00,2026-08-19 05:03:15.473+00,cuba.xml,262316,f,,N,-1
au,2026-08-19 19:00:09.656+00,2026-07-20 22:00:00+00,au.xlsx,1299680,f,,N,-1
sdn,2026-08-19 19:00:34.34+00,2026-08-17 22:00:00+00,ofac_sdn.xml,28812494,f,,N,-1
ch,2026-08-19 19:01:27.342+00,2026-08-17 22:00:00+00,ch.xml,42288334,f,,N,-1
nsdn,2026-08-19 19:01:49.282+00,2026-07-26 22:00:00+00,ofac_non_sdn.xml,1062621,f,,N,-1
eu,2026-08-19 19:01:55.449+00,2026-08-04 22:00:00+00,euea.xml,25766640,f,,N,-1
uk,2026-08-19 19:02:18.207+00,2026-08-17 22:00:00+00,uk.xml,21759949,f,,N,-1
ca,2026-08-19 19:02:30.447+00,2026-08-19 19:02:35.121+00,ca.xml,1852010,f,,N,-1
us,2026-08-19 19:02:47.74+00,2026-08-19 19:02:47.74+00,cuba.xml,262316,f,,N,-1
au,2026-08-20 05:00:00.322+00,2026-07-20 22:00:00+00,au.xlsx,1299680,f,,N,-1
sdn,2026-08-20 05:00:24.689+00,2026-08-17 22:00:00+00,ofac_sdn.xml,28812494,f,,N,-1
ch,2026-08-20 05:01:13.861+00,2026-08-17 22:00:00+00,ch.xml,42288334,f,,N,-1
nsdn,2026-08-20 05:02:18.499+00,2026-07-26 22:00:00+00,ofac_non_sdn.xml,1062621,f,,N,-1
eu,2026-08-20 05:02:24.618+00,2026-08-04 22:00:00+00,euea.xml,25766640,f,,N,-1
uk,2026-08-20 05:02:44.742+00,2026-08-17 22:00:00+00,uk.xml,21759949,f,,N,-1
ca,2026-08-20 05:02:57.196+00,2026-08-20 05:03:01.675+00,ca.xml,1852010,f,,N,-1
us,2026-08-20 05:03:13.624+00,2026-08-20 05:03:13.624+00,cuba.xml,262316,f,,N,-1
au,2026-08-20 19:00:02.744+00,2026-07-20 22:00:00+00,au.xlsx,1299680,f,,N,-1
sdn,2026-08-20 19:00:27.646+00,2026-08-19 22:00:00+00,ofac_sdn.xml,28875846,f,,N,-1
ch,2026-08-20 19:01:30.044+00,2026-08-17 22:00:00+00,ch.xml,42288334,f,,N,-1
nsdn,2026-08-20 19:01:50.908+00,2026-07-26 22:00:00+00,ofac_non_sdn.xml,1062621,f,,N,-1
eu,2026-08-20 19:01:58.582+00,2026-08-04 22:00:00+00,euea.xml,25766640,f,,N,-1
uk,2026-08-20 19:02:20.127+00,2026-08-19 22:00:00+00,uk.xml,21761414,f,,N,-1
ca,2026-08-20 19:02:32.418+00,2026-08-20 19:02:37.101+00,ca.xml,1852010,f,,N,-1
us,2026-08-20 19:02:49.678+00,2026-08-20 19:02:49.679+00,cuba.xml,262316,f,,N,-1
au,2026-08-21 05:00:04.33+00,2026-07-20 22:00:00+00,au.xlsx,1299680,f,,N,-1
sdn,2026-08-21 05:00:29.168+00,2026-08-19 22:00:00+00,ofac_sdn.xml,28875846,f,,N,-1
ch,2026-08-21 05:01:21.652+00,2026-08-17 22:00:00+00,ch.xml,42288334,f,,N,-1
nsdn,2026-08-21 05:02:05.805+00,2026-07-26 22:00:00+00,ofac_non_sdn.xml,1062621,f,,N,-1
eu,2026-08-21 05:02:12.197+00,2026-08-04 22:00:00+00,euea.xml,25766640,f,,N,-1
uk,2026-08-21 05:02:35.305+00,2026-08-19 22:00:00+00,uk.xml,21761414,f,,N,-1
ca,2026-08-21 05:02:48.7+00,2026-08-21 05:02:53.246+00,ca.xml,1852010,f,,N,-1
us,2026-08-21 05:03:06.089+00,2026-08-21 05:03:06.09+00,cuba.xml,262316,f,,N,-1
au,2026-08-21 19:00:04.906+00,2026-08-20 22:00:00+00,au.xlsx,1339717,f,,N,-1
sdn,2026-08-21 19:00:27.427+00,2026-08-19 22:00:00+00,ofac_sdn.xml,28875846,f,,N,-1
ch,2026-08-21 19:01:14.986+00,2026-08-17 22:00:00+00,ch.xml,42288334,f,,N,-1
nsdn,2026-08-21 19:01:47.232+00,2026-07-26 22:00:00+00,ofac_non_sdn.xml,1062621,f,,N,-1
aq,2026-08-21 19:01:50.695+00,2026-08-20 21:00:03.545+00,onu.xml,2176185,f,,N,-1
eu,2026-08-21 19:01:58.528+00,2026-08-04 22:00:00+00,euea.xml,25766640,f,,N,-1
uk,2026-08-21 19:02:19.032+00,2026-08-19 22:00:00+00,uk.xml,21761414,f,,N,-1
ca,2026-08-21 19:02:31.175+00,2026-08-21 19:02:35.673+00,ca.xml,1852010,f,,N,-1
us,2026-08-21 19:02:47.086+00,2026-08-21 19:02:47.087+00,cuba.xml,262316,f,,N,-1
au,2026-08-22 05:00:05.559+00,2026-08-20 22:00:00+00,au.xlsx,1339717,f,,N,-1
sdn,2026-08-22 05:00:25.803+00,2026-08-19 22:00:00+00,ofac_sdn.xml,28875846,f,,N,-1
ch,2026-08-22 05:01:11.844+00,2026-08-17 22:00:00+00,ch.xml,42288334,f,,N,-1
nsdn,2026-08-22 05:01:51.582+00,2026-07-26 22:00:00+00,ofac_non_sdn.xml,1062621,f,,N,-1
aq,2026-08-22 05:01:55.108+00,2026-08-21 21:00:02.214+00,onu.xml,2176185,f,,N,-1
eu,2026-08-22 05:01:59.098+00,2026-08-04 22:00:00+00,euea.xml,25766640,f,,N,-1
uk,2026-08-22 05:02:19.378+00,2026-08-19 22:00:00+00,uk.xml,21761414,f,,N,-1
ca,2026-08-22 05:02:31.293+00,2026-08-22 05:02:35.913+00,ca.xml,1852010,f,,N,-1
us,2026-08-22 05:02:47.503+00,2026-08-22 05:02:47.504+00,cuba.xml,262316,f,,N,-1
au,2026-08-22 19:00:08.233+00,2026-08-20 22:00:00+00,au.xlsx,1339717,f,,N,-1
sdn,2026-08-22 19:00:31.678+00,2026-08-19 22:00:00+00,ofac_sdn.xml,28875846,f,,N,-1
ch,2026-08-22 19:01:19.714+00,2026-08-17 22:00:00+00,ch.xml,42288334,f,,N,-1
nsdn,2026-08-22 19:01:40.798+00,2026-07-26 22:00:00+00,ofac_non_sdn.xml,1062621,f,,N,-1
aq,2026-08-22 19:01:44.451+00,2026-08-21 21:00:02.214+00,onu.xml,2176185,f,,N,-1
eu,2026-08-22 19:01:48.387+00,2026-08-04 22:00:00+00,euea.xml,25766640,f,,N,-1
uk,2026-08-22 19:02:08.883+00,2026-08-19 22:00:00+00,uk.xml,21761414,f,,N,-1
ca,2026-08-22 19:02:21.239+00,2026-08-22 19:02:25.813+00,ca.xml,1852010,f,,N,-1
us,2026-08-22 19:02:37.808+00,2026-08-22 19:02:37.809+00,cuba.xml,262316,f,,N,-1
au,2026-08-23 05:00:09.637+00,2026-08-20 22:00:00+00,au.xlsx,1339717,f,,N,-1
sdn,2026-08-23 05:00:33.338+00,2026-08-19 22:00:00+00,ofac_sdn.xml,28875846,f,,N,-1
ch,2026-08-23 05:01:25.579+00,2026-08-17 22:00:00+00,ch.xml,42288334,f,,N,-1
nsdn,2026-08-23 05:02:07.74+00,2026-07-26 22:00:00+00,ofac_non_sdn.xml,1062621,f,,N,-1
aq,2026-08-23 05:02:11.366+00,2026-08-22 21:00:03.221+00,onu.xml,2176185,f,,N,-1
eu,2026-08-23 05:02:16.205+00,2026-08-04 22:00:00+00,euea.xml,25766640,f,,N,-1
uk,2026-08-23 05:02:37.435+00,2026-08-19 22:00:00+00,uk.xml,21761414,f,,N,-1
ca,2026-08-23 05:02:51.107+00,2026-08-23 05:02:55.761+00,ca.xml,1852010,f,,N,-1
us,2026-08-23 05:03:08.702+00,2026-08-23 05:03:08.703+00,cuba.xml,262316,f,,N,-1
au,2026-08-23 19:00:02.734+00,2026-08-20 22:00:00+00,au.xlsx,1339717,f,,N,-1
sdn,2026-08-23 19:00:24.989+00,2026-08-19 22:00:00+00,ofac_sdn.xml,28875846,f,,N,-1
ch,2026-08-23 19:01:11.897+00,2026-08-17 22:00:00+00,ch.xml,42288334,f,,N,-1
nsdn,2026-08-23 19:01:32.623+00,2026-07-26 22:00:00+00,ofac_non_sdn.xml,1062621,f,,N,-1
aq,2026-08-23 19:01:36.209+00,2026-08-22 21:00:03.221+00,onu.xml,2176185,f,,N,-1
eu,2026-08-23 19:01:40.048+00,2026-08-04 22:00:00+00,euea.xml,25766640,f,,N,-1
uk,2026-08-23 19:01:58.733+00,2026-08-19 22:00:00+00,uk.xml,21761414,f,,N,-1
ca,2026-08-23 19:02:11.789+00,2026-08-23 19:02:16.375+00,ca.xml,1852010,f,,N,-1
us,2026-08-23 19:02:27.405+00,2026-08-23 19:02:27.406+00,cuba.xml,262316,f,,N,-1
au,2026-08-24 05:00:03.481+00,2026-08-20 22:00:00+00,au.xlsx,1339717,f,,N,-1
sdn,2026-08-24 05:00:30.072+00,2026-08-19 22:00:00+00,ofac_sdn.xml,28875846,f,,N,-1
ch,2026-08-24 05:01:20.418+00,2026-08-17 22:00:00+00,ch.xml,42288334,f,,N,-1
nsdn,2026-08-24 05:02:25.935+00,2026-07-26 22:00:00+00,ofac_non_sdn.xml,1062621,f,,N,-1
aq,2026-08-24 05:02:29.596+00,2026-08-22 21:00:03.221+00,onu.xml,2176185,f,,N,-1
eu,2026-08-24 05:02:33.608+00,2026-08-04 22:00:00+00,euea.xml,25766640,f,,N,-1
uk,2026-08-24 05:02:53.373+00,2026-08-19 22:00:00+00,uk.xml,21761414,f,,N,-1
ca,2026-08-24 05:03:05.788+00,2026-08-24 05:03:10.357+00,ca.xml,1852010,f,,N,-1
us,2026-08-24 05:03:21.715+00,2026-08-24 05:03:21.716+00,cuba.xml,262316,f,,N,-1
au,2026-08-24 19:00:06.636+00,2026-08-20 22:00:00+00,au.xlsx,1339717,f,,N,-1
sdn,2026-08-24 19:00:29.916+00,2026-08-23 22:00:00+00,ofac_sdn.xml,28959580,f,,N,-1
ch,2026-08-24 19:01:26.455+00,2026-08-17 22:00:00+00,ch.xml,42288334,f,,N,-1
nsdn,2026-08-24 19:01:52.75+00,2026-07-26 22:00:00+00,ofac_non_sdn.xml,1062621,f,,N,-1
aq,2026-08-24 19:01:57.76+00,2026-08-22 21:00:03.221+00,onu.xml,2176185,f,,N,-1
eu,2026-08-24 19:02:01.896+00,2026-08-04 22:00:00+00,euea.xml,25766640,f,,N,-1
uk,2026-08-24 19:02:21.723+00,2026-08-19 22:00:00+00,uk.xml,21761414,f,,N,-1
ca,2026-08-24 19:02:33.694+00,2026-08-24 19:02:38.209+00,ca.xml,1852010,f,,N,-1
us,2026-08-24 19:02:49.367+00,2026-08-24 19:02:49.368+00,cuba.xml,262316,f,,N,-1
au,2026-08-25 05:00:09.804+00,2026-08-20 22:00:00+00,au.xlsx,1339717,f,,N,-1
sdn,2026-08-25 05:00:33.267+00,2026-08-23 22:00:00+00,ofac_sdn.xml,28959580,f,,N,-1
ch,2026-08-25 05:01:21.645+00,2026-08-17 22:00:00+00,ch.xml,42288334,f,,N,-1
nsdn,2026-08-25 05:02:09.647+00,2026-07-26 22:00:00+00,ofac_non_sdn.xml,1062621,f,,N,-1
aq,2026-08-25 05:02:13.236+00,2026-08-24 21:00:00.871+00,onu.xml,2176185,f,,N,-1
eu,2026-08-25 05:02:17.258+00,2026-08-04 22:00:00+00,euea.xml,25766640,f,,N,-1
uk,2026-08-25 05:02:37.073+00,2026-08-19 22:00:00+00,uk.xml,21761414,f,,N,-1
us,2026-08-25 05:02:56.199+00,2026-08-25 05:02:56.2+00,cuba.xml,262316,f,,N,-1
au,2026-08-25 19:00:03.761+00,2026-08-20 22:00:00+00,au.xlsx,1339717,f,,N,-1
sdn,2026-08-25 19:00:28.804+00,2026-08-23 22:00:00+00,ofac_sdn.xml,28959580,f,,N,-1
ch,2026-08-25 19:01:18.154+00,2026-08-17 22:00:00+00,ch.xml,42288334,f,,N,-1
nsdn,2026-08-25 19:01:44.026+00,2026-07-26 22:00:00+00,ofac_non_sdn.xml,1062621,f,,N,-1
aq,2026-08-25 19:01:47.654+00,2026-08-24 21:00:00.871+00,onu.xml,2176185,f,,N,-1
eu,2026-08-25 19:01:51.618+00,2026-08-04 22:00:00+00,euea.xml,25766640,f,,N,-1
uk,2026-08-25 19:02:12.769+00,2026-08-19 22:00:00+00,uk.xml,21761414,f,,N,-1
us,2026-08-25 19:02:32.66+00,2026-08-25 19:02:32.661+00,cuba.xml,262316,f,,N,-1
au,2026-08-26 05:00:04.439+00,2026-08-20 22:00:00+00,au.xlsx,1339717,f,,N,-1
sdn,2026-08-26 05:00:24.997+00,2026-08-23 22:00:00+00,ofac_sdn.xml,28959580,f,,N,-1
ch,2026-08-26 05:01:11.534+00,2026-08-17 22:00:00+00,ch.xml,42288334,f,,N,-1
nsdn,2026-08-26 05:01:57.639+00,2026-07-26 22:00:00+00,ofac_non_sdn.xml,1062621,f,,N,-1
aq,2026-08-26 05:02:01.283+00,2026-08-25 21:00:05.797+00,onu.xml,2176185,f,,N,-1
eu,2026-08-26 05:02:06.11+00,2026-08-04 22:00:00+00,euea.xml,25766640,f,,N,-1
uk,2026-08-26 05:02:25.66+00,2026-08-19 22:00:00+00,uk.xml,21761414,f,,N,-1
us,2026-08-26 05:02:46.157+00,2026-08-26 05:02:46.158+00,cuba.xml,262316,f,,N,-1
au,2026-08-26 19:00:02.543+00,2026-08-20 22:00:00+00,au.xlsx,1339717,f,,N,-1
sdn,2026-08-26 19:00:26.333+00,2026-08-25 22:00:00+00,ofac_sdn.xml,28966364,f,,N,-1
ch,2026-08-26 19:01:18.394+00,2026-08-17 22:00:00+00,ch.xml,42288334,f,,N,-1
nsdn,2026-08-26 19:01:38.485+00,2026-07-26 22:00:00+00,ofac_non_sdn.xml,1062621,f,,N,-1
aq,2026-08-26 19:01:42.044+00,2026-08-25 21:00:05.797+00,onu.xml,2176185,f,,N,-1
eu,2026-08-26 19:01:46.125+00,2026-08-04 22:00:00+00,euea.xml,25766640,f,,N,-1
uk,2026-08-26 19:02:05.82+00,2026-08-19 22:00:00+00,uk.xml,21761414,f,,N,-1
us,2026-08-26 19:02:25.257+00,2026-08-26 19:02:25.257+00,cuba.xml,262316,f,,N,-1
au,2026-08-27 05:00:03.26+00,2026-08-20 22:00:00+00,au.xlsx,1339717,f,,N,-1
sdn,2026-08-27 05:00:25.294+00,2026-08-25 22:00:00+00,ofac_sdn.xml,28966364,f,,N,-1
ch,2026-08-27 05:01:12.758+00,2026-08-17 22:00:00+00,ch.xml,42288334,f,,N,-1
nsdn,2026-08-27 05:01:56.088+00,2026-07-26 22:00:00+00,ofac_non_sdn.xml,1062621,f,,N,-1
aq,2026-08-27 05:01:59.606+00,2026-08-26 21:00:04.55+00,onu.xml,2176185,f,,N,-1
eu,2026-08-27 05:02:04.511+00,2026-08-04 22:00:00+00,euea.xml,25766640,f,,N,-1
uk,2026-08-27 05:02:28.382+00,2026-08-19 22:00:00+00,uk.xml,21761414,f,,N,-1
us,2026-08-27 05:02:47.965+00,2026-08-27 05:02:47.966+00,cuba.xml,262316,f,,N,-1
au,2026-08-27 19:00:05.923+00,2026-08-20 22:00:00+00,au.xlsx,1339717,f,,N,-1
sdn,2026-08-27 19:00:31.508+00,2026-08-25 22:00:00+00,ofac_sdn.xml,28966364,f,,N,-1
ch,2026-08-27 19:01:22.784+00,2026-08-17 22:00:00+00,ch.xml,42288334,f,,N,-1
nsdn,2026-08-27 19:01:44.584+00,2026-07-26 22:00:00+00,ofac_non_sdn.xml,1062621,f,,N,-1
aq,2026-08-27 19:01:48.074+00,2026-08-26 21:00:04.55+00,onu.xml,2176185,f,,N,-1
eu,2026-08-27 19:01:52.257+00,2026-08-04 22:00:00+00,euea.xml,25766640,f,,N,-1
uk,2026-08-27 19:02:12.943+00,2026-08-26 22:00:00+00,uk.xml,21761245,f,,N,-1
ca,2026-08-27 19:02:25.157+00,2026-08-27 19:02:31.376+00,ca.xml,2881628,f,,N,-1
us,2026-08-27 19:02:42.473+00,2026-08-27 19:02:42.474+00,cuba.xml,262316,f,,N,-1
au,2026-08-28 05:00:06.508+00,2026-08-20 22:00:00+00,au.xlsx,1339717,f,,N,-1
sdn,2026-08-28 05:00:29.906+00,2026-08-25 22:00:00+00,ofac_sdn.xml,28966364,f,,N,-1
ch,2026-08-28 05:01:20.137+00,2026-08-17 22:00:00+00,ch.xml,42288334,f,,N,-1
nsdn,2026-08-28 05:02:20.414+00,2026-07-26 22:00:00+00,ofac_non_sdn.xml,1062621,f,,N,-1
aq,2026-08-28 05:02:24.221+00,2026-08-27 21:00:03.623+00,onu.xml,2176514,f,,N,-1
eu,2026-08-28 05:02:28.637+00,2026-08-04 22:00:00+00,euea.xml,25766640,f,,N,-1
uk,2026-08-28 05:02:50.821+00,2026-08-26 22:00:00+00,uk.xml,21761245,f,,N,-1
ca,2026-08-28 05:03:05.561+00,2026-08-28 05:03:11.514+00,ca.xml,2881628,f,,N,-1
us,2026-08-28 05:03:23.888+00,2026-08-28 05:03:23.889+00,cuba.xml,262316,f,,N,-1
au,2026-08-28 19:00:08.72+00,2026-08-20 22:00:00+00,au.xlsx,1339717,f,,N,-1
sdn,2026-08-28 19:00:30.771+00,2026-08-27 22:00:00+00,ofac_sdn.xml,28969226,f,,N,-1
ch,2026-08-28 19:01:18.622+00,2026-08-26 22:00:00+00,ch.xml,42296307,f,,N,-1
nsdn,2026-08-28 19:01:45.391+00,2026-07-26 22:00:00+00,ofac_non_sdn.xml,1062621,f,,N,-1
aq,2026-08-28 19:01:48.907+00,2026-08-27 21:00:03.623+00,onu.xml,2176514,f,,N,-1
eu,2026-08-28 19:01:52.795+00,2026-08-04 22:00:00+00,euea.xml,25766640,f,,N,-1
uk,2026-08-28 19:02:11.409+00,2026-08-27 22:00:00+00,uk.xml,21761479,f,,N,-1
ca,2026-08-28 19:02:23.159+00,2026-08-28 19:02:29.213+00,ca.xml,2881628,f,,N,-1
us,2026-08-28 19:02:40.118+00,2026-08-28 19:02:40.119+00,cuba.xml,262316,f,,N,-1
au,2026-08-29 05:00:09.616+00,2026-08-20 22:00:00+00,au.xlsx,1339717,f,,N,-1
sdn,2026-08-29 05:00:32.837+00,2026-08-27 22:00:00+00,ofac_sdn.xml,28969226,f,,N,-1
ch,2026-08-29 05:01:18.645+00,2026-08-26 22:00:00+00,ch.xml,42296307,f,,N,-1
nsdn,2026-08-29 05:02:08.062+00,2026-07-26 22:00:00+00,ofac_non_sdn.xml,1062621,f,,N,-1
aq,2026-08-29 05:02:11.81+00,2026-08-28 21:00:06.997+00,onu.xml,2176514,f,,N,-1
eu,2026-08-29 05:02:16.069+00,2026-08-04 22:00:00+00,euea.xml,25766640,f,,N,-1
uk,2026-08-29 05:02:35.576+00,2026-08-27 22:00:00+00,uk.xml,21761479,f,,N,-1
ca,2026-08-29 05:02:47.377+00,2026-08-29 05:02:53.566+00,ca.xml,2881628,f,,N,-1
us,2026-08-29 05:03:05.068+00,2026-08-29 05:03:05.068+00,cuba.xml,262316,f,,N,-1
au,2026-08-29 19:00:00.512+00,2026-08-20 22:00:00+00,au.xlsx,1339717,f,,N,-1
sdn,2026-08-29 19:00:24.055+00,2026-08-27 22:00:00+00,ofac_sdn.xml,28969226,f,,N,-1
ch,2026-08-29 19:01:15.739+00,2026-08-26 22:00:00+00,ch.xml,42296307,f,,N,-1
nsdn,2026-08-29 19:01:35.586+00,2026-07-26 22:00:00+00,ofac_non_sdn.xml,1062621,f,,N,-1
aq,2026-08-29 19:01:38.867+00,2026-08-28 21:00:06.997+00,onu.xml,2176514,f,,N,-1
eu,2026-08-29 19:01:42.501+00,2026-08-04 22:00:00+00,euea.xml,25766640,f,,N,-1
uk,2026-08-29 19:02:01.463+00,2026-08-27 22:00:00+00,uk.xml,21761479,f,,N,-1
ca,2026-08-29 19:02:13.658+00,2026-08-29 19:02:19.638+00,ca.xml,2881628,f,,N,-1
us,2026-08-29 19:02:30.696+00,2026-08-29 19:02:30.696+00,cuba.xml,262316,f,,N,-1
au,2026-08-30 05:00:01.145+00,2026-08-20 22:00:00+00,au.xlsx,1339717,f,,N,-1
sdn,2026-08-30 05:00:23.311+00,2026-08-27 22:00:00+00,ofac_sdn.xml,28969226,f,,N,-1
ch,2026-08-30 05:01:13.059+00,2026-08-26 22:00:00+00,ch.xml,42296307,f,,N,-1
nsdn,2026-08-30 05:01:54.611+00,2026-07-26 22:00:00+00,ofac_non_sdn.xml,1062621,f,,N,-1
aq,2026-08-30 05:01:58.102+00,2026-08-29 21:00:02.417+00,onu.xml,2176514,f,,N,-1
eu,2026-08-30 05:02:02.629+00,2026-08-04 22:00:00+00,euea.xml,25766640,f,,N,-1
uk,2026-08-30 05:02:22.563+00,2026-08-27 22:00:00+00,uk.xml,21761479,f,,N,-1
ca,2026-08-30 05:02:34.84+00,2026-08-30 05:02:40.964+00,ca.xml,2881628,f,,N,-1
us,2026-08-30 05:02:53.307+00,2026-08-30 05:02:53.307+00,cuba.xml,262316,f,,N,-1
au,2026-08-30 19:00:05.443+00,2026-08-20 22:00:00+00,au.xlsx,1339717,f,,N,-1
sdn,2026-08-30 19:00:30.741+00,2026-08-27 22:00:00+00,ofac_sdn.xml,28969226,f,,N,-1
ch,2026-08-30 19:01:18.802+00,2026-08-26 22:00:00+00,ch.xml,42296307,f,,N,-1
nsdn,2026-08-30 19:01:42.747+00,2026-07-26 22:00:00+00,ofac_non_sdn.xml,1062621,f,,N,-1
aq,2026-08-30 19:01:46.293+00,2026-08-29 21:00:02.417+00,onu.xml,2176514,f,,N,-1
eu,2026-08-30 19:01:49.984+00,2026-08-04 22:00:00+00,euea.xml,25766640,f,,N,-1
uk,2026-08-30 19:02:10.525+00,2026-08-27 22:00:00+00,uk.xml,21761479,f,,N,-1
ca,2026-08-30 19:02:22.583+00,2026-08-30 19:02:28.689+00,ca.xml,2881628,f,,N,-1
us,2026-08-30 19:02:39.699+00,2026-08-30 19:02:39.7+00,cuba.xml,262316,f,,N,-1
au,2026-08-31 05:00:06.411+00,2026-08-20 22:00:00+00,au.xlsx,1339717,f,,N,-1
sdn,2026-08-31 05:00:31.317+00,2026-08-27 22:00:00+00,ofac_sdn.xml,28969226,f,,N,-1
ch,2026-08-31 05:01:21.448+00,2026-08-26 22:00:00+00,ch.xml,42296307,f,,N,-1
nsdn,2026-08-31 05:02:16.923+00,2026-07-26 22:00:00+00,ofac_non_sdn.xml,1062621,f,,N,-1
aq,2026-08-31 05:02:20.413+00,2026-08-29 21:00:02.417+00,onu.xml,2176514,f,,N,-1
eu,2026-08-31 05:02:24.507+00,2026-08-04 22:00:00+00,euea.xml,25766640,f,,N,-1
uk,2026-08-31 05:02:44.104+00,2026-08-27 22:00:00+00,uk.xml,21761479,f,,N,-1
ca,2026-08-31 05:02:56.577+00,2026-08-31 05:03:02.753+00,ca.xml,2881628,f,,N,-1
us,2026-08-31 05:03:15.081+00,2026-08-31 05:03:15.081+00,cuba.xml,262316,f,,N,-1
au,2026-08-31 19:00:08.2+00,2026-08-20 22:00:00+00,au.xlsx,1339717,f,,N,-1
sdn,2026-08-31 19:00:31.506+00,2026-08-27 22:00:00+00,ofac_sdn.xml,28969226,f,,N,-1
ch,2026-08-31 19:01:21.142+00,2026-08-26 22:00:00+00,ch.xml,42296307,f,,N,-1
nsdn,2026-08-31 19:01:46.339+00,2026-07-26 22:00:00+00,ofac_non_sdn.xml,1062621,f,,N,-1
aq,2026-08-31 19:01:50.02+00,2026-08-29 21:00:02.417+00,onu.xml,2176514,f,,N,-1
eu,2026-08-31 19:01:54.081+00,2026-08-04 22:00:00+00,euea.xml,25766640,f,,N,-1
uk,2026-08-31 19:02:14.696+00,2026-08-27 22:00:00+00,uk.xml,21761479,f,,N,-1
ca,2026-08-31 19:02:27.308+00,2026-08-31 19:02:33.385+00,ca.xml,2881628,f,,N,-1
us,2026-08-31 19:02:44.976+00,2026-08-31 19:02:44.977+00,cuba.xml,262316,f,,N,-1
au,2026-09-01 05:00:01.751+00,2026-08-20 22:00:00+00,au.xlsx,1339717,f,,N,-1
sdn,2026-09-01 05:00:23.96+00,2026-08-27 22:00:00+00,ofac_sdn.xml,28969226,f,,N,-1
ch,2026-09-01 05:01:10.28+00,2026-08-26 22:00:00+00,ch.xml,42296307,f,,N,-1
nsdn,2026-09-01 05:01:43.928+00,2026-07-26 22:00:00+00,ofac_non_sdn.xml,1062621,f,,N,-1
aq,2026-09-01 05:01:47.318+00,2026-08-31 21:00:06.368+00,onu.xml,2176514,f,,N,-1
eu,2026-09-01 05:01:51.369+00,2026-08-04 22:00:00+00,euea.xml,25766640,f,,N,-1
uk,2026-09-01 05:02:11.717+00,2026-08-27 22:00:00+00,uk.xml,21761479,f,,N,-1
ca,2026-09-01 05:02:23.6+00,2026-09-01 05:02:29.762+00,ca.xml,2881628,f,,N,-1
us,2026-09-01 05:02:40.955+00,2026-09-01 05:02:40.956+00,cuba.xml,262316,f,,N,-1
sdn,2026-09-01 19:00:08.439+00,2026-08-27 22:00:00+00,ofac_sdn.xml,28969226,f,f92b993c5fb4c56c65117a6be863d9fd,N,19321
au,2026-09-01 19:01:01.352+00,2026-08-27 22:00:00+00,au.xlsx,1351949,f,41eb0f373808a62108a96094922d45a8,S,3906
ch,2026-09-01 19:01:24.372+00,2026-08-26 22:00:00+00,ch.xml,42296307,f,4f5731fff7af0e096397e278e11f9f95,N,8667
nsdn,2026-09-01 19:01:51.282+00,2026-07-26 22:00:00+00,ofac_non_sdn.xml,1062621,f,aa66ce640d273dc4bc62dd8a85b6705d,N,481
aq,2026-09-01 19:01:54.91+00,2026-08-31 21:00:06.368+00,onu.xml,2176514,f,8e248f0f938e6e0ab413996c85a3a400,N,1011
eu,2026-09-01 19:01:58.956+00,2026-08-04 22:00:00+00,euea.xml,25766640,f,af7d19b3a37004a2c25814264cd46fcd,N,6234
uk,2026-09-01 19:02:19.569+00,2026-08-27 22:00:00+00,uk.xml,21761479,f,cd0cd887065b9be7d132369aed0ea610,N,6334
ca,2026-09-01 19:02:31.334+00,2026-09-01 19:02:37.617+00,ca.xml,2881628,f,48161b89f2678dda9f8ee6e27ef149ce,N,5690
us,2026-09-01 19:02:48.906+00,2026-09-01 19:02:48.909+00,cuba.xml,262316,f,001ed3d313d7178ccd772d51e7454cad,N,706
sdn,2026-09-02 05:00:08.069+00,2026-08-27 22:00:00+00,ofac_sdn.xml,28969226,f,f92b993c5fb4c56c65117a6be863d9fd,N,19321
au,2026-09-02 05:00:59.22+00,2026-08-27 22:00:00+00,au.xlsx,1351949,f,41eb0f373808a62108a96094922d45a8,N,3906
ch,2026-09-02 05:01:19.126+00,2026-08-26 22:00:00+00,ch.xml,42296307,f,4f5731fff7af0e096397e278e11f9f95,N,8667
nsdn,2026-09-02 05:01:57.376+00,2026-07-26 22:00:00+00,ofac_non_sdn.xml,1062621,f,aa66ce640d273dc4bc62dd8a85b6705d,N,481
aq,2026-09-02 05:02:01.49+00,2026-09-01 21:00:05.434+00,onu.xml,2176514,f,e24cca7032da254bdf141e1f2301d195,N,1011
eu,2026-09-02 05:02:06.011+00,2026-08-04 22:00:00+00,euea.xml,25766640,f,af7d19b3a37004a2c25814264cd46fcd,N,6234
uk,2026-09-02 05:02:25.708+00,2026-08-27 22:00:00+00,uk.xml,21761479,f,cd0cd887065b9be7d132369aed0ea610,N,6334
ca,2026-09-02 05:02:38.267+00,2026-09-02 05:02:44.274+00,ca.xml,2881628,f,48161b89f2678dda9f8ee6e27ef149ce,N,5690
us,2026-09-02 05:02:56.131+00,2026-09-02 05:02:56.133+00,cuba.xml,262316,f,001ed3d313d7178ccd772d51e7454cad,N,706
sdn,2026-09-02 19:00:00.223+00,2026-08-27 22:00:00+00,ofac_sdn.xml,28969226,f,f92b993c5fb4c56c65117a6be863d9fd,N,19321
au,2026-09-02 19:00:56.836+00,2026-08-27 22:00:00+00,au.xlsx,1351949,f,41eb0f373808a62108a96094922d45a8,N,3906
ch,2026-09-02 19:01:17.995+00,2026-08-26 22:00:00+00,ch.xml,42296307,f,4f5731fff7af0e096397e278e11f9f95,N,8667
nsdn,2026-09-02 19:01:44.017+00,2026-07-26 22:00:00+00,ofac_non_sdn.xml,1062621,f,aa66ce640d273dc4bc62dd8a85b6705d,N,481
aq,2026-09-02 19:01:47.561+00,2026-09-01 21:00:05.434+00,onu.xml,2176514,f,e24cca7032da254bdf141e1f2301d195,N,1011
eu,2026-09-02 19:01:51.458+00,2026-08-04 22:00:00+00,euea.xml,25766640,f,af7d19b3a37004a2c25814264cd46fcd,N,6234
uk,2026-09-02 19:02:11.985+00,2026-09-01 22:00:00+00,uk.xml,21761212,f,24f514e78caf8406de4f046533812350,S,6334
ca,2026-09-02 19:02:24.092+00,2026-09-02 19:02:30.105+00,ca.xml,2881628,f,48161b89f2678dda9f8ee6e27ef149ce,N,5690
us,2026-09-02 19:02:41.319+00,2026-09-02 19:02:41.321+00,cuba.xml,262316,f,001ed3d313d7178ccd772d51e7454cad,N,706
sdn,2026-09-03 05:00:00.876+00,2026-08-27 22:00:00+00,ofac_sdn.xml,28969226,f,f92b993c5fb4c56c65117a6be863d9fd,N,19321
au,2026-09-03 05:00:55.785+00,2026-08-27 22:00:00+00,au.xlsx,1351949,f,41eb0f373808a62108a96094922d45a8,N,3906
ch,2026-09-03 05:01:21.472+00,2026-08-26 22:00:00+00,ch.xml,42296307,f,4f5731fff7af0e096397e278e11f9f95,N,8667
nsdn,2026-09-03 05:02:20.265+00,2026-07-26 22:00:00+00,ofac_non_sdn.xml,1062621,f,aa66ce640d273dc4bc62dd8a85b6705d,N,481
aq,2026-09-03 05:02:23.879+00,2026-09-02 21:00:02.141+00,onu.xml,2176514,f,959914f04db60f12cb6480c24d553b8f,N,1011
eu,2026-09-03 05:02:28.004+00,2026-08-04 22:00:00+00,euea.xml,25766640,f,af7d19b3a37004a2c25814264cd46fcd,N,6234
uk,2026-09-03 05:02:46.469+00,2026-09-01 22:00:00+00,uk.xml,21761212,f,24f514e78caf8406de4f046533812350,N,6334
ca,2026-09-03 05:02:58.324+00,2026-09-03 05:03:04.56+00,ca.xml,2881628,f,48161b89f2678dda9f8ee6e27ef149ce,N,5690
us,2026-09-03 05:03:16.322+00,2026-09-03 05:03:16.324+00,cuba.xml,262316,f,001ed3d313d7178ccd772d51e7454cad,N,706
sdn,2026-09-03 19:00:03.145+00,2026-09-02 22:00:00+00,ofac_sdn.xml,28973302,f,d169616a0a86eb0ce3d1531d78d06d8b,S,19326
au,2026-09-03 19:00:57.661+00,2026-08-27 22:00:00+00,au.xlsx,1351949,f,41eb0f373808a62108a96094922d45a8,N,3906
ch,2026-09-03 19:01:18.916+00,2026-08-26 22:00:00+00,ch.xml,42296307,f,4f5731fff7af0e096397e278e11f9f95,N,8667
nsdn,2026-09-03 19:01:42.571+00,2026-07-26 22:00:00+00,ofac_non_sdn.xml,1062621,f,aa66ce640d273dc4bc62dd8a85b6705d,N,481
aq,2026-09-03 19:01:46.177+00,2026-09-02 21:00:02.141+00,onu.xml,2176514,f,959914f04db60f12cb6480c24d553b8f,N,1011
eu,2026-09-03 19:01:50.069+00,2026-08-04 22:00:00+00,euea.xml,25766640,f,af7d19b3a37004a2c25814264cd46fcd,N,6234
uk,2026-09-03 19:02:10.816+00,2026-09-02 22:00:00+00,uk.xml,21760867,f,849ca9b1781140c7f8664442ef6f5a4e,S,6334
ca,2026-09-03 19:02:23.241+00,2026-09-03 19:02:29.237+00,ca.xml,2881628,f,48161b89f2678dda9f8ee6e27ef149ce,N,5690
us,2026-09-03 19:02:40.621+00,2026-09-03 19:02:40.623+00,cuba.xml,262316,f,001ed3d313d7178ccd772d51e7454cad,N,706
sdn,2026-09-04 05:00:05.177+00,2026-09-02 22:00:00+00,ofac_sdn.xml,28973302,f,d169616a0a86eb0ce3d1531d78d06d8b,N,19326
au,2026-09-04 05:01:01.358+00,2026-08-27 22:00:00+00,au.xlsx,1351949,f,41eb0f373808a62108a96094922d45a8,N,3906
ch,2026-09-04 05:01:22.887+00,2026-08-26 22:00:00+00,ch.xml,42296307,f,4f5731fff7af0e096397e278e11f9f95,N,8667
nsdn,2026-09-04 05:02:14.446+00,2026-07-26 22:00:00+00,ofac_non_sdn.xml,1062621,f,aa66ce640d273dc4bc62dd8a85b6705d,N,481
aq,2026-09-04 05:02:18.158+00,2026-09-03 21:00:00.818+00,onu.xml,2176514,f,cc9baa42a846ee4064090bf98fc892b2,N,1011
eu,2026-09-04 05:02:22.091+00,2026-08-04 22:00:00+00,euea.xml,25766640,f,af7d19b3a37004a2c25814264cd46fcd,N,6234
uk,2026-09-04 05:02:42.234+00,2026-09-02 22:00:00+00,uk.xml,21760867,f,849ca9b1781140c7f8664442ef6f5a4e,N,6334
ca,2026-09-04 05:02:54.27+00,2026-09-04 05:03:00.486+00,ca.xml,2881628,f,48161b89f2678dda9f8ee6e27ef149ce,N,5690
us,2026-09-04 05:03:12.995+00,2026-09-04 05:03:12.998+00,cuba.xml,262316,f,001ed3d313d7178ccd772d51e7454cad,N,706
sdn,2026-09-04 19:00:01.596+00,2026-09-03 22:00:00+00,ofac_sdn.xml,28978335,f,03fd84a75fb339fa9be48e58b95c288b,S,19329
au,2026-09-04 19:01:01.636+00,2026-08-27 22:00:00+00,au.xlsx,1350321,f,64a17ea86f580a24e7e70853cacf6251,N,3906
ch,2026-09-04 19:01:23.281+00,2026-08-26 22:00:00+00,ch.xml,42296307,f,4f5731fff7af0e096397e278e11f9f95,N,8667
nsdn,2026-09-04 19:01:55.887+00,2026-07-26 22:00:00+00,ofac_non_sdn.xml,1062621,f,3352e4cee5484de42b83b810b4d69383,S,481
aq,2026-09-04 19:01:59.513+00,2026-09-03 21:00:00.818+00,onu.xml,2176514,f,cc9baa42a846ee4064090bf98fc892b2,N,1011
eu,2026-09-04 19:02:04.14+00,2026-08-04 22:00:00+00,euea.xml,25766640,f,af7d19b3a37004a2c25814264cd46fcd,N,6234
uk,2026-09-04 19:02:24.215+00,2026-09-02 22:00:00+00,uk.xml,21760867,f,849ca9b1781140c7f8664442ef6f5a4e,N,6334
ca,2026-09-04 19:02:36.028+00,2026-09-04 19:02:42.166+00,ca.xml,2881628,f,48161b89f2678dda9f8ee6e27ef149ce,N,5690
us,2026-09-04 19:02:53.203+00,2026-09-04 19:02:53.206+00,cuba.xml,262316,f,001ed3d313d7178ccd772d51e7454cad,N,706
sdn,2026-09-05 05:00:02.443+00,2026-09-03 22:00:00+00,ofac_sdn.xml,28978335,f,03fd84a75fb339fa9be48e58b95c288b,N,19329
au,2026-09-05 05:00:53.316+00,2026-08-27 22:00:00+00,au.xlsx,1350321,f,64a17ea86f580a24e7e70853cacf6251,N,3906
ch,2026-09-05 05:01:14.091+00,2026-08-26 22:00:00+00,ch.xml,42296307,f,4f5731fff7af0e096397e278e11f9f95,N,8667
nsdn,2026-09-05 05:01:48.732+00,2026-07-26 22:00:00+00,ofac_non_sdn.xml,1062621,f,3352e4cee5484de42b83b810b4d69383,N,481
aq,2026-09-05 05:01:52.255+00,2026-09-04 21:00:03.461+00,onu.xml,2176957,f,b03e569364531dd2427768e61048e78f,S,1011
eu,2026-09-05 05:01:56.377+00,2026-08-04 22:00:00+00,euea.xml,25766640,f,af7d19b3a37004a2c25814264cd46fcd,N,6234
uk,2026-09-05 05:02:17.879+00,2026-09-02 22:00:00+00,uk.xml,21760867,f,849ca9b1781140c7f8664442ef6f5a4e,N,6334
ca,2026-09-05 05:02:30.624+00,2026-09-05 05:02:36.555+00,ca.xml,2881628,f,48161b89f2678dda9f8ee6e27ef149ce,N,5690
us,2026-09-05 05:02:48.067+00,2026-09-05 05:02:48.069+00,cuba.xml,262316,f,001ed3d313d7178ccd772d51e7454cad,N,706
sdn,2026-09-07 05:00:00.621+00,2026-09-03 22:00:00+00,ofac_sdn.xml,28978335,f,03fd84a75fb339fa9be48e58b95c288b,N,19329
au,2026-09-07 05:01:09.661+00,2026-08-27 22:00:00+00,au.xlsx,1350321,f,64a17ea86f580a24e7e70853cacf6251,N,3906
ch,2026-09-07 05:01:31.376+00,2026-08-26 22:00:00+00,ch.xml,42296307,f,4f5731fff7af0e096397e278e11f9f95,N,8667
nsdn,2026-09-07 05:02:22.086+00,2026-07-26 22:00:00+00,ofac_non_sdn.xml,1062621,f,3352e4cee5484de42b83b810b4d69383,N,481
aq,2026-09-07 05:02:25.687+00,2026-09-05 21:00:04.811+00,onu.xml,2176957,f,5ed424c918fba84205cb0c739a930eeb,N,1011
eu,2026-09-07 05:02:30.148+00,2026-08-04 22:00:00+00,euea.xml,25766640,f,af7d19b3a37004a2c25814264cd46fcd,N,6234
uk,2026-09-07 05:02:52.304+00,2026-09-02 22:00:00+00,uk.xml,21760867,f,849ca9b1781140c7f8664442ef6f5a4e,N,6334
ca,2026-09-07 05:03:05.716+00,2026-09-07 05:03:11.873+00,ca.xml,2881628,f,48161b89f2678dda9f8ee6e27ef149ce,N,5690
us,2026-09-07 05:03:24.46+00,2026-09-07 05:03:24.462+00,cuba.xml,262316,f,001ed3d313d7178ccd772d51e7454cad,N,706
sdn,2026-09-07 19:00:03.652+00,2026-09-03 22:00:00+00,ofac_sdn.xml,28978335,f,03fd84a75fb339fa9be48e58b95c288b,N,19329
au,2026-09-07 19:01:09.758+00,2026-08-27 22:00:00+00,au.xlsx,1350321,f,64a17ea86f580a24e7e70853cacf6251,N,3906
ch,2026-09-07 19:01:29.506+00,2026-09-03 22:00:00+00,ch.xml,42300406,f,f6ebf0ad4e41c1cdd7cc81ba90560c62,S,8667
nsdn,2026-09-07 19:01:54.14+00,2026-07-26 22:00:00+00,ofac_non_sdn.xml,1062621,f,3352e4cee5484de42b83b810b4d69383,N,481
aq,2026-09-07 19:01:57.707+00,2026-09-05 21:00:04.811+00,onu.xml,2176957,f,5ed424c918fba84205cb0c739a930eeb,N,1011
eu,2026-09-07 19:02:01.806+00,2026-08-04 22:00:00+00,euea.xml,25766640,f,af7d19b3a37004a2c25814264cd46fcd,N,6234
uk,2026-09-07 19:02:23.497+00,2026-09-06 22:00:00+00,uk.xml,21761355,f,922b9eab28f38b72a81289839b608388,N,6334
ca,2026-09-07 19:02:36.92+00,2026-09-07 19:02:42.872+00,ca.xml,2881628,f,48161b89f2678dda9f8ee6e27ef149ce,N,5690
us,2026-09-07 19:02:55.041+00,2026-09-07 19:02:55.048+00,cuba.xml,262316,f,001ed3d313d7178ccd772d51e7454cad,N,706
sdn,2026-09-08 05:00:04.043+00,2026-09-03 22:00:00+00,ofac_sdn.xml,28978335,f,03fd84a75fb339fa9be48e58b95c288b,N,19329
au,2026-09-08 05:00:54.074+00,2026-08-27 22:00:00+00,au.xlsx,1350321,f,64a17ea86f580a24e7e70853cacf6251,N,3906
ch,2026-09-08 05:01:14.327+00,2026-09-03 22:00:00+00,ch.xml,42300406,f,f6ebf0ad4e41c1cdd7cc81ba90560c62,N,8667
nsdn,2026-09-08 05:02:05.08+00,2026-07-26 22:00:00+00,ofac_non_sdn.xml,1062621,f,3352e4cee5484de42b83b810b4d69383,N,481
aq,2026-09-08 05:02:08.824+00,2026-09-07 21:00:04.871+00,onu.xml,2176957,f,a32e867683da0796458315c6c03c92df,N,1011
eu,2026-09-08 05:02:12.893+00,2026-08-04 22:00:00+00,euea.xml,25766640,f,af7d19b3a37004a2c25814264cd46fcd,N,6234
uk,2026-09-08 05:02:32.098+00,2026-09-06 22:00:00+00,uk.xml,21761355,f,922b9eab28f38b72a81289839b608388,N,6334
ca,2026-09-08 05:02:43.692+00,2026-09-08 05:02:49.856+00,ca.xml,2881628,f,48161b89f2678dda9f8ee6e27ef149ce,N,5690
us,2026-09-08 05:03:00.846+00,2026-09-08 05:03:00.848+00,cuba.xml,262316,f,001ed3d313d7178ccd772d51e7454cad,N,706
sdn,2026-09-09 05:00:03.287+00,2026-09-07 22:00:00+00,ofac_sdn.xml,29033655,f,2292218e8d59a6f38b6dfdc447a3f349,S,19365
au,2026-09-09 05:00:58.434+00,2026-09-06 22:00:00+00,au.xlsx,1348738,f,ff408fa97cc38f0b5a15da85ad2e9928,S,3906
ch,2026-09-09 05:01:19.771+00,2026-09-03 22:00:00+00,ch.xml,42300406,f,f6ebf0ad4e41c1cdd7cc81ba90560c62,N,8667
nsdn,2026-09-09 05:02:12.924+00,2026-07-26 22:00:00+00,ofac_non_sdn.xml,1062621,f,62179bc0dda5d09cd005bb8e2a4650eb,S,481
aq,2026-09-09 05:02:18.2+00,2026-09-08 21:00:04.616+00,onu.xml,2176957,f,ecccc9a94cf646765c30ab7f03667b06,N,1011
eu,2026-09-09 05:02:22.19+00,2026-08-04 22:00:00+00,euea.xml,25766640,f,af7d19b3a37004a2c25814264cd46fcd,N,6234
uk,2026-09-09 05:02:41.739+00,2026-09-07 22:00:00+00,uk.xml,21778820,f,ccf4c629027bc9e4dcdeaaa4b9d16e0a,S,6340
ca,2026-09-09 05:02:53.683+00,2026-09-09 05:02:59.817+00,ca.xml,2881628,f,48161b89f2678dda9f8ee6e27ef149ce,N,5690
us,2026-09-09 05:03:11.567+00,2026-09-09 05:03:11.569+00,cuba.xml,262316,f,001ed3d313d7178ccd772d51e7454cad,N,706
sdn,2026-09-09 19:00:06.376+00,2026-09-08 22:00:00+00,ofac_sdn.xml,29047216,f,54bda81c1de09cce99a2113be434d2b5,S,19369
au,2026-09-09 19:00:56.717+00,2026-09-06 22:00:00+00,au.xlsx,1348738,f,ff408fa97cc38f0b5a15da85ad2e9928,N,3906
ch,2026-09-09 19:01:17.375+00,2026-09-03 22:00:00+00,ch.xml,42300406,f,f6ebf0ad4e41c1cdd7cc81ba90560c62,N,8667
nsdn,2026-09-09 19:01:41.728+00,2026-07-26 22:00:00+00,ofac_non_sdn.xml,1062621,f,62179bc0dda5d09cd005bb8e2a4650eb,N,481
aq,2026-09-09 19:01:45.002+00,2026-09-08 21:00:04.616+00,onu.xml,2176957,f,ecccc9a94cf646765c30ab7f03667b06,N,1011
eu,2026-09-09 19:01:48.699+00,2026-08-04 22:00:00+00,euea.xml,25766640,f,af7d19b3a37004a2c25814264cd46fcd,N,6234
uk,2026-09-09 19:02:09.903+00,2026-09-08 22:00:00+00,uk.xml,21780185,f,cd8f296ed8c8e41a27caf1785adb51f3,S,6340
ca,2026-09-09 19:02:21.42+00,2026-09-09 19:02:27.461+00,ca.xml,2881628,f,48161b89f2678dda9f8ee6e27ef149ce,N,5690
us,2026-09-09 19:02:38.48+00,2026-09-09 19:02:38.482+00,cuba.xml,262316,f,001ed3d313d7178ccd772d51e7454cad,N,706
sdn,2026-09-10 19:00:00.571+00,2026-09-09 22:00:00+00,ofac_sdn.xml,29081903,f,ba4a7094026146203d636c7093b2f5af,S,19388
au,2026-09-10 19:01:05.437+00,2026-09-06 22:00:00+00,au.xlsx,1348738,f,ff408fa97cc38f0b5a15da85ad2e9928,N,3906
ch,2026-09-10 19:01:26.62+00,2026-09-03 22:00:00+00,ch.xml,42300406,f,f6ebf0ad4e41c1cdd7cc81ba90560c62,N,8667
nsdn,2026-09-10 19:01:59.747+00,2026-07-26 22:00:00+00,ofac_non_sdn.xml,1062621,f,125353a776d81bf754a5a33a33b240a0,S,481
aq,2026-09-10 19:02:05.294+00,2026-09-09 21:00:04.485+00,onu.xml,2176957,f,2863a8078b3fed62e29c6e14bf6fa008,N,1011
eu,2026-09-10 19:02:09.398+00,2026-08-04 22:00:00+00,euea.xml,25766640,f,af7d19b3a37004a2c25814264cd46fcd,N,6234
uk,2026-09-10 19:02:30.298+00,2026-09-09 22:00:00+00,uk.xml,21780852,f,fbe33ebf3dc195e987c0f750a2475ca8,S,6340
ca,2026-09-10 19:02:42.413+00,2026-09-10 19:02:48.628+00,ca.xml,2886866,f,e4dc3f90a59d382092c14840542c11ec,S,5698
us,2026-09-10 19:03:00.036+00,2026-09-10 19:03:00.037+00,cuba.xml,262316,f,001ed3d313d7178ccd772d51e7454cad,N,706
sdn,2026-09-11 05:00:06.938+00,2026-09-09 22:00:00+00,ofac_sdn.xml,29081903,f,ba4a7094026146203d636c7093b2f5af,N,19388
au,2026-09-11 05:00:57.707+00,2026-09-06 22:00:00+00,au.xlsx,1348738,f,ff408fa97cc38f0b5a15da85ad2e9928,N,3906
ch,2026-09-11 05:01:19.378+00,2026-09-03 22:00:00+00,ch.xml,42300406,f,f6ebf0ad4e41c1cdd7cc81ba90560c62,N,8667
nsdn,2026-09-11 05:02:12.1+00,2026-07-26 22:00:00+00,ofac_non_sdn.xml,1062621,f,125353a776d81bf754a5a33a33b240a0,N,481
aq,2026-09-11 05:02:15.674+00,2026-09-10 21:00:06.602+00,onu.xml,2176957,f,21464a172093a147882bd63c2804086e,N,1011
eu,2026-09-11 05:02:19.983+00,2026-08-04 22:00:00+00,euea.xml,25766640,f,af7d19b3a37004a2c25814264cd46fcd,N,6234
uk,2026-09-11 05:02:41.577+00,2026-09-09 22:00:00+00,uk.xml,21780852,f,fbe33ebf3dc195e987c0f750a2475ca8,N,6340
ca,2026-09-11 05:02:54.66+00,2026-09-11 05:03:00.741+00,ca.xml,2886866,f,e4dc3f90a59d382092c14840542c11ec,N,5698
us,2026-09-11 05:03:12.802+00,2026-09-11 05:03:12.804+00,cuba.xml,262316,f,001ed3d313d7178ccd772d51e7454cad,N,706
sdn,2026-09-11 19:00:08.759+00,2026-09-09 22:00:00+00,ofac_sdn.xml,29081903,f,ba4a7094026146203d636c7093b2f5af,N,19388
au,2026-09-11 19:00:59.612+00,2026-09-06 22:00:00+00,au.xlsx,1348738,f,ff408fa97cc38f0b5a15da85ad2e9928,N,3906
ch,2026-09-11 19:01:22.088+00,2026-09-03 22:00:00+00,ch.xml,42300406,f,f6ebf0ad4e41c1cdd7cc81ba90560c62,N,8667
nsdn,2026-09-11 19:01:50.037+00,2026-07-26 22:00:00+00,ofac_non_sdn.xml,1062621,f,125353a776d81bf754a5a33a33b240a0,N,481
aq,2026-09-11 19:01:53.567+00,2026-09-10 21:00:06.602+00,onu.xml,2176957,f,21464a172093a147882bd63c2804086e,N,1011
eu,2026-09-11 19:01:57.59+00,2026-08-04 22:00:00+00,euea.xml,25766640,f,af7d19b3a37004a2c25814264cd46fcd,N,6234
uk,2026-09-11 19:02:18.342+00,2026-09-10 22:00:00+00,uk.xml,21780935,f,0f0fb054de80be6785aaa101bf20b9f7,S,6340
ca,2026-09-11 19:02:31.221+00,2026-09-11 19:02:37.455+00,ca.xml,2886866,f,e4dc3f90a59d382092c14840542c11ec,N,5698
us,2026-09-11 19:02:49.339+00,2026-09-11 19:02:49.341+00,cuba.xml,262316,f,001ed3d313d7178ccd772d51e7454cad,N,706
sdn,2026-09-12 05:00:03.645+00,2026-09-09 22:00:00+00,ofac_sdn.xml,29081903,f,ba4a7094026146203d636c7093b2f5af,N,19388
au,2026-09-12 05:00:59.553+00,2026-09-06 22:00:00+00,au.xlsx,1348738,f,ff408fa97cc38f0b5a15da85ad2e9928,N,3906
ch,2026-09-12 05:01:20.571+00,2026-09-03 22:00:00+00,ch.xml,42300406,f,f6ebf0ad4e41c1cdd7cc81ba90560c62,N,8667
nsdn,2026-09-12 05:01:57.651+00,2026-07-26 22:00:00+00,ofac_non_sdn.xml,1062621,f,125353a776d81bf754a5a33a33b240a0,N,481
aq,2026-09-12 05:02:01.394+00,2026-09-11 21:00:03.157+00,onu.xml,2176957,f,2c2dd04404231e19fc1814db786e62c0,N,1011
eu,2026-09-12 05:02:05.845+00,2026-08-04 22:00:00+00,euea.xml,25766640,f,af7d19b3a37004a2c25814264cd46fcd,N,6234
uk,2026-09-12 05:02:27.544+00,2026-09-10 22:00:00+00,uk.xml,21780935,f,0f0fb054de80be6785aaa101bf20b9f7,N,6340
ca,2026-09-12 05:02:39.708+00,2026-09-12 05:02:45.893+00,ca.xml,2886866,f,e4dc3f90a59d382092c14840542c11ec,N,5698
us,2026-09-12 05:02:57.33+00,2026-09-12 05:02:57.332+00,cuba.xml,262316,f,001ed3d313d7178ccd772d51e7454cad,N,706
sdn,2026-09-12 19:00:04.466+00,2026-09-09 22:00:00+00,ofac_sdn.xml,29081903,f,ba4a7094026146203d636c7093b2f5af,N,19388
au,2026-09-12 19:00:51.456+00,2026-09-06 22:00:00+00,au.xlsx,1348738,f,ff408fa97cc38f0b5a15da85ad2e9928,N,3906
ch,2026-09-12 19:01:11.022+00,2026-09-03 22:00:00+00,ch.xml,42300406,f,f6ebf0ad4e41c1cdd7cc81ba90560c62,N,8667
nsdn,2026-09-12 19:01:32.105+00,2026-07-26 22:00:00+00,ofac_non_sdn.xml,1062621,f,125353a776d81bf754a5a33a33b240a0,N,481
aq,2026-09-12 19:01:35.717+00,2026-09-11 21:00:03.157+00,onu.xml,2176957,f,2c2dd04404231e19fc1814db786e62c0,N,1011
eu,2026-09-12 19:01:39.575+00,2026-08-04 22:00:00+00,euea.xml,25766640,f,af7d19b3a37004a2c25814264cd46fcd,N,6234
uk,2026-09-12 19:01:58.424+00,2026-09-10 22:00:00+00,uk.xml,21780935,f,0f0fb054de80be6785aaa101bf20b9f7,N,6340
ca,2026-09-12 19:02:11.092+00,2026-09-12 19:02:17.078+00,ca.xml,2886866,f,e4dc3f90a59d382092c14840542c11ec,N,5698
us,2026-09-12 19:02:28.316+00,2026-09-12 19:02:28.32+00,cuba.xml,262316,f,001ed3d313d7178ccd772d51e7454cad,N,706
sdn,2026-09-13 05:00:05.178+00,2026-09-09 22:00:00+00,ofac_sdn.xml,29081903,f,ba4a7094026146203d636c7093b2f5af,N,19388
au,2026-09-13 05:00:59.305+00,2026-09-06 22:00:00+00,au.xlsx,1348738,f,ff408fa97cc38f0b5a15da85ad2e9928,N,3906
ch,2026-09-13 05:01:22.793+00,2026-09-03 22:00:00+00,ch.xml,42300406,f,f6ebf0ad4e41c1cdd7cc81ba90560c62,N,8667
nsdn,2026-09-13 05:02:07.124+00,2026-07-26 22:00:00+00,ofac_non_sdn.xml,1062621,f,125353a776d81bf754a5a33a33b240a0,N,481
aq,2026-09-13 05:02:10.906+00,2026-09-12 21:00:05.988+00,onu.xml,2176957,f,3dab05916533d49b2d5007d1d7795c57,N,1011
eu,2026-09-13 05:02:15.115+00,2026-08-04 22:00:00+00,euea.xml,25766640,f,af7d19b3a37004a2c25814264cd46fcd,N,6234
uk,2026-09-13 05:02:36.407+00,2026-09-10 22:00:00+00,uk.xml,21780935,f,0f0fb054de80be6785aaa101bf20b9f7,N,6340
ca,2026-09-13 05:02:49.776+00,2026-09-13 05:02:55.777+00,ca.xml,2886866,f,e4dc3f90a59d382092c14840542c11ec,N,5698
us,2026-09-13 05:03:07.888+00,2026-09-13 05:03:07.89+00,cuba.xml,262316,f,001ed3d313d7178ccd772d51e7454cad,N,706
sdn,2026-09-13 19:00:06.236+00,2026-09-09 22:00:00+00,ofac_sdn.xml,29081903,f,ba4a7094026146203d636c7093b2f5af,N,19388
au,2026-09-13 19:00:56.51+00,2026-09-06 22:00:00+00,au.xlsx,1348738,f,ff408fa97cc38f0b5a15da85ad2e9928,N,3906
ch,2026-09-13 19:01:16.582+00,2026-09-03 22:00:00+00,ch.xml,42300406,f,f6ebf0ad4e41c1cdd7cc81ba90560c62,N,8667
nsdn,2026-09-13 19:01:36.428+00,2026-07-26 22:00:00+00,ofac_non_sdn.xml,1062621,f,125353a776d81bf754a5a33a33b240a0,N,481
aq,2026-09-13 19:01:39.974+00,2026-09-12 21:00:05.988+00,onu.xml,2176957,f,3dab05916533d49b2d5007d1d7795c57,N,1011
eu,2026-09-13 19:01:44.005+00,2026-08-04 22:00:00+00,euea.xml,25766640,f,af7d19b3a37004a2c25814264cd46fcd,N,6234
uk,2026-09-13 19:02:05.328+00,2026-09-10 22:00:00+00,uk.xml,21780935,f,0f0fb054de80be6785aaa101bf20b9f7,N,6340
ca,2026-09-13 19:02:18.162+00,2026-09-13 19:02:24.143+00,ca.xml,2886866,f,e4dc3f90a59d382092c14840542c11ec,N,5698
us,2026-09-13 19:02:35.514+00,2026-09-13 19:02:35.516+00,cuba.xml,262316,f,001ed3d313d7178ccd772d51e7454cad,N,706
sdn,2026-09-14 05:00:06.872+00,2026-09-09 22:00:00+00,ofac_sdn.xml,29081903,f,ba4a7094026146203d636c7093b2f5af,N,19388
au,2026-09-14 05:01:14.851+00,2026-09-06 22:00:00+00,au.xlsx,1348738,f,ff408fa97cc38f0b5a15da85ad2e9928,N,3906
ch,2026-09-14 05:01:35.065+00,2026-09-03 22:00:00+00,ch.xml,42300406,f,f6ebf0ad4e41c1cdd7cc81ba90560c62,N,8667
nsdn,2026-09-14 05:02:05.604+00,2026-07-26 22:00:00+00,ofac_non_sdn.xml,1062621,f,125353a776d81bf754a5a33a33b240a0,N,481
aq,2026-09-14 05:02:09.305+00,2026-09-12 21:00:05.988+00,onu.xml,2176957,f,3dab05916533d49b2d5007d1d7795c57,N,1011
eu,2026-09-14 05:02:13.689+00,2026-08-04 22:00:00+00,euea.xml,25766640,f,af7d19b3a37004a2c25814264cd46fcd,N,6234
uk,2026-09-14 05:02:34.089+00,2026-09-10 22:00:00+00,uk.xml,21780935,f,0f0fb054de80be6785aaa101bf20b9f7,N,6340
ca,2026-09-14 05:02:46.29+00,2026-09-14 05:02:52.236+00,ca.xml,2886866,f,e4dc3f90a59d382092c14840542c11ec,N,5698
us,2026-09-14 05:03:04.09+00,2026-09-14 05:03:04.092+00,cuba.xml,262316,f,001ed3d313d7178ccd772d51e7454cad,N,706
sdn,2026-09-14 19:00:04.036+00,2026-09-13 22:00:00+00,ofac_sdn.xml,29082239,f,1598372915ce742837eb210a4e07c98c,S,19388
au,2026-09-14 19:00:59.402+00,2026-09-06 22:00:00+00,au.xlsx,1348738,f,ff408fa97cc38f0b5a15da85ad2e9928,N,3906
ch,2026-09-14 19:01:19.836+00,2026-09-03 22:00:00+00,ch.xml,42300406,f,f6ebf0ad4e41c1cdd7cc81ba90560c62,N,8667
nsdn,2026-09-14 19:01:45.603+00,2026-09-13 22:00:00+00,ofac_non_sdn.xml,1062957,f,24e62a296bf8990119519638d78c6e34,S,481
aq,2026-09-14 19:01:49.487+00,2026-09-12 21:00:05.988+00,onu.xml,2176957,f,3dab05916533d49b2d5007d1d7795c57,N,1011
eu,2026-09-14 19:01:53.707+00,2026-08-04 22:00:00+00,euea.xml,25766640,f,af7d19b3a37004a2c25814264cd46fcd,N,6234
uk,2026-09-14 19:02:15.529+00,2026-09-10 22:00:00+00,uk.xml,21780935,f,0f0fb054de80be6785aaa101bf20b9f7,N,6340
ca,2026-09-14 19:02:28.741+00,2026-09-14 19:02:34.768+00,ca.xml,2886866,f,e4dc3f90a59d382092c14840542c11ec,N,5698
us,2026-09-14 19:02:47.258+00,2026-09-14 19:02:47.26+00,cuba.xml,262316,f,001ed3d313d7178ccd772d51e7454cad,N,706
sdn,2026-09-15 05:00:00.6+00,2026-09-13 22:00:00+00,ofac_sdn.xml,29082239,f,1598372915ce742837eb210a4e07c98c,N,19388
au,2026-09-15 05:00:51.539+00,2026-09-06 22:00:00+00,au.xlsx,1348738,f,ff408fa97cc38f0b5a15da85ad2e9928,N,3906
ch,2026-09-15 05:01:11.299+00,2026-09-03 22:00:00+00,ch.xml,42300406,f,f6ebf0ad4e41c1cdd7cc81ba90560c62,N,8667
nsdn,2026-09-15 05:01:44.617+00,2026-09-13 22:00:00+00,ofac_non_sdn.xml,1062957,f,24e62a296bf8990119519638d78c6e34,N,481
aq,2026-09-15 05:01:48.088+00,2026-09-14 21:00:00.818+00,onu.xml,2176957,f,d5e72ddf45b17b05d5d3cd8d100df5f9,N,1011
eu,2026-09-15 05:01:51.968+00,2026-08-04 22:00:00+00,euea.xml,25766640,f,af7d19b3a37004a2c25814264cd46fcd,N,6234
uk,2026-09-15 05:02:13.679+00,2026-09-10 22:00:00+00,uk.xml,21780935,f,0f0fb054de80be6785aaa101bf20b9f7,N,6340
ca,2026-09-15 05:02:26.889+00,2026-09-15 05:02:33.029+00,ca.xml,2886866,f,e4dc3f90a59d382092c14840542c11ec,N,5698
us,2026-09-15 05:02:44.21+00,2026-09-15 05:02:44.213+00,cuba.xml,262316,f,001ed3d313d7178ccd772d51e7454cad,N,706
sdn,2026-09-15 19:00:06.346+00,2026-09-13 22:00:00+00,ofac_sdn.xml,29082239,f,1598372915ce742837eb210a4e07c98c,N,19388
au,2026-09-15 19:00:58.526+00,2026-09-06 22:00:00+00,au.xlsx,1348738,f,ff408fa97cc38f0b5a15da85ad2e9928,N,3906
ch,2026-09-15 19:01:19.633+00,2026-09-03 22:00:00+00,ch.xml,42300406,f,f6ebf0ad4e41c1cdd7cc81ba90560c62,N,8667
nsdn,2026-09-15 19:01:46.311+00,2026-09-13 22:00:00+00,ofac_non_sdn.xml,1062957,f,24e62a296bf8990119519638d78c6e34,N,481
aq,2026-09-15 19:01:49.912+00,2026-09-14 21:00:00.818+00,onu.xml,2176957,f,d5e72ddf45b17b05d5d3cd8d100df5f9,N,1011
eu,2026-09-15 19:01:53.798+00,2026-08-04 22:00:00+00,euea.xml,25766640,f,af7d19b3a37004a2c25814264cd46fcd,N,6234
uk,2026-09-15 19:02:14.399+00,2026-09-10 22:00:00+00,uk.xml,21780935,f,0f0fb054de80be6785aaa101bf20b9f7,N,6340
ca,2026-09-15 19:02:26.774+00,2026-09-15 19:02:33.166+00,ca.xml,2886866,f,e4dc3f90a59d382092c14840542c11ec,N,5698
us,2026-09-15 19:02:44.285+00,2026-09-15 19:02:44.287+00,cuba.xml,262316,f,001ed3d313d7178ccd772d51e7454cad,N,706
sdn,2026-09-16 05:00:06.92+00,2026-09-13 22:00:00+00,ofac_sdn.xml,29082239,f,1598372915ce742837eb210a4e07c98c,N,19388
au,2026-09-16 05:00:56.811+00,2026-09-14 22:00:00+00,au.xlsx,1312374,f,dea9d0a4db2dde3aa837d63e3f363c98,S,3906
ch,2026-09-16 05:01:18.2+00,2026-09-03 22:00:00+00,ch.xml,42300406,f,f6ebf0ad4e41c1cdd7cc81ba90560c62,N,8667
nsdn,2026-09-16 05:02:03.39+00,2026-09-13 22:00:00+00,ofac_non_sdn.xml,1062957,f,24e62a296bf8990119519638d78c6e34,N,481
aq,2026-09-16 05:02:07.348+00,2026-09-15 21:00:05.467+00,onu.xml,2176957,f,28f96085dce87e2c51fb1befab3c172f,N,1011
eu,2026-09-16 05:02:11.599+00,2026-08-04 22:00:00+00,euea.xml,25766640,f,af7d19b3a37004a2c25814264cd46fcd,N,6234
uk,2026-09-16 05:02:32.591+00,2026-09-10 22:00:00+00,uk.xml,21780935,f,0f0fb054de80be6785aaa101bf20b9f7,N,6340
ca,2026-09-16 05:02:45.092+00,2026-09-16 05:02:51.616+00,ca.xml,2886866,f,e4dc3f90a59d382092c14840542c11ec,N,5698
us,2026-09-16 05:03:03.372+00,2026-09-16 05:03:03.375+00,cuba.xml,262316,f,001ed3d313d7178ccd772d51e7454cad,N,706
sdn,2026-09-16 19:00:07.698+00,2026-09-15 22:00:00+00,ofac_sdn.xml,29076910,f,1f08457a57f025685e867c54d253c63a,S,19385
au,2026-09-16 19:01:05.769+00,2026-09-14 22:00:00+00,au.xlsx,1312374,f,dea9d0a4db2dde3aa837d63e3f363c98,N,3906
ch,2026-09-16 19:01:25.563+00,2026-09-03 22:00:00+00,ch.xml,42300406,f,f6ebf0ad4e41c1cdd7cc81ba90560c62,N,8667
nsdn,2026-09-16 19:01:47.59+00,2026-09-13 22:00:00+00,ofac_non_sdn.xml,1062957,f,d13505b7891cb60f078264f35afe840a,S,481
aq,2026-09-16 19:01:52.459+00,2026-09-15 21:00:05.467+00,onu.xml,2176957,f,28f96085dce87e2c51fb1befab3c172f,N,1011
eu,2026-09-16 19:01:56.425+00,2026-08-04 22:00:00+00,euea.xml,25766640,f,af7d19b3a37004a2c25814264cd46fcd,N,6234
uk,2026-09-16 19:02:17.332+00,2026-09-10 22:00:00+00,uk.xml,21780935,f,0f0fb054de80be6785aaa101bf20b9f7,N,6340
ca,2026-09-16 19:02:29.616+00,2026-09-16 19:02:35.983+00,ca.xml,2886866,f,e4dc3f90a59d382092c14840542c11ec,N,5698
us,2026-09-16 19:02:47.282+00,2026-09-16 19:02:47.285+00,cuba.xml,262316,f,001ed3d313d7178ccd772d51e7454cad,N,706
sdn,2026-09-17 05:00:08.342+00,2026-09-15 22:00:00+00,ofac_sdn.xml,29076910,f,1f08457a57f025685e867c54d253c63a,N,19385
au,2026-09-17 05:00:58.96+00,2026-09-14 22:00:00+00,au.xlsx,1312374,f,dea9d0a4db2dde3aa837d63e3f363c98,N,3906
ch,2026-09-17 05:01:18.917+00,2026-09-03 22:00:00+00,ch.xml,42300406,f,f6ebf0ad4e41c1cdd7cc81ba90560c62,N,8667
nsdn,2026-09-17 05:01:39.212+00,2026-09-13 22:00:00+00,ofac_non_sdn.xml,1062957,f,d13505b7891cb60f078264f35afe840a,N,481
aq,2026-09-17 05:01:42.808+00,2026-09-16 21:00:04.404+00,onu.xml,2176957,f,ba369c4912773662ccb3ba55cda0e0b6,N,1011
eu,2026-09-17 05:01:46.617+00,2026-08-04 22:00:00+00,euea.xml,25766640,f,af7d19b3a37004a2c25814264cd46fcd,N,6234
uk,2026-09-17 05:02:06.47+00,2026-09-10 22:00:00+00,uk.xml,21780935,f,0f0fb054de80be6785aaa101bf20b9f7,N,6340
ca,2026-09-17 05:02:19.008+00,2026-09-17 05:02:25.285+00,ca.xml,2886866,f,e4dc3f90a59d382092c14840542c11ec,N,5698
us,2026-09-17 05:02:36.426+00,2026-09-17 05:02:36.428+00,cuba.xml,262316,f,001ed3d313d7178ccd772d51e7454cad,N,706
sdn,2026-09-17 19:00:09.638+00,2026-09-16 22:00:00+00,ofac_sdn.xml,29099992,f,841f3f0dfb27c698378f20465871dc13,S,19399
au,2026-09-17 19:01:09.36+00,2026-09-14 22:00:00+00,au.xlsx,1312374,f,dea9d0a4db2dde3aa837d63e3f363c98,N,3906
ch,2026-09-17 19:01:32.385+00,2026-09-03 22:00:00+00,ch.xml,42300406,f,f6ebf0ad4e41c1cdd7cc81ba90560c62,N,8667
nsdn,2026-09-17 19:01:55.377+00,2026-09-13 22:00:00+00,ofac_non_sdn.xml,1062957,f,1bcaa822a9a3f7e42c5c65934fe22abd,S,481
aq,2026-09-17 19:02:00.452+00,2026-09-16 21:00:04.404+00,onu.xml,2176957,f,ba369c4912773662ccb3ba55cda0e0b6,N,1011
eu,2026-09-17 19:02:04.713+00,2026-08-04 22:00:00+00,euea.xml,25766640,f,af7d19b3a37004a2c25814264cd46fcd,N,6234
uk,2026-09-17 19:02:26.431+00,2026-09-10 22:00:00+00,uk.xml,21780935,f,0f0fb054de80be6785aaa101bf20b9f7,N,6340
ca,2026-09-17 19:02:38.687+00,2026-09-17 19:02:45.315+00,ca.xml,2886866,f,e4dc3f90a59d382092c14840542c11ec,N,5698
us,2026-09-17 19:02:56.77+00,2026-09-17 19:02:56.773+00,cuba.xml,262316,f,001ed3d313d7178ccd772d51e7454cad,N,706
sdn,2026-09-18 05:00:01.074+00,2026-09-16 22:00:00+00,ofac_sdn.xml,29099992,f,841f3f0dfb27c698378f20465871dc13,N,19399
au,2026-09-18 05:00:59.945+00,2026-09-14 22:00:00+00,au.xlsx,1312374,f,dea9d0a4db2dde3aa837d63e3f363c98,N,3906
ch,2026-09-18 05:01:20.513+00,2026-09-03 22:00:00+00,ch.xml,42300406,f,f6ebf0ad4e41c1cdd7cc81ba90560c62,N,8667
nsdn,2026-09-18 05:02:05.076+00,2026-09-13 22:00:00+00,ofac_non_sdn.xml,1062957,f,1bcaa822a9a3f7e42c5c65934fe22abd,N,481
aq,2026-09-18 05:02:08.947+00,2026-09-17 21:00:03.471+00,onu.xml,2176957,f,881d43bf5d9e69c934f44dc4ee09c703,N,1011
eu,2026-09-18 05:02:13.438+00,2026-08-04 22:00:00+00,euea.xml,25766640,f,af7d19b3a37004a2c25814264cd46fcd,N,6234
uk,2026-09-18 05:02:39.432+00,2026-09-10 22:00:00+00,uk.xml,21780935,f,0f0fb054de80be6785aaa101bf20b9f7,N,6340
ca,2026-09-18 05:02:52.989+00,2026-09-18 05:02:59.33+00,ca.xml,2886866,f,e4dc3f90a59d382092c14840542c11ec,N,5698
us,2026-09-18 05:03:12.041+00,2026-09-18 05:03:12.044+00,cuba.xml,262316,f,001ed3d313d7178ccd772d51e7454cad,N,706
sdn,2026-09-18 19:00:06.577+00,2026-09-17 22:00:00+00,ofac_sdn.xml,29093584,f,eded625bc031f08374926a27a78afc8b,S,19393
au,2026-09-18 19:01:09.167+00,2026-09-14 22:00:00+00,au.xlsx,1312374,f,dea9d0a4db2dde3aa837d63e3f363c98,N,3906
ch,2026-09-18 19:01:29.076+00,2026-09-03 22:00:00+00,ch.xml,42300406,f,f6ebf0ad4e41c1cdd7cc81ba90560c62,N,8667
nsdn,2026-09-18 19:01:50.383+00,2026-09-13 22:00:00+00,ofac_non_sdn.xml,1062957,f,cee5787cccbd6dd9518ac8653da8f9aa,S,481
aq,2026-09-18 19:01:54.983+00,2026-09-17 21:00:03.471+00,onu.xml,2176957,f,881d43bf5d9e69c934f44dc4ee09c703,N,1011
eu,2026-09-18 19:01:58.765+00,2026-08-04 22:00:00+00,euea.xml,25766640,f,af7d19b3a37004a2c25814264cd46fcd,N,6234
uk,2026-09-18 19:02:24.899+00,2026-09-10 22:00:00+00,uk.xml,21780935,f,0f0fb054de80be6785aaa101bf20b9f7,N,6340
ca,2026-09-18 19:02:37.313+00,2026-09-18 19:02:43.788+00,ca.xml,2886866,f,e4dc3f90a59d382092c14840542c11ec,N,5698
us,2026-09-18 19:02:55.026+00,2026-09-18 19:02:55.028+00,cuba.xml,262316,f,001ed3d313d7178ccd772d51e7454cad,N,706
sdn,2026-09-19 05:00:09.693+00,2026-09-17 22:00:00+00,ofac_sdn.xml,29093584,f,eded625bc031f08374926a27a78afc8b,N,19393
au,2026-09-19 05:01:03.692+00,2026-09-14 22:00:00+00,au.xlsx,1312374,f,dea9d0a4db2dde3aa837d63e3f363c98,N,3906
ch,2026-09-19 05:01:25.099+00,2026-09-03 22:00:00+00,ch.xml,42300406,f,f6ebf0ad4e41c1cdd7cc81ba90560c62,N,8667
nsdn,2026-09-19 05:01:58.735+00,2026-09-13 22:00:00+00,ofac_non_sdn.xml,1062957,f,cee5787cccbd6dd9518ac8653da8f9aa,N,481
aq,2026-09-19 05:02:02.664+00,2026-09-18 21:00:04.802+00,onu.xml,2176957,f,8fe0e516ea83a2aa6b774ea305d30dca,N,1011
eu,2026-09-19 05:02:07.021+00,2026-08-04 22:00:00+00,euea.xml,25766640,f,af7d19b3a37004a2c25814264cd46fcd,N,6234
uk,2026-09-19 05:02:28.905+00,2026-09-10 22:00:00+00,uk.xml,21780935,f,0f0fb054de80be6785aaa101bf20b9f7,N,6340
ca,2026-09-19 05:02:41.89+00,2026-09-19 05:02:48.153+00,ca.xml,2886866,f,e4dc3f90a59d382092c14840542c11ec,N,5698
us,2026-09-19 05:03:00.961+00,2026-09-19 05:03:00.964+00,cuba.xml,262316,f,001ed3d313d7178ccd772d51e7454cad,N,706
sdn,2026-09-19 19:00:04.668+00,2026-09-17 22:00:00+00,ofac_sdn.xml,29093584,f,eded625bc031f08374926a27a78afc8b,N,19393
au,2026-09-19 19:00:54.287+00,2026-09-14 22:00:00+00,au.xlsx,1312374,f,dea9d0a4db2dde3aa837d63e3f363c98,N,3906
ch,2026-09-19 19:01:15.65+00,2026-09-03 22:00:00+00,ch.xml,42300406,f,f6ebf0ad4e41c1cdd7cc81ba90560c62,N,8667
nsdn,2026-09-19 19:01:38.175+00,2026-09-13 22:00:00+00,ofac_non_sdn.xml,1062957,f,cee5787cccbd6dd9518ac8653da8f9aa,N,481
aq,2026-09-19 19:01:41.735+00,2026-09-18 21:00:04.802+00,onu.xml,2176957,f,8fe0e516ea83a2aa6b774ea305d30dca,N,1011
eu,2026-09-19 19:01:45.66+00,2026-08-04 22:00:00+00,euea.xml,25766640,f,af7d19b3a37004a2c25814264cd46fcd,N,6234
uk,2026-09-19 19:02:06.267+00,2026-09-10 22:00:00+00,uk.xml,21780935,f,0f0fb054de80be6785aaa101bf20b9f7,N,6340
ca,2026-09-19 19:02:19.361+00,2026-09-19 19:02:25.654+00,ca.xml,2886866,f,e4dc3f90a59d382092c14840542c11ec,N,5698
us,2026-09-19 19:02:36.83+00,2026-09-19 19:02:36.833+00,cuba.xml,262316,f,001ed3d313d7178ccd772d51e7454cad,N,706
sdn,2026-09-20 05:00:05.321+00,2026-09-17 22:00:00+00,ofac_sdn.xml,29093584,f,eded625bc031f08374926a27a78afc8b,N,19393
au,2026-09-20 05:00:59.33+00,2026-09-14 22:00:00+00,au.xlsx,1312374,f,dea9d0a4db2dde3aa837d63e3f363c98,N,3906
ch,2026-09-20 05:01:22.436+00,2026-09-03 22:00:00+00,ch.xml,42300406,f,f6ebf0ad4e41c1cdd7cc81ba90560c62,N,8667
nsdn,2026-09-20 05:01:57.596+00,2026-09-13 22:00:00+00,ofac_non_sdn.xml,1062957,f,cee5787cccbd6dd9518ac8653da8f9aa,N,481
aq,2026-09-20 05:02:01.855+00,2026-09-19 21:00:03.787+00,onu.xml,2176957,f,980d7ff4a6b6e350b2e2e28be66c8c31,N,1011
eu,2026-09-20 05:02:07.361+00,2026-08-04 22:00:00+00,euea.xml,25766640,f,af7d19b3a37004a2c25814264cd46fcd,N,6234
uk,2026-09-20 05:02:30.669+00,2026-09-10 22:00:00+00,uk.xml,21780935,f,0f0fb054de80be6785aaa101bf20b9f7,N,6340
ca,2026-09-20 05:02:44.354+00,2026-09-20 05:02:50.836+00,ca.xml,2886866,f,e4dc3f90a59d382092c14840542c11ec,N,5698
us,2026-09-20 05:03:02.042+00,2026-09-20 05:03:02.052+00,cuba.xml,262316,f,001ed3d313d7178ccd772d51e7454cad,N,706
sdn,2026-09-20 19:00:05.44+00,2026-09-17 22:00:00+00,ofac_sdn.xml,29093584,f,eded625bc031f08374926a27a78afc8b,N,19393
au,2026-09-20 19:00:54.538+00,2026-09-14 22:00:00+00,au.xlsx,1312374,f,dea9d0a4db2dde3aa837d63e3f363c98,N,3906
ch,2026-09-20 19:01:15.379+00,2026-09-03 22:00:00+00,ch.xml,42300406,f,f6ebf0ad4e41c1cdd7cc81ba90560c62,N,8667
nsdn,2026-09-20 19:01:36.179+00,2026-09-13 22:00:00+00,ofac_non_sdn.xml,1062957,f,cee5787cccbd6dd9518ac8653da8f9aa,N,481
aq,2026-09-20 19:01:39.713+00,2026-09-19 21:00:03.787+00,onu.xml,2176957,f,980d7ff4a6b6e350b2e2e28be66c8c31,N,1011
eu,2026-09-20 19:01:43.862+00,2026-08-04 22:00:00+00,euea.xml,25766640,f,af7d19b3a37004a2c25814264cd46fcd,N,6234
uk,2026-09-20 19:02:04.399+00,2026-09-10 22:00:00+00,uk.xml,21780935,f,0f0fb054de80be6785aaa101bf20b9f7,N,6340
ca,2026-09-20 19:02:17.38+00,2026-09-20 19:02:23.766+00,ca.xml,2886866,f,e4dc3f90a59d382092c14840542c11ec,N,5698
us,2026-09-20 19:02:35.011+00,2026-09-20 19:02:35.013+00,cuba.xml,262316,f,001ed3d313d7178ccd772d51e7454cad,N,706
sdn,2026-09-21 05:00:00.86+00,2026-09-17 22:00:00+00,ofac_sdn.xml,29093584,f,eded625bc031f08374926a27a78afc8b,N,19393
au,2026-09-21 05:01:07.047+00,2026-09-14 22:00:00+00,au.xlsx,1312374,f,dea9d0a4db2dde3aa837d63e3f363c98,N,3906
ch,2026-09-21 05:01:30.087+00,2026-09-03 22:00:00+00,ch.xml,42300406,f,f6ebf0ad4e41c1cdd7cc81ba90560c62,N,8667
nsdn,2026-09-21 05:02:01.611+00,2026-09-13 22:00:00+00,ofac_non_sdn.xml,1062957,f,cee5787cccbd6dd9518ac8653da8f9aa,N,481
aq,2026-09-21 05:02:05.509+00,2026-09-19 21:00:03.787+00,onu.xml,2176957,f,980d7ff4a6b6e350b2e2e28be66c8c31,N,1011
eu,2026-09-21 05:02:10.111+00,2026-08-04 22:00:00+00,euea.xml,25766640,f,af7d19b3a37004a2c25814264cd46fcd,N,6234
uk,2026-09-21 05:02:34.883+00,2026-09-10 22:00:00+00,uk.xml,21780935,f,0f0fb054de80be6785aaa101bf20b9f7,N,6340
ca,2026-09-21 05:02:48.714+00,2026-09-21 05:02:55.184+00,ca.xml,2886866,f,e4dc3f90a59d382092c14840542c11ec,N,5698
us,2026-09-21 05:03:08.093+00,2026-09-21 05:03:08.095+00,cuba.xml,262316,f,001ed3d313d7178ccd772d51e7454cad,N,706
sdn,2026-09-21 19:00:05.866+00,2026-09-17 22:00:00+00,ofac_sdn.xml,29093584,f,eded625bc031f08374926a27a78afc8b,N,19393
au,2026-09-21 19:00:56.932+00,2026-09-14 22:00:00+00,au.xlsx,1312374,f,dea9d0a4db2dde3aa837d63e3f363c98,N,3906
ch,2026-09-21 19:01:16.594+00,2026-09-03 22:00:00+00,ch.xml,42300406,f,f6ebf0ad4e41c1cdd7cc81ba90560c62,N,8667
nsdn,2026-09-21 19:01:38.506+00,2026-09-13 22:00:00+00,ofac_non_sdn.xml,1062957,f,cee5787cccbd6dd9518ac8653da8f9aa,N,481
aq,2026-09-21 19:01:41.914+00,2026-09-19 21:00:03.787+00,onu.xml,2176957,f,980d7ff4a6b6e350b2e2e28be66c8c31,N,1011
eu,2026-09-21 19:01:46.074+00,2026-08-04 22:00:00+00,euea.xml,25766640,f,af7d19b3a37004a2c25814264cd46fcd,N,6234
uk,2026-09-21 19:02:06.658+00,2026-09-20 22:00:00+00,uk.xml,21777970,f,4921f55896f718507a6843b0c30b9534,N,6339
ca,2026-09-21 19:02:20.074+00,2026-09-21 19:02:26.598+00,ca.xml,2886866,f,e4dc3f90a59d382092c14840542c11ec,N,5698
us,2026-09-21 19:02:38.721+00,2026-09-21 19:02:38.723+00,cuba.xml,262316,f,001ed3d313d7178ccd772d51e7454cad,N,706
